lexemeId,lemma,category,categoryLabel,senses
http://www.wikidata.org/entity/L524346,passar,http://www.wikidata.org/entity/Q24905,verb,15
http://www.wikidata.org/entity/L723618,mau,http://www.wikidata.org/entity/Q34698,adjective,10
http://www.wikidata.org/entity/L995082,-inho,http://www.wikidata.org/entity/Q102047,suffix,9
http://www.wikidata.org/entity/L447787,posição,http://www.wikidata.org/entity/Q1084,noun,9
http://www.wikidata.org/entity/L501788,entre,http://www.wikidata.org/entity/Q380057,adverb,8
http://www.wikidata.org/entity/L561206,nota,http://www.wikidata.org/entity/Q1084,noun,8
http://www.wikidata.org/entity/L447862,quadrante,http://www.wikidata.org/entity/Q1084,noun,8
http://www.wikidata.org/entity/L448198,toque,http://www.wikidata.org/entity/Q1084,noun,8
http://www.wikidata.org/entity/L448448,cota,http://www.wikidata.org/entity/Q1084,noun,8
http://www.wikidata.org/entity/L669681,chamar,http://www.wikidata.org/entity/Q24905,verb,8
http://www.wikidata.org/entity/L618867,para,http://www.wikidata.org/entity/Q4833830,preposition,7
http://www.wikidata.org/entity/L500812,cruzeiro,http://www.wikidata.org/entity/Q1084,noun,7
http://www.wikidata.org/entity/L502636,sobre,http://www.wikidata.org/entity/Q4833830,preposition,7
http://www.wikidata.org/entity/L448060,galeria,http://www.wikidata.org/entity/Q1084,noun,7
http://www.wikidata.org/entity/L669732,tratar,http://www.wikidata.org/entity/Q24905,verb,7
http://www.wikidata.org/entity/L494126,passado,http://www.wikidata.org/entity/Q34698,adjective,6
http://www.wikidata.org/entity/L500617,estação,http://www.wikidata.org/entity/Q1084,noun,6
http://www.wikidata.org/entity/L581049,negro,http://www.wikidata.org/entity/Q34698,adjective,6
http://www.wikidata.org/entity/L500653,classe,http://www.wikidata.org/entity/Q1084,noun,6
http://www.wikidata.org/entity/L730966,quente,http://www.wikidata.org/entity/Q34698,adjective,6
http://www.wikidata.org/entity/L501594,cópia,http://www.wikidata.org/entity/Q1084,noun,6
http://www.wikidata.org/entity/L502866,como,http://www.wikidata.org/entity/Q380057,adverb,6
http://www.wikidata.org/entity/L670253,fulminar,http://www.wikidata.org/entity/Q24905,verb,6
http://www.wikidata.org/entity/L593740,romano,http://www.wikidata.org/entity/Q34698,adjective,6
http://www.wikidata.org/entity/L477289,chefe,http://www.wikidata.org/entity/Q1084,noun,6
http://www.wikidata.org/entity/L618554,pau,http://www.wikidata.org/entity/Q1084,noun,5
http://www.wikidata.org/entity/L448608,conta,http://www.wikidata.org/entity/Q1084,noun,5
http://www.wikidata.org/entity/L448667,grilo,http://www.wikidata.org/entity/Q1084,noun,5
http://www.wikidata.org/entity/L500828,voto,http://www.wikidata.org/entity/Q1084,noun,5
http://www.wikidata.org/entity/L222272,copo,http://www.wikidata.org/entity/Q1084,noun,5
http://www.wikidata.org/entity/L688629,interferência,http://www.wikidata.org/entity/Q1084,noun,5
http://www.wikidata.org/entity/L730517,pluma,http://www.wikidata.org/entity/Q1084,noun,5
http://www.wikidata.org/entity/L524638,sangria,http://www.wikidata.org/entity/Q1084,noun,5
http://www.wikidata.org/entity/L447041,manta,http://www.wikidata.org/entity/Q1084,noun,5
http://www.wikidata.org/entity/L676269,antes,http://www.wikidata.org/entity/Q380057,adverb,5
http://www.wikidata.org/entity/L447782,redução,http://www.wikidata.org/entity/Q1084,noun,5
http://www.wikidata.org/entity/L447992,arco,http://www.wikidata.org/entity/Q1084,noun,5
http://www.wikidata.org/entity/L642845,combinação,http://www.wikidata.org/entity/Q1084,noun,5
http://www.wikidata.org/entity/L448158,lugar,http://www.wikidata.org/entity/Q1084,noun,5
http://www.wikidata.org/entity/L448219,tratamento,http://www.wikidata.org/entity/Q1084,noun,5
http://www.wikidata.org/entity/L448298,exame,http://www.wikidata.org/entity/Q1084,noun,5
http://www.wikidata.org/entity/L448442,confirmação,http://www.wikidata.org/entity/Q1084,noun,5
http://www.wikidata.org/entity/L497190,traslado,http://www.wikidata.org/entity/Q1084,noun,5
http://www.wikidata.org/entity/L669657,ainda,http://www.wikidata.org/entity/Q380057,adverb,5
http://www.wikidata.org/entity/L669898,sagrar,http://www.wikidata.org/entity/Q24905,verb,5
http://www.wikidata.org/entity/L669949,avançar,http://www.wikidata.org/entity/Q24905,verb,5
http://www.wikidata.org/entity/L7569,manga,http://www.wikidata.org/entity/Q1084,noun,4
http://www.wikidata.org/entity/L1119437,cuidar,http://www.wikidata.org/entity/Q24905,verb,4
http://www.wikidata.org/entity/L476966,americano,http://www.wikidata.org/entity/Q34698,adjective,4
http://www.wikidata.org/entity/L477314,em,http://www.wikidata.org/entity/Q4833830,preposition,4
http://www.wikidata.org/entity/L477316,com,http://www.wikidata.org/entity/Q4833830,preposition,4
http://www.wikidata.org/entity/L490717,a,http://www.wikidata.org/entity/Q4833830,preposition,4
http://www.wikidata.org/entity/L448299,género,http://www.wikidata.org/entity/Q1084,noun,4
http://www.wikidata.org/entity/L448173,tempo,http://www.wikidata.org/entity/Q1084,noun,4
http://www.wikidata.org/entity/L448588,recepção,http://www.wikidata.org/entity/Q1084,noun,4
http://www.wikidata.org/entity/L448572,lombada,http://www.wikidata.org/entity/Q1084,noun,4
http://www.wikidata.org/entity/L1133160,poder,http://www.wikidata.org/entity/Q24905,verb,4
http://www.wikidata.org/entity/L500629,altura,http://www.wikidata.org/entity/Q1084,noun,4
http://www.wikidata.org/entity/L500703,constituição,http://www.wikidata.org/entity/Q1084,noun,4
http://www.wikidata.org/entity/L500946,artigo,http://www.wikidata.org/entity/Q1084,noun,4
http://www.wikidata.org/entity/L500999,volume,http://www.wikidata.org/entity/Q1084,noun,4
http://www.wikidata.org/entity/L501588,distribuição,http://www.wikidata.org/entity/Q1084,noun,4
http://www.wikidata.org/entity/L46799,mesa,http://www.wikidata.org/entity/Q1084,noun,4
http://www.wikidata.org/entity/L46800,borboleta,http://www.wikidata.org/entity/Q1084,noun,4
http://www.wikidata.org/entity/L1378462,ouriço,http://www.wikidata.org/entity/Q1084,noun,4
http://www.wikidata.org/entity/L663714,mais,http://www.wikidata.org/entity/Q380057,adverb,4
http://www.wikidata.org/entity/L1460167,mofina,http://www.wikidata.org/entity/Q1084,noun,4
http://www.wikidata.org/entity/L502271,ocasião,http://www.wikidata.org/entity/Q1084,noun,4
http://www.wikidata.org/entity/L502865,carruagem,http://www.wikidata.org/entity/Q1084,noun,4
http://www.wikidata.org/entity/L518878,diário,http://www.wikidata.org/entity/Q1084,noun,4
http://www.wikidata.org/entity/L558200,representação,http://www.wikidata.org/entity/Q1084,noun,4
http://www.wikidata.org/entity/L524622,série,http://www.wikidata.org/entity/Q1084,noun,4
http://www.wikidata.org/entity/L907872,nhaca,http://www.wikidata.org/entity/Q1084,noun,4
http://www.wikidata.org/entity/L983864,aí,http://www.wikidata.org/entity/Q380057,adverb,4
http://www.wikidata.org/entity/L989320,temer,http://www.wikidata.org/entity/Q24905,verb,4
http://www.wikidata.org/entity/L474610,rígido,http://www.wikidata.org/entity/Q34698,adjective,4
http://www.wikidata.org/entity/L474644,sentido,http://www.wikidata.org/entity/Q34698,adjective,4
http://www.wikidata.org/entity/L447179,carregador,http://www.wikidata.org/entity/Q1084,noun,4
http://www.wikidata.org/entity/L447242,abandono,http://www.wikidata.org/entity/Q1084,noun,4
http://www.wikidata.org/entity/L561279,norte-americano,http://www.wikidata.org/entity/Q34698,adjective,4
http://www.wikidata.org/entity/L474786,aflautado,http://www.wikidata.org/entity/Q34698,adjective,4
http://www.wikidata.org/entity/L580451,bordo,http://www.wikidata.org/entity/Q1084,noun,4
http://www.wikidata.org/entity/L618909,rapariga,http://www.wikidata.org/entity/Q1084,noun,4
http://www.wikidata.org/entity/L477169,local,http://www.wikidata.org/entity/Q1084,noun,4
http://www.wikidata.org/entity/L477182,movimento,http://www.wikidata.org/entity/Q1084,noun,4
http://www.wikidata.org/entity/L447956,passo,http://www.wikidata.org/entity/Q1084,noun,4
http://www.wikidata.org/entity/L639953,adaptação,http://www.wikidata.org/entity/Q1084,noun,4
http://www.wikidata.org/entity/L477694,objeção,http://www.wikidata.org/entity/Q1084,noun,4
http://www.wikidata.org/entity/L479590,animado,http://www.wikidata.org/entity/Q34698,adjective,4
http://www.wikidata.org/entity/L448182,bloco,http://www.wikidata.org/entity/Q1084,noun,4
http://www.wikidata.org/entity/L488745,ele,http://www.wikidata.org/entity/Q468801,personal pronoun,4
http://www.wikidata.org/entity/L662639,remoto,http://www.wikidata.org/entity/Q34698,adjective,4
http://www.wikidata.org/entity/L988740,bio-,http://www.wikidata.org/entity/Q134830,prefix,4
http://www.wikidata.org/entity/L669663,camada,http://www.wikidata.org/entity/Q1084,noun,4
http://www.wikidata.org/entity/L669743,congolês,http://www.wikidata.org/entity/Q34698,adjective,4
http://www.wikidata.org/entity/L1017458,até,http://www.wikidata.org/entity/Q4833830,preposition,3
http://www.wikidata.org/entity/L1119579,jegue,http://www.wikidata.org/entity/Q1084,noun,3
http://www.wikidata.org/entity/L46803,andar,http://www.wikidata.org/entity/Q1084,noun,3
http://www.wikidata.org/entity/L46804,ano,http://www.wikidata.org/entity/Q1084,noun,3
http://www.wikidata.org/entity/L500626,energia,http://www.wikidata.org/entity/Q1084,noun,3
http://www.wikidata.org/entity/L619301,rabo,http://www.wikidata.org/entity/Q1084,noun,3
http://www.wikidata.org/entity/L39471,estar,http://www.wikidata.org/entity/Q24905,verb,3
http://www.wikidata.org/entity/L447056,laranja,http://www.wikidata.org/entity/Q1084,noun,3
http://www.wikidata.org/entity/L447060,tecla,http://www.wikidata.org/entity/Q1084,noun,3
http://www.wikidata.org/entity/L447147,urso,http://www.wikidata.org/entity/Q1084,noun,3
http://www.wikidata.org/entity/L447156,pé,http://www.wikidata.org/entity/Q1084,noun,3
http://www.wikidata.org/entity/L448630,manual,http://www.wikidata.org/entity/Q1084,noun,3
http://www.wikidata.org/entity/L448647,cascudo,http://www.wikidata.org/entity/Q1084,noun,3
http://www.wikidata.org/entity/L448491,razão,http://www.wikidata.org/entity/Q1084,noun,3
http://www.wikidata.org/entity/L448492,quadrilha,http://www.wikidata.org/entity/Q1084,noun,3
http://www.wikidata.org/entity/L448524,leito,http://www.wikidata.org/entity/Q1084,noun,3
http://www.wikidata.org/entity/L448528,regime,http://www.wikidata.org/entity/Q1084,noun,3
http://www.wikidata.org/entity/L449040,submarino,http://www.wikidata.org/entity/Q1084,noun,3
http://www.wikidata.org/entity/L449043,sinaleiro,http://www.wikidata.org/entity/Q1084,noun,3
http://www.wikidata.org/entity/L449060,emprego,http://www.wikidata.org/entity/Q1084,noun,3
http://www.wikidata.org/entity/L449076,contexto,http://www.wikidata.org/entity/Q1084,noun,3
http://www.wikidata.org/entity/L449129,autógrafo,http://www.wikidata.org/entity/Q1084,noun,3
http://www.wikidata.org/entity/L449133,cálice,http://www.wikidata.org/entity/Q1084,noun,3
http://www.wikidata.org/entity/L450518,fuso,http://www.wikidata.org/entity/Q1084,noun,3
http://www.wikidata.org/entity/L450521,processo,http://www.wikidata.org/entity/Q1084,noun,3
http://www.wikidata.org/entity/L450529,geração,http://www.wikidata.org/entity/Q1084,noun,3
http://www.wikidata.org/entity/L450556,infâmia,http://www.wikidata.org/entity/Q1084,noun,3
http://www.wikidata.org/entity/L450570,gestação,http://www.wikidata.org/entity/Q1084,noun,3
http://www.wikidata.org/entity/L448432,chave,http://www.wikidata.org/entity/Q1084,noun,3
http://www.wikidata.org/entity/L662289,latino,http://www.wikidata.org/entity/Q34698,adjective,3
http://www.wikidata.org/entity/L664599,moda,http://www.wikidata.org/entity/Q1084,noun,3
http://www.wikidata.org/entity/L669943,jogar,http://www.wikidata.org/entity/Q24905,verb,3
http://www.wikidata.org/entity/L448008,coração,http://www.wikidata.org/entity/Q1084,noun,3
http://www.wikidata.org/entity/L1263448,travesti,http://www.wikidata.org/entity/Q1084,noun,3
http://www.wikidata.org/entity/L500641,fundação,http://www.wikidata.org/entity/Q1084,noun,3
http://www.wikidata.org/entity/L500649,mina,http://www.wikidata.org/entity/Q1084,noun,3
http://www.wikidata.org/entity/L500655,faixa,http://www.wikidata.org/entity/Q1084,noun,3
http://www.wikidata.org/entity/L500674,propriedade,http://www.wikidata.org/entity/Q1084,noun,3
http://www.wikidata.org/entity/L500689,abertura,http://www.wikidata.org/entity/Q1084,noun,3
http://www.wikidata.org/entity/L500699,distância,http://www.wikidata.org/entity/Q1084,noun,3
http://www.wikidata.org/entity/L501158,central,http://www.wikidata.org/entity/Q34698,adjective,3
http://www.wikidata.org/entity/L500865,sítio,http://www.wikidata.org/entity/Q1084,noun,3
http://www.wikidata.org/entity/L500956,cabo,http://www.wikidata.org/entity/Q1084,noun,3
http://www.wikidata.org/entity/L500988,grau,http://www.wikidata.org/entity/Q1084,noun,3
http://www.wikidata.org/entity/L501786,após,http://www.wikidata.org/entity/Q4833830,preposition,3
http://www.wikidata.org/entity/L501787,depois,http://www.wikidata.org/entity/Q380057,adverb,3
http://www.wikidata.org/entity/L501550,parte,http://www.wikidata.org/entity/Q1084,noun,3
http://www.wikidata.org/entity/L501693,cobertura,http://www.wikidata.org/entity/Q1084,noun,3
http://www.wikidata.org/entity/L46838,pele,http://www.wikidata.org/entity/Q1084,noun,3
http://www.wikidata.org/entity/L46820,mangueira,http://www.wikidata.org/entity/Q1084,noun,3
http://www.wikidata.org/entity/L46821,borracha,http://www.wikidata.org/entity/Q1084,noun,3
http://www.wikidata.org/entity/L46823,alpaca,http://www.wikidata.org/entity/Q1084,noun,3
http://www.wikidata.org/entity/L46828,café,http://www.wikidata.org/entity/Q1084,noun,3
http://www.wikidata.org/entity/L1378463,balcão,http://www.wikidata.org/entity/Q1084,noun,3
http://www.wikidata.org/entity/L184915,São Paulo,http://www.wikidata.org/entity/Q147276,proper noun,3
http://www.wikidata.org/entity/L502269,porta,http://www.wikidata.org/entity/Q1084,noun,3
http://www.wikidata.org/entity/L503879,diafragma,http://www.wikidata.org/entity/Q1084,noun,3
http://www.wikidata.org/entity/L518880,execução,http://www.wikidata.org/entity/Q1084,noun,3
http://www.wikidata.org/entity/L670230,motivar,http://www.wikidata.org/entity/Q24905,verb,3
http://www.wikidata.org/entity/L670604,ocidental,http://www.wikidata.org/entity/Q34698,adjective,3
http://www.wikidata.org/entity/L671130,Europa,http://www.wikidata.org/entity/Q147276,proper noun,3
http://www.wikidata.org/entity/L745228,inspiração,http://www.wikidata.org/entity/Q1084,noun,3
http://www.wikidata.org/entity/L677974,atómico,http://www.wikidata.org/entity/Q34698,adjective,3
http://www.wikidata.org/entity/L688631,carteira,http://www.wikidata.org/entity/Q1084,noun,3
http://www.wikidata.org/entity/L688637,ritmo,http://www.wikidata.org/entity/Q1084,noun,3
http://www.wikidata.org/entity/L726450,bolacha,http://www.wikidata.org/entity/Q1084,noun,3
http://www.wikidata.org/entity/L46851,massa,http://www.wikidata.org/entity/Q1084,noun,3
http://www.wikidata.org/entity/L472005,acovardar,http://www.wikidata.org/entity/Q24905,verb,3
http://www.wikidata.org/entity/L524070,mas,http://www.wikidata.org/entity/Q36484,conjunction,3
http://www.wikidata.org/entity/L524626,celestial,http://www.wikidata.org/entity/Q34698,adjective,3
http://www.wikidata.org/entity/L525329,bomba,http://www.wikidata.org/entity/Q1084,noun,3
http://www.wikidata.org/entity/L558192,regra,http://www.wikidata.org/entity/Q1084,noun,3
http://www.wikidata.org/entity/L307347,estrela,http://www.wikidata.org/entity/Q1084,noun,3
http://www.wikidata.org/entity/L43388,ela,http://www.wikidata.org/entity/Q468801,personal pronoun,3
http://www.wikidata.org/entity/L473322,abstrato,http://www.wikidata.org/entity/Q34698,adjective,3
http://www.wikidata.org/entity/L671833,imaculado,http://www.wikidata.org/entity/Q34698,adjective,3
http://www.wikidata.org/entity/L672244,polar,http://www.wikidata.org/entity/Q34698,adjective,3
http://www.wikidata.org/entity/L674370,então,http://www.wikidata.org/entity/Q83034,interjection,3
http://www.wikidata.org/entity/L676262,além,http://www.wikidata.org/entity/Q380057,adverb,3
http://www.wikidata.org/entity/L676264,desde,http://www.wikidata.org/entity/Q4833830,preposition,3
http://www.wikidata.org/entity/L677451,declaração,http://www.wikidata.org/entity/Q1084,noun,3
http://www.wikidata.org/entity/L8749,fevereiro,http://www.wikidata.org/entity/Q1084,noun,3
http://www.wikidata.org/entity/L900413,"oh, gente",http://www.wikidata.org/entity/Q83034,interjection,3
http://www.wikidata.org/entity/L900666,oxente,http://www.wikidata.org/entity/Q83034,interjection,3
http://www.wikidata.org/entity/L900886,oxe,http://www.wikidata.org/entity/Q83034,interjection,3
http://www.wikidata.org/entity/L989904,-ista,http://www.wikidata.org/entity/Q102047,suffix,3
http://www.wikidata.org/entity/L474656,venoso,http://www.wikidata.org/entity/Q34698,adjective,3
http://www.wikidata.org/entity/L474694,afundado,http://www.wikidata.org/entity/Q34698,adjective,3
http://www.wikidata.org/entity/L474696,atrapalhado,http://www.wikidata.org/entity/Q34698,adjective,3
http://www.wikidata.org/entity/L447212,canto,http://www.wikidata.org/entity/Q1084,noun,3
http://www.wikidata.org/entity/L447214,banco,http://www.wikidata.org/entity/Q1084,noun,3
http://www.wikidata.org/entity/L447231,núcleo,http://www.wikidata.org/entity/Q1084,noun,3
http://www.wikidata.org/entity/L447243,abate,http://www.wikidata.org/entity/Q1084,noun,3
http://www.wikidata.org/entity/L579670,tradução,http://www.wikidata.org/entity/Q1084,noun,3
http://www.wikidata.org/entity/L558205,carga,http://www.wikidata.org/entity/Q1084,noun,3
http://www.wikidata.org/entity/L558246,trabalhar,http://www.wikidata.org/entity/Q24905,verb,3
http://www.wikidata.org/entity/L561200,declarar,http://www.wikidata.org/entity/Q24905,verb,3
http://www.wikidata.org/entity/L562223,gás,http://www.wikidata.org/entity/Q1084,noun,3
http://www.wikidata.org/entity/L562426,masculino,http://www.wikidata.org/entity/Q34698,adjective,3
http://www.wikidata.org/entity/L579628,receita,http://www.wikidata.org/entity/Q1084,noun,3
http://www.wikidata.org/entity/L476939,alinhado,http://www.wikidata.org/entity/Q34698,adjective,3
http://www.wikidata.org/entity/L476965,ameno,http://www.wikidata.org/entity/Q34698,adjective,3
http://www.wikidata.org/entity/L447399,pilha,http://www.wikidata.org/entity/Q1084,noun,3
http://www.wikidata.org/entity/L473325,absurdo,http://www.wikidata.org/entity/Q34698,adjective,3
http://www.wikidata.org/entity/L447765,mortalha,http://www.wikidata.org/entity/Q1084,noun,3
http://www.wikidata.org/entity/L1490453,quem,http://www.wikidata.org/entity/Q36224,pronoun,3
http://www.wikidata.org/entity/L447861,salão,http://www.wikidata.org/entity/Q1084,noun,3
http://www.wikidata.org/entity/L447868,alarme,http://www.wikidata.org/entity/Q1084,noun,3
http://www.wikidata.org/entity/L477648,reforma,http://www.wikidata.org/entity/Q1084,noun,3
http://www.wikidata.org/entity/L477175,centro,http://www.wikidata.org/entity/Q1084,noun,3
http://www.wikidata.org/entity/L477187,corpo,http://www.wikidata.org/entity/Q1084,noun,3
http://www.wikidata.org/entity/L477197,momento,http://www.wikidata.org/entity/Q1084,noun,3
http://www.wikidata.org/entity/L477202,disco,http://www.wikidata.org/entity/Q1084,noun,3
http://www.wikidata.org/entity/L477210,rádio,http://www.wikidata.org/entity/Q1084,noun,3
http://www.wikidata.org/entity/L477271,mercado,http://www.wikidata.org/entity/Q1084,noun,3
http://www.wikidata.org/entity/L477277,solo,http://www.wikidata.org/entity/Q1084,noun,3
http://www.wikidata.org/entity/L477292,produto,http://www.wikidata.org/entity/Q1084,noun,3
http://www.wikidata.org/entity/L477306,temporada,http://www.wikidata.org/entity/Q1084,noun,3
http://www.wikidata.org/entity/L1547701,fronte,http://www.wikidata.org/entity/Q1084,noun,3
http://www.wikidata.org/entity/L447967,nativo,http://www.wikidata.org/entity/Q1084,noun,3
http://www.wikidata.org/entity/L447983,avanço,http://www.wikidata.org/entity/Q1084,noun,3
http://www.wikidata.org/entity/L448005,corno,http://www.wikidata.org/entity/Q1084,noun,3
http://www.wikidata.org/entity/L448042,presidente,http://www.wikidata.org/entity/Q1084,noun,3
http://www.wikidata.org/entity/L632767,renda,http://www.wikidata.org/entity/Q1084,noun,3
http://www.wikidata.org/entity/L639950,japonês,http://www.wikidata.org/entity/Q34698,adjective,3
http://www.wikidata.org/entity/L477680,trama,http://www.wikidata.org/entity/Q1084,noun,3
http://www.wikidata.org/entity/L479576,analógico,http://www.wikidata.org/entity/Q34698,adjective,3
http://www.wikidata.org/entity/L448087,pirâmide,http://www.wikidata.org/entity/Q1084,noun,3
http://www.wikidata.org/entity/L448113,postagem,http://www.wikidata.org/entity/Q1084,noun,3
http://www.wikidata.org/entity/L448131,droga,http://www.wikidata.org/entity/Q1084,noun,3
http://www.wikidata.org/entity/L448141,punição,http://www.wikidata.org/entity/Q1084,noun,3
http://www.wikidata.org/entity/L448149,miúdo,http://www.wikidata.org/entity/Q1084,noun,3
http://www.wikidata.org/entity/L448150,corte,http://www.wikidata.org/entity/Q1084,noun,3
http://www.wikidata.org/entity/L448152,reino,http://www.wikidata.org/entity/Q1084,noun,3
http://www.wikidata.org/entity/L647766,moderno,http://www.wikidata.org/entity/Q34698,adjective,3
http://www.wikidata.org/entity/L651121,ir para o beleléu,http://www.wikidata.org/entity/Q1778442,verb phrase,3
http://www.wikidata.org/entity/L448162,flagelo,http://www.wikidata.org/entity/Q1084,noun,3
http://www.wikidata.org/entity/L448214,plano,http://www.wikidata.org/entity/Q1084,noun,3
http://www.wikidata.org/entity/L448217,órgão,http://www.wikidata.org/entity/Q1084,noun,3
http://www.wikidata.org/entity/L448236,lançamento,http://www.wikidata.org/entity/Q1084,noun,3
http://www.wikidata.org/entity/L448275,açougue,http://www.wikidata.org/entity/Q1084,noun,3
http://www.wikidata.org/entity/L486661,tomar,http://www.wikidata.org/entity/Q24905,verb,3
http://www.wikidata.org/entity/L490719,ou,http://www.wikidata.org/entity/Q36484,conjunction,3
http://www.wikidata.org/entity/L493233,refúgio,http://www.wikidata.org/entity/Q1084,noun,3
http://www.wikidata.org/entity/L662280,soviético,http://www.wikidata.org/entity/Q34698,adjective,3
http://www.wikidata.org/entity/L448303,prova,http://www.wikidata.org/entity/Q1084,noun,3
http://www.wikidata.org/entity/L448305,solução,http://www.wikidata.org/entity/Q1084,noun,3
http://www.wikidata.org/entity/L448420,lima,http://www.wikidata.org/entity/Q1084,noun,3
http://www.wikidata.org/entity/L448431,cláusula,http://www.wikidata.org/entity/Q1084,noun,3
http://www.wikidata.org/entity/L448449,cratera,http://www.wikidata.org/entity/Q1084,noun,3
http://www.wikidata.org/entity/L448462,ordem,http://www.wikidata.org/entity/Q1084,noun,3
http://www.wikidata.org/entity/L448464,pista,http://www.wikidata.org/entity/Q1084,noun,3
http://www.wikidata.org/entity/L493250,azedume,http://www.wikidata.org/entity/Q1084,noun,3
http://www.wikidata.org/entity/L497171,eixo,http://www.wikidata.org/entity/Q1084,noun,3
http://www.wikidata.org/entity/L497172,fundo,http://www.wikidata.org/entity/Q1084,noun,3
http://www.wikidata.org/entity/L497184,tom,http://www.wikidata.org/entity/Q1084,noun,3
http://www.wikidata.org/entity/L497192,tribunal,http://www.wikidata.org/entity/Q1084,noun,3
http://www.wikidata.org/entity/L499941,ação,http://www.wikidata.org/entity/Q1084,noun,3
http://www.wikidata.org/entity/L500616,companhia,http://www.wikidata.org/entity/Q1084,noun,3
http://www.wikidata.org/entity/L664588,foco,http://www.wikidata.org/entity/Q1084,noun,3
http://www.wikidata.org/entity/L669666,oxigenação,http://www.wikidata.org/entity/Q1084,noun,3
http://www.wikidata.org/entity/L669696,cavar,http://www.wikidata.org/entity/Q24905,verb,3
http://www.wikidata.org/entity/L669699,censurar,http://www.wikidata.org/entity/Q24905,verb,3
http://www.wikidata.org/entity/L669890,duplicar,http://www.wikidata.org/entity/Q24905,verb,3
http://www.wikidata.org/entity/L669928,oxidar,http://www.wikidata.org/entity/Q24905,verb,3
http://www.wikidata.org/entity/L670184,unir,http://www.wikidata.org/entity/Q24905,verb,3
http://www.wikidata.org/entity/L1119803,orientação sexual,http://www.wikidata.org/entity/Q1401131,noun phrase,2
http://www.wikidata.org/entity/L1119804,caverna,http://www.wikidata.org/entity/Q1084,noun,2
http://www.wikidata.org/entity/L1119807,almoço,http://www.wikidata.org/entity/Q1084,noun,2
http://www.wikidata.org/entity/L1119816,ideologia,http://www.wikidata.org/entity/Q1084,noun,2
http://www.wikidata.org/entity/L1119840,lua de mel,http://www.wikidata.org/entity/Q1401131,noun phrase,2
http://www.wikidata.org/entity/L1120478,pé de atleta,http://www.wikidata.org/entity/Q1401131,noun phrase,2
http://www.wikidata.org/entity/L1120481,pé de chinelo,http://www.wikidata.org/entity/Q1401131,noun phrase,2
http://www.wikidata.org/entity/L1120484,pé de moleque,http://www.wikidata.org/entity/Q1401131,noun phrase,2
http://www.wikidata.org/entity/L1120490,pé de poeira,http://www.wikidata.org/entity/Q1401131,noun phrase,2
http://www.wikidata.org/entity/L1120493,pegar fogo,http://www.wikidata.org/entity/Q1778442,verb phrase,2
http://www.wikidata.org/entity/L1120496,pegar no pé,http://www.wikidata.org/entity/Q1778442,verb phrase,2
http://www.wikidata.org/entity/L1119010,ogiva,http://www.wikidata.org/entity/Q1084,noun,2
http://www.wikidata.org/entity/L1011320,passar batido,http://www.wikidata.org/entity/Q1778442,verb phrase,2
http://www.wikidata.org/entity/L639960,samba,http://www.wikidata.org/entity/Q1084,noun,2
http://www.wikidata.org/entity/L476131,do,http://www.wikidata.org/entity/Q126473,contraction,2
http://www.wikidata.org/entity/L500873,você,http://www.wikidata.org/entity/Q468801,personal pronoun,2
http://www.wikidata.org/entity/L620484,advogado,http://www.wikidata.org/entity/Q1084,noun,2
http://www.wikidata.org/entity/L642148,diabo,http://www.wikidata.org/entity/Q1084,noun,2
http://www.wikidata.org/entity/L1116946,melhor,http://www.wikidata.org/entity/Q34698,adjective,2
http://www.wikidata.org/entity/L1118997,ano bissexto,http://www.wikidata.org/entity/Q1401131,noun phrase,2
http://www.wikidata.org/entity/L1118999,areia movediça,http://www.wikidata.org/entity/Q1401131,noun phrase,2
http://www.wikidata.org/entity/L1119007,fusão nuclear,http://www.wikidata.org/entity/Q1401131,noun phrase,2
http://www.wikidata.org/entity/L1119008,fusão,http://www.wikidata.org/entity/Q1084,noun,2
http://www.wikidata.org/entity/L1119030,moinho,http://www.wikidata.org/entity/Q1084,noun,2
http://www.wikidata.org/entity/L1119038,mentira,http://www.wikidata.org/entity/Q1084,noun,2
http://www.wikidata.org/entity/L1119140,nome próprio,http://www.wikidata.org/entity/Q1401131,noun phrase,2
http://www.wikidata.org/entity/L1119432,dar nome aos bois,http://www.wikidata.org/entity/Q1778442,verb phrase,2
http://www.wikidata.org/entity/L1119434,boi,http://www.wikidata.org/entity/Q1084,noun,2
http://www.wikidata.org/entity/L1119446,sair do armário,http://www.wikidata.org/entity/Q1778442,verb phrase,2
http://www.wikidata.org/entity/L1119447,sair do papel,http://www.wikidata.org/entity/Q1778442,verb phrase,2
http://www.wikidata.org/entity/L1119449,sair pela culatra,http://www.wikidata.org/entity/Q1778442,verb phrase,2
http://www.wikidata.org/entity/L1119594,lavar a jega,http://www.wikidata.org/entity/Q1778442,verb phrase,2
http://www.wikidata.org/entity/L1119596,lavar a égua,http://www.wikidata.org/entity/Q1778442,verb phrase,2
http://www.wikidata.org/entity/L1119603,pegar o beco,http://www.wikidata.org/entity/Q1778442,verb phrase,2
http://www.wikidata.org/entity/L1119606,riba,http://www.wikidata.org/entity/Q1084,noun,2
http://www.wikidata.org/entity/L1119737,ao ar livre,http://www.wikidata.org/entity/Q3734650,adverbial phrase,2
http://www.wikidata.org/entity/L1119760,neve,http://www.wikidata.org/entity/Q1084,noun,2
http://www.wikidata.org/entity/L1119769,educação especial,http://www.wikidata.org/entity/Q1401131,noun phrase,2
http://www.wikidata.org/entity/L1119771,educação física,http://www.wikidata.org/entity/Q1401131,noun phrase,2
http://www.wikidata.org/entity/L1119772,educação sexual,http://www.wikidata.org/entity/Q1401131,noun phrase,2
http://www.wikidata.org/entity/L448607,lua,http://www.wikidata.org/entity/Q1084,noun,2
http://www.wikidata.org/entity/L448717,ar,http://www.wikidata.org/entity/Q1084,noun,2
http://www.wikidata.org/entity/L449046,olho,http://www.wikidata.org/entity/Q1084,noun,2
http://www.wikidata.org/entity/L449078,contacto,http://www.wikidata.org/entity/Q1084,noun,2
http://www.wikidata.org/entity/L449090,botão,http://www.wikidata.org/entity/Q1084,noun,2
http://www.wikidata.org/entity/L449760,azedo,http://www.wikidata.org/entity/Q34698,adjective,2
http://www.wikidata.org/entity/L46819,bronze,http://www.wikidata.org/entity/Q1084,noun,2
http://www.wikidata.org/entity/L474704,novo,http://www.wikidata.org/entity/Q34698,adjective,2
http://www.wikidata.org/entity/L474791,africano,http://www.wikidata.org/entity/Q34698,adjective,2
http://www.wikidata.org/entity/L477159,estado,http://www.wikidata.org/entity/Q1084,noun,2
http://www.wikidata.org/entity/L477305,terra,http://www.wikidata.org/entity/Q1084,noun,2
http://www.wikidata.org/entity/L477641,idade,http://www.wikidata.org/entity/Q1084,noun,2
http://www.wikidata.org/entity/L499980,touca,http://www.wikidata.org/entity/Q1084,noun,2
http://www.wikidata.org/entity/L500615,língua,http://www.wikidata.org/entity/Q1084,noun,2
http://www.wikidata.org/entity/L500951,fogo,http://www.wikidata.org/entity/Q1084,noun,2
http://www.wikidata.org/entity/L501555,liberdade,http://www.wikidata.org/entity/Q1084,noun,2
http://www.wikidata.org/entity/L501567,mão,http://www.wikidata.org/entity/Q1084,noun,2
http://www.wikidata.org/entity/L562420,velho,http://www.wikidata.org/entity/Q34698,adjective,2
http://www.wikidata.org/entity/L448202,coco,http://www.wikidata.org/entity/Q1084,noun,2
http://www.wikidata.org/entity/L448486,moço,http://www.wikidata.org/entity/Q1084,noun,2
http://www.wikidata.org/entity/L448506,céu,http://www.wikidata.org/entity/Q1084,noun,2
http://www.wikidata.org/entity/L1121685,latino-americano,http://www.wikidata.org/entity/Q357760,adjectival locution,2
http://www.wikidata.org/entity/L1121706,soja,http://www.wikidata.org/entity/Q1084,noun,2
http://www.wikidata.org/entity/L1121711,lente,http://www.wikidata.org/entity/Q1084,noun,2
http://www.wikidata.org/entity/L1121716,gongo,http://www.wikidata.org/entity/Q1084,noun,2
http://www.wikidata.org/entity/L222286,rato,http://www.wikidata.org/entity/Q1084,noun,2
http://www.wikidata.org/entity/L39180,fazer,http://www.wikidata.org/entity/Q24905,verb,2
http://www.wikidata.org/entity/L39470,ser,http://www.wikidata.org/entity/Q24905,verb,2
http://www.wikidata.org/entity/L447040,vida,http://www.wikidata.org/entity/Q1084,noun,2
http://www.wikidata.org/entity/L447240,abraço,http://www.wikidata.org/entity/Q1084,noun,2
http://www.wikidata.org/entity/L447769,brincadeira,http://www.wikidata.org/entity/Q1084,noun,2
http://www.wikidata.org/entity/L447903,ovo,http://www.wikidata.org/entity/Q1084,noun,2
http://www.wikidata.org/entity/L447976,pulso,http://www.wikidata.org/entity/Q1084,noun,2
http://www.wikidata.org/entity/L448056,raiz,http://www.wikidata.org/entity/Q1084,noun,2
http://www.wikidata.org/entity/L448706,receptor,http://www.wikidata.org/entity/Q1084,noun,2
http://www.wikidata.org/entity/L448595,primavera,http://www.wikidata.org/entity/Q1084,noun,2
http://www.wikidata.org/entity/L448598,depressão,http://www.wikidata.org/entity/Q1084,noun,2
http://www.wikidata.org/entity/L448609,cinta,http://www.wikidata.org/entity/Q1084,noun,2
http://www.wikidata.org/entity/L448633,valor,http://www.wikidata.org/entity/Q1084,noun,2
http://www.wikidata.org/entity/L448635,castiçal,http://www.wikidata.org/entity/Q1084,noun,2
http://www.wikidata.org/entity/L448657,lagarto,http://www.wikidata.org/entity/Q1084,noun,2
http://www.wikidata.org/entity/L448668,grupo,http://www.wikidata.org/entity/Q1084,noun,2
http://www.wikidata.org/entity/L448675,abricó,http://www.wikidata.org/entity/Q1084,noun,2
http://www.wikidata.org/entity/L448676,quiuí,http://www.wikidata.org/entity/Q1084,noun,2
http://www.wikidata.org/entity/L448680,pandeiro,http://www.wikidata.org/entity/Q1084,noun,2
http://www.wikidata.org/entity/L448683,metro,http://www.wikidata.org/entity/Q1084,noun,2
http://www.wikidata.org/entity/L448685,teleférico,http://www.wikidata.org/entity/Q1084,noun,2
http://www.wikidata.org/entity/L448702,rebuliço,http://www.wikidata.org/entity/Q1084,noun,2
http://www.wikidata.org/entity/L448586,construção,http://www.wikidata.org/entity/Q1084,noun,2
http://www.wikidata.org/entity/L448473,rede,http://www.wikidata.org/entity/Q1084,noun,2
http://www.wikidata.org/entity/L448476,rolha,http://www.wikidata.org/entity/Q1084,noun,2
http://www.wikidata.org/entity/L448479,ruga,http://www.wikidata.org/entity/Q1084,noun,2
http://www.wikidata.org/entity/L448482,divisão,http://www.wikidata.org/entity/Q1084,noun,2
http://www.wikidata.org/entity/L448487,gralha,http://www.wikidata.org/entity/Q1084,noun,2
http://www.wikidata.org/entity/L448509,elemento,http://www.wikidata.org/entity/Q1084,noun,2
http://www.wikidata.org/entity/L448521,estegossauro,http://www.wikidata.org/entity/Q1084,noun,2
http://www.wikidata.org/entity/L448526,teatro,http://www.wikidata.org/entity/Q1084,noun,2
http://www.wikidata.org/entity/L448527,rastro,http://www.wikidata.org/entity/Q1084,noun,2
http://www.wikidata.org/entity/L448576,interpretação,http://www.wikidata.org/entity/Q1084,noun,2
http://www.wikidata.org/entity/L448710,falo,http://www.wikidata.org/entity/Q1084,noun,2
http://www.wikidata.org/entity/L448713,animador,http://www.wikidata.org/entity/Q1084,noun,2
http://www.wikidata.org/entity/L448794,desperdício,http://www.wikidata.org/entity/Q1084,noun,2
http://www.wikidata.org/entity/L449038,código,http://www.wikidata.org/entity/Q1084,noun,2
http://www.wikidata.org/entity/L449041,ato,http://www.wikidata.org/entity/Q1084,noun,2
http://www.wikidata.org/entity/L449053,gerente,http://www.wikidata.org/entity/Q1084,noun,2
http://www.wikidata.org/entity/L449061,trabalho,http://www.wikidata.org/entity/Q1084,noun,2
http://www.wikidata.org/entity/L449063,ponto,http://www.wikidata.org/entity/Q1084,noun,2
http://www.wikidata.org/entity/L449069,arranjo,http://www.wikidata.org/entity/Q1084,noun,2
http://www.wikidata.org/entity/L449074,imóvel,http://www.wikidata.org/entity/Q1084,noun,2
http://www.wikidata.org/entity/L449089,terror,http://www.wikidata.org/entity/Q1084,noun,2
http://www.wikidata.org/entity/L449093,esmalte,http://www.wikidata.org/entity/Q1084,noun,2
http://www.wikidata.org/entity/L449114,quarteirão,http://www.wikidata.org/entity/Q1084,noun,2
http://www.wikidata.org/entity/L449117,quiabo,http://www.wikidata.org/entity/Q1084,noun,2
http://www.wikidata.org/entity/L449127,sócio,http://www.wikidata.org/entity/Q1084,noun,2
http://www.wikidata.org/entity/L449128,pingo,http://www.wikidata.org/entity/Q1084,noun,2
http://www.wikidata.org/entity/L46835,tecido,http://www.wikidata.org/entity/Q1084,noun,2
http://www.wikidata.org/entity/L46846,pássaro,http://www.wikidata.org/entity/Q1084,noun,2
http://www.wikidata.org/entity/L484133,português,http://www.wikidata.org/entity/Q34698,adjective,2
http://www.wikidata.org/entity/L584513,corte,http://www.wikidata.org/entity/Q1084,noun,2
http://www.wikidata.org/entity/L661570,argentino,http://www.wikidata.org/entity/Q34698,adjective,2
http://www.wikidata.org/entity/L991458,merda,http://www.wikidata.org/entity/Q83034,interjection,2
http://www.wikidata.org/entity/L450495,xarope,http://www.wikidata.org/entity/Q1084,noun,2
http://www.wikidata.org/entity/L450517,furo,http://www.wikidata.org/entity/Q1084,noun,2
http://www.wikidata.org/entity/L450519,giro,http://www.wikidata.org/entity/Q1084,noun,2
http://www.wikidata.org/entity/L450536,ótica,http://www.wikidata.org/entity/Q1084,noun,2
http://www.wikidata.org/entity/L450550,lebre,http://www.wikidata.org/entity/Q1084,noun,2
http://www.wikidata.org/entity/L450561,hipérbole,http://www.wikidata.org/entity/Q1084,noun,2
http://www.wikidata.org/entity/L450565,graxa,http://www.wikidata.org/entity/Q1084,noun,2
http://www.wikidata.org/entity/L450567,gôndola,http://www.wikidata.org/entity/Q1084,noun,2
http://www.wikidata.org/entity/L662293,espacial,http://www.wikidata.org/entity/Q34698,adjective,2
http://www.wikidata.org/entity/L662635,horário,http://www.wikidata.org/entity/Q34698,adjective,2
http://www.wikidata.org/entity/L664576,identidade,http://www.wikidata.org/entity/Q1084,noun,2
http://www.wikidata.org/entity/L664581,preço,http://www.wikidata.org/entity/Q1084,noun,2
http://www.wikidata.org/entity/L680182,China,http://www.wikidata.org/entity/Q147276,proper noun,2
http://www.wikidata.org/entity/L8220,água,http://www.wikidata.org/entity/Q1084,noun,2
http://www.wikidata.org/entity/L1129271,fazer das tripas coração,http://www.wikidata.org/entity/Q1778442,verb phrase,2
http://www.wikidata.org/entity/L477178,poder,http://www.wikidata.org/entity/Q1084,noun,2
http://www.wikidata.org/entity/L1145034,ananás,http://www.wikidata.org/entity/Q1084,noun,2
http://www.wikidata.org/entity/L1152975,monção,http://www.wikidata.org/entity/Q1084,noun,2
http://www.wikidata.org/entity/L11565,cachorro,http://www.wikidata.org/entity/Q1084,noun,2
http://www.wikidata.org/entity/L1263438,travesti,http://www.wikidata.org/entity/Q1084,noun,2
http://www.wikidata.org/entity/L500831,sexo,http://www.wikidata.org/entity/Q1084,noun,2
http://www.wikidata.org/entity/L500628,atividade,http://www.wikidata.org/entity/Q1084,noun,2
http://www.wikidata.org/entity/L500632,associação,http://www.wikidata.org/entity/Q1084,noun,2
http://www.wikidata.org/entity/L500636,categoria,http://www.wikidata.org/entity/Q1084,noun,2
http://www.wikidata.org/entity/L500640,defesa,http://www.wikidata.org/entity/Q1084,noun,2
http://www.wikidata.org/entity/L500646,decisão,http://www.wikidata.org/entity/Q1084,noun,2
http://www.wikidata.org/entity/L500647,polícia,http://www.wikidata.org/entity/Q1084,noun,2
http://www.wikidata.org/entity/L500648,economia,http://www.wikidata.org/entity/Q1084,noun,2
http://www.wikidata.org/entity/L500650,administração,http://www.wikidata.org/entity/Q1084,noun,2
http://www.wikidata.org/entity/L500658,entrada,http://www.wikidata.org/entity/Q1084,noun,2
http://www.wikidata.org/entity/L500659,relação,http://www.wikidata.org/entity/Q1084,noun,2
http://www.wikidata.org/entity/L500660,cruz,http://www.wikidata.org/entity/Q1084,noun,2
http://www.wikidata.org/entity/L500661,missão,http://www.wikidata.org/entity/Q1084,noun,2
http://www.wikidata.org/entity/L500663,justiça,http://www.wikidata.org/entity/Q1084,noun,2
http://www.wikidata.org/entity/L500669,unidade,http://www.wikidata.org/entity/Q1084,noun,2
http://www.wikidata.org/entity/L500675,homenagem,http://www.wikidata.org/entity/Q1084,noun,2
http://www.wikidata.org/entity/L500676,caracterização,http://www.wikidata.org/entity/Q1084,noun,2
http://www.wikidata.org/entity/L500687,quantidade,http://www.wikidata.org/entity/Q1084,noun,2
http://www.wikidata.org/entity/L500693,viagem,http://www.wikidata.org/entity/Q1084,noun,2
http://www.wikidata.org/entity/L500701,prata,http://www.wikidata.org/entity/Q1084,noun,2
http://www.wikidata.org/entity/L500705,superfície,http://www.wikidata.org/entity/Q1084,noun,2
http://www.wikidata.org/entity/L500826,oeste,http://www.wikidata.org/entity/Q1084,noun,2
http://www.wikidata.org/entity/L500842,soldado,http://www.wikidata.org/entity/Q1084,noun,2
http://www.wikidata.org/entity/L500843,padrão,http://www.wikidata.org/entity/Q1084,noun,2
http://www.wikidata.org/entity/L500844,prefeito,http://www.wikidata.org/entity/Q1084,noun,2
http://www.wikidata.org/entity/L500849,efeito,http://www.wikidata.org/entity/Q1084,noun,2
http://www.wikidata.org/entity/L500858,romance,http://www.wikidata.org/entity/Q1084,noun,2
http://www.wikidata.org/entity/L500859,dólar,http://www.wikidata.org/entity/Q1084,noun,2
http://www.wikidata.org/entity/L500861,motivo,http://www.wikidata.org/entity/Q1084,noun,2
http://www.wikidata.org/entity/L500944,casal,http://www.wikidata.org/entity/Q1084,noun,2
http://www.wikidata.org/entity/L500950,mandato,http://www.wikidata.org/entity/Q1084,noun,2
http://www.wikidata.org/entity/L500954,aluno,http://www.wikidata.org/entity/Q1084,noun,2
http://www.wikidata.org/entity/L500957,conflito,http://www.wikidata.org/entity/Q1084,noun,2
http://www.wikidata.org/entity/L500962,complexo,http://www.wikidata.org/entity/Q1084,noun,2
http://www.wikidata.org/entity/L500968,método,http://www.wikidata.org/entity/Q1084,noun,2
http://www.wikidata.org/entity/L500980,sangue,http://www.wikidata.org/entity/Q1084,noun,2
http://www.wikidata.org/entity/L500987,peso,http://www.wikidata.org/entity/Q1084,noun,2
http://www.wikidata.org/entity/L500991,encontro,http://www.wikidata.org/entity/Q1084,noun,2
http://www.wikidata.org/entity/L500994,negócio,http://www.wikidata.org/entity/Q1084,noun,2
http://www.wikidata.org/entity/L500995,reconhecimento,http://www.wikidata.org/entity/Q1084,noun,2
http://www.wikidata.org/entity/L501545,voz,http://www.wikidata.org/entity/Q1084,noun,2
http://www.wikidata.org/entity/L501552,política,http://www.wikidata.org/entity/Q1084,noun,2
http://www.wikidata.org/entity/L501559,capela,http://www.wikidata.org/entity/Q1084,noun,2
http://www.wikidata.org/entity/L501562,sequência,http://www.wikidata.org/entity/Q1084,noun,2
http://www.wikidata.org/entity/L501569,serra,http://www.wikidata.org/entity/Q1084,noun,2
http://www.wikidata.org/entity/L501572,classificação,http://www.wikidata.org/entity/Q1084,noun,2
http://www.wikidata.org/entity/L501573,questão,http://www.wikidata.org/entity/Q1084,noun,2
http://www.wikidata.org/entity/L501579,oposição,http://www.wikidata.org/entity/Q1084,noun,2
http://www.wikidata.org/entity/L501580,ocupação,http://www.wikidata.org/entity/Q1084,noun,2
http://www.wikidata.org/entity/L501589,memória,http://www.wikidata.org/entity/Q1084,noun,2
http://www.wikidata.org/entity/L501660,adaptar,http://www.wikidata.org/entity/Q24905,verb,2
http://www.wikidata.org/entity/L501669,rapidamente,http://www.wikidata.org/entity/Q380057,adverb,2
http://www.wikidata.org/entity/L501679,imediatamente,http://www.wikidata.org/entity/Q380057,adverb,2
http://www.wikidata.org/entity/L501698,atuação,http://www.wikidata.org/entity/Q1084,noun,2
http://www.wikidata.org/entity/L46836,porcelana,http://www.wikidata.org/entity/Q1084,noun,2
http://www.wikidata.org/entity/L46840,palha,http://www.wikidata.org/entity/Q1084,noun,2
http://www.wikidata.org/entity/L451345,função,http://www.wikidata.org/entity/Q1084,noun,2
http://www.wikidata.org/entity/L451440,abatumar,http://www.wikidata.org/entity/Q24905,verb,2
http://www.wikidata.org/entity/L451444,abandonar,http://www.wikidata.org/entity/Q24905,verb,2
http://www.wikidata.org/entity/L458051,marmelada,http://www.wikidata.org/entity/Q1084,noun,2
http://www.wikidata.org/entity/L464457,roda,http://www.wikidata.org/entity/Q1084,noun,2
http://www.wikidata.org/entity/L46798,andar,http://www.wikidata.org/entity/Q24905,verb,2
http://www.wikidata.org/entity/L46805,jornalismo,http://www.wikidata.org/entity/Q1084,noun,2
http://www.wikidata.org/entity/L46806,cara,http://www.wikidata.org/entity/Q1084,noun,2
http://www.wikidata.org/entity/L46814,couro,http://www.wikidata.org/entity/Q1084,noun,2
http://www.wikidata.org/entity/L46824,algodão,http://www.wikidata.org/entity/Q1084,noun,2
http://www.wikidata.org/entity/L46826,modelo,http://www.wikidata.org/entity/Q1084,noun,2
http://www.wikidata.org/entity/L46834,ouro,http://www.wikidata.org/entity/Q1084,noun,2
http://www.wikidata.org/entity/L222275,candeeiro,http://www.wikidata.org/entity/Q1084,noun,2
http://www.wikidata.org/entity/L222281,televisão,http://www.wikidata.org/entity/Q1084,noun,2
http://www.wikidata.org/entity/L929058,cebola,http://www.wikidata.org/entity/Q1084,noun,2
http://www.wikidata.org/entity/L448603,carta,http://www.wikidata.org/entity/Q1084,noun,2
http://www.wikidata.org/entity/L524633,abóbora,http://www.wikidata.org/entity/Q1084,noun,2
http://www.wikidata.org/entity/L1416816,fogão,http://www.wikidata.org/entity/Q1084,noun,2
http://www.wikidata.org/entity/L1417874,sensação,http://www.wikidata.org/entity/Q1084,noun,2
http://www.wikidata.org/entity/L1418606,reparar,http://www.wikidata.org/entity/Q24905,verb,2
http://www.wikidata.org/entity/L502270,proteção,http://www.wikidata.org/entity/Q1084,noun,2
http://www.wikidata.org/entity/L502272,fortaleza,http://www.wikidata.org/entity/Q1084,noun,2
http://www.wikidata.org/entity/L502640,qualquer,http://www.wikidata.org/entity/Q36224,pronoun,2
http://www.wikidata.org/entity/L502642,sempre,http://www.wikidata.org/entity/Q380057,adverb,2
http://www.wikidata.org/entity/L503875,arremesso,http://www.wikidata.org/entity/Q1084,noun,2
http://www.wikidata.org/entity/L503880,dinossauro,http://www.wikidata.org/entity/Q1084,noun,2
http://www.wikidata.org/entity/L503957,este,http://www.wikidata.org/entity/Q36224,pronoun,2
http://www.wikidata.org/entity/L503958,isto,http://www.wikidata.org/entity/Q36224,pronoun,2
http://www.wikidata.org/entity/L503959,esse,http://www.wikidata.org/entity/Q36224,pronoun,2
http://www.wikidata.org/entity/L503960,isso,http://www.wikidata.org/entity/Q36224,pronoun,2
http://www.wikidata.org/entity/L523134,academicamente,http://www.wikidata.org/entity/Q380057,adverb,2
http://www.wikidata.org/entity/L670235,manipular,http://www.wikidata.org/entity/Q24905,verb,2
http://www.wikidata.org/entity/L670607,coluna,http://www.wikidata.org/entity/Q1084,noun,2
http://www.wikidata.org/entity/L671156,chato,http://www.wikidata.org/entity/Q34698,adjective,2
http://www.wikidata.org/entity/L671168,falatório,http://www.wikidata.org/entity/Q1084,noun,2
http://www.wikidata.org/entity/L745234,tribo,http://www.wikidata.org/entity/Q1084,noun,2
http://www.wikidata.org/entity/L677977,protão,http://www.wikidata.org/entity/Q1084,noun,2
http://www.wikidata.org/entity/L677978,neutrão,http://www.wikidata.org/entity/Q1084,noun,2
http://www.wikidata.org/entity/L680183,"nem aqui, nem na China",http://www.wikidata.org/entity/Q3734650,adverbial phrase,2
http://www.wikidata.org/entity/L688635,lenda,http://www.wikidata.org/entity/Q1084,noun,2
http://www.wikidata.org/entity/L690074,farmácia,http://www.wikidata.org/entity/Q1084,noun,2
http://www.wikidata.org/entity/L726448,última bolacha do pacote,http://www.wikidata.org/entity/Q1401131,noun phrase,2
http://www.wikidata.org/entity/L730512,tinta,http://www.wikidata.org/entity/Q1084,noun,2
http://www.wikidata.org/entity/L730514,pintor,http://www.wikidata.org/entity/Q1084,noun,2
http://www.wikidata.org/entity/L730518,asa,http://www.wikidata.org/entity/Q1084,noun,2
http://www.wikidata.org/entity/L741339,quebrar o galho,http://www.wikidata.org/entity/Q1778442,verb phrase,2
http://www.wikidata.org/entity/L744427,luneta,http://www.wikidata.org/entity/Q1084,noun,2
http://www.wikidata.org/entity/L744429,povoação,http://www.wikidata.org/entity/Q1084,noun,2
http://www.wikidata.org/entity/L744770,passar a limpo,http://www.wikidata.org/entity/Q1778442,verb phrase,2
http://www.wikidata.org/entity/L745209,regimento,http://www.wikidata.org/entity/Q1084,noun,2
http://www.wikidata.org/entity/L745211,incêndio,http://www.wikidata.org/entity/Q1084,noun,2
http://www.wikidata.org/entity/L745212,extinção,http://www.wikidata.org/entity/Q1084,noun,2
http://www.wikidata.org/entity/L745218,fotografia,http://www.wikidata.org/entity/Q1084,noun,2
http://www.wikidata.org/entity/L46845,latão,http://www.wikidata.org/entity/Q1084,noun,2
http://www.wikidata.org/entity/L46854,amendoim,http://www.wikidata.org/entity/Q1084,noun,2
http://www.wikidata.org/entity/L47021,e,http://www.wikidata.org/entity/Q9788,letter,2
http://www.wikidata.org/entity/L471981,achar,http://www.wikidata.org/entity/Q24905,verb,2
http://www.wikidata.org/entity/L471982,achatar,http://www.wikidata.org/entity/Q24905,verb,2
http://www.wikidata.org/entity/L907857,modelo,http://www.wikidata.org/entity/Q1084,noun,2
http://www.wikidata.org/entity/L473300,abandonado,http://www.wikidata.org/entity/Q34698,adjective,2
http://www.wikidata.org/entity/L524347,tornar,http://www.wikidata.org/entity/Q24905,verb,2
http://www.wikidata.org/entity/L524630,atributo,http://www.wikidata.org/entity/Q1084,noun,2
http://www.wikidata.org/entity/L524650,colónia,http://www.wikidata.org/entity/Q1084,noun,2
http://www.wikidata.org/entity/L525330,confinado,http://www.wikidata.org/entity/Q34698,adjective,2
http://www.wikidata.org/entity/L525333,ferrovia,http://www.wikidata.org/entity/Q1084,noun,2
http://www.wikidata.org/entity/L525338,satélite,http://www.wikidata.org/entity/Q1084,noun,2
http://www.wikidata.org/entity/L5451,zebro,http://www.wikidata.org/entity/Q1084,noun,2
http://www.wikidata.org/entity/L558164,realidade,http://www.wikidata.org/entity/Q1084,noun,2
http://www.wikidata.org/entity/L558168,biblioteca,http://www.wikidata.org/entity/Q1084,noun,2
http://www.wikidata.org/entity/L558173,prefeitura,http://www.wikidata.org/entity/Q1084,noun,2
http://www.wikidata.org/entity/L558182,coroa,http://www.wikidata.org/entity/Q1084,noun,2
http://www.wikidata.org/entity/L558185,investigação,http://www.wikidata.org/entity/Q1084,noun,2
http://www.wikidata.org/entity/L558186,violência,http://www.wikidata.org/entity/Q1084,noun,2
http://www.wikidata.org/entity/L558191,frota,http://www.wikidata.org/entity/Q1084,noun,2
http://www.wikidata.org/entity/L558194,rodada,http://www.wikidata.org/entity/Q1084,noun,2
http://www.wikidata.org/entity/L447151,cano,http://www.wikidata.org/entity/Q1084,noun,2
http://www.wikidata.org/entity/L301953,Júnior,http://www.wikidata.org/entity/Q1964223,name suffix,2
http://www.wikidata.org/entity/L306989,fornalha,http://www.wikidata.org/entity/Q1084,noun,2
http://www.wikidata.org/entity/L307607,cevo,http://www.wikidata.org/entity/Q1084,noun,2
http://www.wikidata.org/entity/L309539,devir,http://www.wikidata.org/entity/Q24905,verb,2
http://www.wikidata.org/entity/L311247,real,http://www.wikidata.org/entity/Q1084,noun,2
http://www.wikidata.org/entity/L500810,real,http://www.wikidata.org/entity/Q1084,noun,2
http://www.wikidata.org/entity/L31587,coelho,http://www.wikidata.org/entity/Q1084,noun,2
http://www.wikidata.org/entity/L447061,palavra,http://www.wikidata.org/entity/Q1084,noun,2
http://www.wikidata.org/entity/L409524,Neto,http://www.wikidata.org/entity/Q1964223,name suffix,2
http://www.wikidata.org/entity/L524628,bola,http://www.wikidata.org/entity/Q1084,noun,2
http://www.wikidata.org/entity/L447039,morte,http://www.wikidata.org/entity/Q1084,noun,2
http://www.wikidata.org/entity/L447042,pena,http://www.wikidata.org/entity/Q1084,noun,2
http://www.wikidata.org/entity/L447058,besta,http://www.wikidata.org/entity/Q1084,noun,2
http://www.wikidata.org/entity/L447062,bicicleta,http://www.wikidata.org/entity/Q1084,noun,2
http://www.wikidata.org/entity/L447126,bacia,http://www.wikidata.org/entity/Q1084,noun,2
http://www.wikidata.org/entity/L447135,fita,http://www.wikidata.org/entity/Q1084,noun,2
http://www.wikidata.org/entity/L447137,característica,http://www.wikidata.org/entity/Q1084,noun,2
http://www.wikidata.org/entity/L447145,sol,http://www.wikidata.org/entity/Q1084,noun,2
http://www.wikidata.org/entity/L473339,académico,http://www.wikidata.org/entity/Q34698,adjective,2
http://www.wikidata.org/entity/L473373,adjacente,http://www.wikidata.org/entity/Q34698,adjective,2
http://www.wikidata.org/entity/L671173,doentio,http://www.wikidata.org/entity/Q34698,adjective,2
http://www.wikidata.org/entity/L671177,vela,http://www.wikidata.org/entity/Q1084,noun,2
http://www.wikidata.org/entity/L672242,popular,http://www.wikidata.org/entity/Q34698,adjective,2
http://www.wikidata.org/entity/L672631,europeu,http://www.wikidata.org/entity/Q34698,adjective,2
http://www.wikidata.org/entity/L676261,contra,http://www.wikidata.org/entity/Q4833830,preposition,2
http://www.wikidata.org/entity/L676263,assim,http://www.wikidata.org/entity/Q380057,adverb,2
http://www.wikidata.org/entity/L676267,enquanto,http://www.wikidata.org/entity/Q36484,conjunction,2
http://www.wikidata.org/entity/L676568,qual,http://www.wikidata.org/entity/Q36224,pronoun,2
http://www.wikidata.org/entity/L676569,hoje,http://www.wikidata.org/entity/Q380057,adverb,2
http://www.wikidata.org/entity/L677441,inferior,http://www.wikidata.org/entity/Q34698,adjective,2
http://www.wikidata.org/entity/L677445,responsabilidade,http://www.wikidata.org/entity/Q1084,noun,2
http://www.wikidata.org/entity/L745249,consciência,http://www.wikidata.org/entity/Q1084,noun,2
http://www.wikidata.org/entity/L777,ganhar,http://www.wikidata.org/entity/Q24905,verb,2
http://www.wikidata.org/entity/L8758,Novembro,http://www.wikidata.org/entity/Q1084,noun,2
http://www.wikidata.org/entity/L901364,Maria,http://www.wikidata.org/entity/Q147276,proper noun,2
http://www.wikidata.org/entity/L907844,perereca,http://www.wikidata.org/entity/Q1084,noun,2
http://www.wikidata.org/entity/L907852,capim,http://www.wikidata.org/entity/Q1084,noun,2
http://www.wikidata.org/entity/L907853,abacaxi,http://www.wikidata.org/entity/Q1084,noun,2
http://www.wikidata.org/entity/L908661,ai,http://www.wikidata.org/entity/Q83034,interjection,2
http://www.wikidata.org/entity/L983857,calma aí,http://www.wikidata.org/entity/Q83034,interjection,2
http://www.wikidata.org/entity/L983895,ave Maria,http://www.wikidata.org/entity/Q83034,interjection,2
http://www.wikidata.org/entity/L989117,caqui,http://www.wikidata.org/entity/Q1084,noun,2
http://www.wikidata.org/entity/L991451,vagina,http://www.wikidata.org/entity/Q1084,noun,2
http://www.wikidata.org/entity/L995076,-fobia,http://www.wikidata.org/entity/Q102047,suffix,2
http://www.wikidata.org/entity/L1472953,João,http://www.wikidata.org/entity/Q147276,proper noun,2
http://www.wikidata.org/entity/L447153,professor,http://www.wikidata.org/entity/Q1084,noun,2
http://www.wikidata.org/entity/L447154,diretor,http://www.wikidata.org/entity/Q1084,noun,2
http://www.wikidata.org/entity/L447163,ónibus,http://www.wikidata.org/entity/Q1084,noun,2
http://www.wikidata.org/entity/L447170,dragão,http://www.wikidata.org/entity/Q1084,noun,2
http://www.wikidata.org/entity/L447194,paleontólogo,http://www.wikidata.org/entity/Q1084,noun,2
http://www.wikidata.org/entity/L447206,polvo,http://www.wikidata.org/entity/Q1084,noun,2
http://www.wikidata.org/entity/L447217,discurso,http://www.wikidata.org/entity/Q1084,noun,2
http://www.wikidata.org/entity/L447218,hino,http://www.wikidata.org/entity/Q1084,noun,2
http://www.wikidata.org/entity/L447219,teste,http://www.wikidata.org/entity/Q1084,noun,2
http://www.wikidata.org/entity/L447221,painel,http://www.wikidata.org/entity/Q1084,noun,2
http://www.wikidata.org/entity/L447224,site,http://www.wikidata.org/entity/Q1084,noun,2
http://www.wikidata.org/entity/L447246,abrigo,http://www.wikidata.org/entity/Q1084,noun,2
http://www.wikidata.org/entity/L447247,absurdo,http://www.wikidata.org/entity/Q1084,noun,2
http://www.wikidata.org/entity/L447248,acadêmico,http://www.wikidata.org/entity/Q1084,noun,2
http://www.wikidata.org/entity/L447253,ácido,http://www.wikidata.org/entity/Q1084,noun,2
http://www.wikidata.org/entity/L579672,margem,http://www.wikidata.org/entity/Q1084,noun,2
http://www.wikidata.org/entity/L558203,exploração,http://www.wikidata.org/entity/Q1084,noun,2
http://www.wikidata.org/entity/L558208,dinastia,http://www.wikidata.org/entity/Q1084,noun,2
http://www.wikidata.org/entity/L558225,cenário,http://www.wikidata.org/entity/Q1084,noun,2
http://www.wikidata.org/entity/L558248,criar,http://www.wikidata.org/entity/Q24905,verb,2
http://www.wikidata.org/entity/L561190,mudar,http://www.wikidata.org/entity/Q24905,verb,2
http://www.wikidata.org/entity/L561204,formar,http://www.wikidata.org/entity/Q24905,verb,2
http://www.wikidata.org/entity/L562221,económico,http://www.wikidata.org/entity/Q34698,adjective,2
http://www.wikidata.org/entity/L562432,feminino,http://www.wikidata.org/entity/Q34698,adjective,2
http://www.wikidata.org/entity/L579631,ensaio,http://www.wikidata.org/entity/Q1084,noun,2
http://www.wikidata.org/entity/L579666,folha,http://www.wikidata.org/entity/Q1084,noun,2
http://www.wikidata.org/entity/L579667,face,http://www.wikidata.org/entity/Q1084,noun,2
http://www.wikidata.org/entity/L579668,esforço,http://www.wikidata.org/entity/Q1084,noun,2
http://www.wikidata.org/entity/L579669,órbita,http://www.wikidata.org/entity/Q1084,noun,2
http://www.wikidata.org/entity/L476004,agressivo,http://www.wikidata.org/entity/Q34698,adjective,2
http://www.wikidata.org/entity/L476008,airoso,http://www.wikidata.org/entity/Q34698,adjective,2
http://www.wikidata.org/entity/L476012,alagadiço,http://www.wikidata.org/entity/Q34698,adjective,2
http://www.wikidata.org/entity/L476031,aleijado,http://www.wikidata.org/entity/Q34698,adjective,2
http://www.wikidata.org/entity/L447387,bateria,http://www.wikidata.org/entity/Q1084,noun,2
http://www.wikidata.org/entity/L447389,peça,http://www.wikidata.org/entity/Q1084,noun,2
http://www.wikidata.org/entity/L447398,fazenda,http://www.wikidata.org/entity/Q1084,noun,2
http://www.wikidata.org/entity/L447759,turma,http://www.wikidata.org/entity/Q1084,noun,2
http://www.wikidata.org/entity/L447764,charrete,http://www.wikidata.org/entity/Q1084,noun,2
http://www.wikidata.org/entity/L447773,revolta,http://www.wikidata.org/entity/Q1084,noun,2
http://www.wikidata.org/entity/L447775,barra,http://www.wikidata.org/entity/Q1084,noun,2
http://www.wikidata.org/entity/L447777,forma,http://www.wikidata.org/entity/Q1084,noun,2
http://www.wikidata.org/entity/L447784,biografia,http://www.wikidata.org/entity/Q1084,noun,2
http://www.wikidata.org/entity/L447785,faxina,http://www.wikidata.org/entity/Q1084,noun,2
http://www.wikidata.org/entity/L447786,limpeza,http://www.wikidata.org/entity/Q1084,noun,2
http://www.wikidata.org/entity/L447791,aventura,http://www.wikidata.org/entity/Q1084,noun,2
http://www.wikidata.org/entity/L447792,vitória,http://www.wikidata.org/entity/Q1084,noun,2
http://www.wikidata.org/entity/L447794,petição,http://www.wikidata.org/entity/Q1084,noun,2
http://www.wikidata.org/entity/L447796,atmosfera,http://www.wikidata.org/entity/Q1084,noun,2
http://www.wikidata.org/entity/L447800,inundação,http://www.wikidata.org/entity/Q1084,noun,2
http://www.wikidata.org/entity/L447810,lanterna,http://www.wikidata.org/entity/Q1084,noun,2
http://www.wikidata.org/entity/L447821,letra,http://www.wikidata.org/entity/Q1084,noun,2
http://www.wikidata.org/entity/L447826,batata,http://www.wikidata.org/entity/Q1084,noun,2
http://www.wikidata.org/entity/L447828,aliança,http://www.wikidata.org/entity/Q1084,noun,2
http://www.wikidata.org/entity/L580338,espada,http://www.wikidata.org/entity/Q1084,noun,2
http://www.wikidata.org/entity/L580452,cintura,http://www.wikidata.org/entity/Q1084,noun,2
http://www.wikidata.org/entity/L581050,comunista,http://www.wikidata.org/entity/Q34698,adjective,2
http://www.wikidata.org/entity/L584023,alvo,http://www.wikidata.org/entity/Q1084,noun,2
http://www.wikidata.org/entity/L584024,suporte,http://www.wikidata.org/entity/Q1084,noun,2
http://www.wikidata.org/entity/L593743,reputação,http://www.wikidata.org/entity/Q1084,noun,2
http://www.wikidata.org/entity/L618585,baixar a bola,http://www.wikidata.org/entity/Q10976085,verbal locution,2
http://www.wikidata.org/entity/L618650,dor de cotovelo,http://www.wikidata.org/entity/Q1401131,noun phrase,2
http://www.wikidata.org/entity/L618661,túnel,http://www.wikidata.org/entity/Q1084,noun,2
http://www.wikidata.org/entity/L618751,arroz,http://www.wikidata.org/entity/Q1084,noun,2
http://www.wikidata.org/entity/L620483,limite,http://www.wikidata.org/entity/Q1084,noun,2
http://www.wikidata.org/entity/L1490454,através,http://www.wikidata.org/entity/Q380057,adverb,2
http://www.wikidata.org/entity/L1490851,ab absurdo,http://www.wikidata.org/entity/Q5978303,adverbial locution,2
http://www.wikidata.org/entity/L447845,segurança,http://www.wikidata.org/entity/Q1084,noun,2
http://www.wikidata.org/entity/L447848,pajé,http://www.wikidata.org/entity/Q1084,noun,2
http://www.wikidata.org/entity/L447863,rolo,http://www.wikidata.org/entity/Q1084,noun,2
http://www.wikidata.org/entity/L447866,biruta,http://www.wikidata.org/entity/Q1084,noun,2
http://www.wikidata.org/entity/L447873,ouvinte,http://www.wikidata.org/entity/Q1084,noun,2
http://www.wikidata.org/entity/L447887,pandemônio,http://www.wikidata.org/entity/Q1084,noun,2
http://www.wikidata.org/entity/L447890,ladrão,http://www.wikidata.org/entity/Q1084,noun,2
http://www.wikidata.org/entity/L447895,combinado,http://www.wikidata.org/entity/Q1084,noun,2
http://www.wikidata.org/entity/L447900,tênis,http://www.wikidata.org/entity/Q1084,noun,2
http://www.wikidata.org/entity/L447904,sistema,http://www.wikidata.org/entity/Q1084,noun,2
http://www.wikidata.org/entity/L447908,questionamento,http://www.wikidata.org/entity/Q1084,noun,2
http://www.wikidata.org/entity/L447924,bispo,http://www.wikidata.org/entity/Q1084,noun,2
http://www.wikidata.org/entity/L447926,risco,http://www.wikidata.org/entity/Q1084,noun,2
http://www.wikidata.org/entity/L477164,rei,http://www.wikidata.org/entity/Q1084,noun,2
http://www.wikidata.org/entity/L477166,título,http://www.wikidata.org/entity/Q1084,noun,2
http://www.wikidata.org/entity/L477179,desenvolvimento,http://www.wikidata.org/entity/Q1084,noun,2
http://www.wikidata.org/entity/L477181,brasileiro,http://www.wikidata.org/entity/Q1084,noun,2
http://www.wikidata.org/entity/L477189,estudo,http://www.wikidata.org/entity/Q1084,noun,2
http://www.wikidata.org/entity/L477191,distrito,http://www.wikidata.org/entity/Q1084,noun,2
http://www.wikidata.org/entity/L477203,interior,http://www.wikidata.org/entity/Q1084,noun,2
http://www.wikidata.org/entity/L477207,raio,http://www.wikidata.org/entity/Q1084,noun,2
http://www.wikidata.org/entity/L477263,bairro,http://www.wikidata.org/entity/Q1084,noun,2
http://www.wikidata.org/entity/L477269,diagrama,http://www.wikidata.org/entity/Q1084,noun,2
http://www.wikidata.org/entity/L477287,quarto,http://www.wikidata.org/entity/Q1084,noun,2
http://www.wikidata.org/entity/L477294,príncipe,http://www.wikidata.org/entity/Q1084,noun,2
http://www.wikidata.org/entity/L477296,estádio,http://www.wikidata.org/entity/Q1084,noun,2
http://www.wikidata.org/entity/L477298,comércio,http://www.wikidata.org/entity/Q1084,noun,2
http://www.wikidata.org/entity/L477299,guerra,http://www.wikidata.org/entity/Q1084,noun,2
http://www.wikidata.org/entity/L477301,população,http://www.wikidata.org/entity/Q1084,noun,2
http://www.wikidata.org/entity/L477310,década,http://www.wikidata.org/entity/Q1084,noun,2
http://www.wikidata.org/entity/L477644,célula,http://www.wikidata.org/entity/Q1084,noun,2
http://www.wikidata.org/entity/L1491484,ótico,http://www.wikidata.org/entity/Q34698,adjective,2
http://www.wikidata.org/entity/L1547705,piaçava,http://www.wikidata.org/entity/Q1084,noun,2
http://www.wikidata.org/entity/L1548842,Castela,http://www.wikidata.org/entity/Q147276,proper noun,2
http://www.wikidata.org/entity/L447957,folhetim,http://www.wikidata.org/entity/Q1084,noun,2
http://www.wikidata.org/entity/L447958,dique,http://www.wikidata.org/entity/Q1084,noun,2
http://www.wikidata.org/entity/L447962,património,http://www.wikidata.org/entity/Q1084,noun,2
http://www.wikidata.org/entity/L447981,indivíduo,http://www.wikidata.org/entity/Q1084,noun,2
http://www.wikidata.org/entity/L447985,canal,http://www.wikidata.org/entity/Q1084,noun,2
http://www.wikidata.org/entity/L447987,predador,http://www.wikidata.org/entity/Q1084,noun,2
http://www.wikidata.org/entity/L447994,senhor,http://www.wikidata.org/entity/Q1084,noun,2
http://www.wikidata.org/entity/L447999,apelo,http://www.wikidata.org/entity/Q1084,noun,2
http://www.wikidata.org/entity/L448000,assédio,http://www.wikidata.org/entity/Q1084,noun,2
http://www.wikidata.org/entity/L448003,morto,http://www.wikidata.org/entity/Q1084,noun,2
http://www.wikidata.org/entity/L448021,objeto,http://www.wikidata.org/entity/Q1084,noun,2
http://www.wikidata.org/entity/L448023,deslizamento,http://www.wikidata.org/entity/Q1084,noun,2
http://www.wikidata.org/entity/L448031,explosivo,http://www.wikidata.org/entity/Q1084,noun,2
http://www.wikidata.org/entity/L448034,cristal,http://www.wikidata.org/entity/Q1084,noun,2
http://www.wikidata.org/entity/L448040,mistério,http://www.wikidata.org/entity/Q1084,noun,2
http://www.wikidata.org/entity/L448041,ministro,http://www.wikidata.org/entity/Q1084,noun,2
http://www.wikidata.org/entity/L448046,cantor,http://www.wikidata.org/entity/Q1084,noun,2
http://www.wikidata.org/entity/L620497,escravo,http://www.wikidata.org/entity/Q1084,noun,2
http://www.wikidata.org/entity/L620503,roteiro,http://www.wikidata.org/entity/Q1084,noun,2
http://www.wikidata.org/entity/L620509,impacto,http://www.wikidata.org/entity/Q1084,noun,2
http://www.wikidata.org/entity/L620510,turismo,http://www.wikidata.org/entity/Q1084,noun,2
http://www.wikidata.org/entity/L620511,ónibus,http://www.wikidata.org/entity/Q1084,noun,2
http://www.wikidata.org/entity/L622694,colaboração,http://www.wikidata.org/entity/Q1084,noun,2
http://www.wikidata.org/entity/L676265,sem,http://www.wikidata.org/entity/Q4833830,preposition,2
http://www.wikidata.org/entity/L631115,britânico,http://www.wikidata.org/entity/Q34698,adjective,2
http://www.wikidata.org/entity/L639939,instalação,http://www.wikidata.org/entity/Q1084,noun,2
http://www.wikidata.org/entity/L639951,pensamento,http://www.wikidata.org/entity/Q1084,noun,2
http://www.wikidata.org/entity/L639961,ameaça,http://www.wikidata.org/entity/Q1084,noun,2
http://www.wikidata.org/entity/L642141,paciência,http://www.wikidata.org/entity/Q1084,noun,2
http://www.wikidata.org/entity/L642838,proporção,http://www.wikidata.org/entity/Q1084,noun,2
http://www.wikidata.org/entity/L479600,antecipado,http://www.wikidata.org/entity/Q34698,adjective,2
http://www.wikidata.org/entity/L477650,pintura,http://www.wikidata.org/entity/Q1084,noun,2
http://www.wikidata.org/entity/L477654,mariposa,http://www.wikidata.org/entity/Q1084,noun,2
http://www.wikidata.org/entity/L477655,frequência,http://www.wikidata.org/entity/Q1084,noun,2
http://www.wikidata.org/entity/L477657,boca,http://www.wikidata.org/entity/Q1084,noun,2
http://www.wikidata.org/entity/L477660,tíbia,http://www.wikidata.org/entity/Q1084,noun,2
http://www.wikidata.org/entity/L477665,amazona,http://www.wikidata.org/entity/Q1084,noun,2
http://www.wikidata.org/entity/L477668,diarreia,http://www.wikidata.org/entity/Q1084,noun,2
http://www.wikidata.org/entity/L477696,transpiração,http://www.wikidata.org/entity/Q1084,noun,2
http://www.wikidata.org/entity/L479591,animalesco,http://www.wikidata.org/entity/Q34698,adjective,2
http://www.wikidata.org/entity/L448059,criação,http://www.wikidata.org/entity/Q1084,noun,2
http://www.wikidata.org/entity/L448068,merda,http://www.wikidata.org/entity/Q1084,noun,2
http://www.wikidata.org/entity/L448069,coisa,http://www.wikidata.org/entity/Q1084,noun,2
http://www.wikidata.org/entity/L448070,macumba,http://www.wikidata.org/entity/Q1084,noun,2
http://www.wikidata.org/entity/L448074,música,http://www.wikidata.org/entity/Q1084,noun,2
http://www.wikidata.org/entity/L448075,lista,http://www.wikidata.org/entity/Q1084,noun,2
http://www.wikidata.org/entity/L448081,teoria,http://www.wikidata.org/entity/Q1084,noun,2
http://www.wikidata.org/entity/L448083,pessoa,http://www.wikidata.org/entity/Q1084,noun,2
http://www.wikidata.org/entity/L448085,prática,http://www.wikidata.org/entity/Q1084,noun,2
http://www.wikidata.org/entity/L448086,esfera,http://www.wikidata.org/entity/Q1084,noun,2
http://www.wikidata.org/entity/L448092,família,http://www.wikidata.org/entity/Q1084,noun,2
http://www.wikidata.org/entity/L448095,catapulta,http://www.wikidata.org/entity/Q1084,noun,2
http://www.wikidata.org/entity/L448098,carne,http://www.wikidata.org/entity/Q1084,noun,2
http://www.wikidata.org/entity/L448099,região,http://www.wikidata.org/entity/Q1084,noun,2
http://www.wikidata.org/entity/L448103,caçamba,http://www.wikidata.org/entity/Q1084,noun,2
http://www.wikidata.org/entity/L448104,cabana,http://www.wikidata.org/entity/Q1084,noun,2
http://www.wikidata.org/entity/L448105,cabeça,http://www.wikidata.org/entity/Q1084,noun,2
http://www.wikidata.org/entity/L448110,doação,http://www.wikidata.org/entity/Q1084,noun,2
http://www.wikidata.org/entity/L448124,corrida,http://www.wikidata.org/entity/Q1084,noun,2
http://www.wikidata.org/entity/L448125,correção,http://www.wikidata.org/entity/Q1084,noun,2
http://www.wikidata.org/entity/L448134,destruição,http://www.wikidata.org/entity/Q1084,noun,2
http://www.wikidata.org/entity/L448138,rotina,http://www.wikidata.org/entity/Q1084,noun,2
http://www.wikidata.org/entity/L448156,concerto,http://www.wikidata.org/entity/Q1084,noun,2
http://www.wikidata.org/entity/L662265,paulista,http://www.wikidata.org/entity/Q34698,adjective,2
http://www.wikidata.org/entity/L643911,buraco,http://www.wikidata.org/entity/Q1084,noun,2
http://www.wikidata.org/entity/L643914,asteroide,http://www.wikidata.org/entity/Q1084,noun,2
http://www.wikidata.org/entity/L647777,estimado,http://www.wikidata.org/entity/Q34698,adjective,2
http://www.wikidata.org/entity/L648256,cavalo,http://www.wikidata.org/entity/Q1084,noun,2
http://www.wikidata.org/entity/L661410,secretário,http://www.wikidata.org/entity/Q1084,noun,2
http://www.wikidata.org/entity/L661413,agente,http://www.wikidata.org/entity/Q34698,adjective,2
http://www.wikidata.org/entity/L661417,entidade,http://www.wikidata.org/entity/Q1084,noun,2
http://www.wikidata.org/entity/L661418,continental,http://www.wikidata.org/entity/Q34698,adjective,2
http://www.wikidata.org/entity/L661419,carioca,http://www.wikidata.org/entity/Q34698,adjective,2
http://www.wikidata.org/entity/L661569,francês,http://www.wikidata.org/entity/Q34698,adjective,2
http://www.wikidata.org/entity/L661572,galho,http://www.wikidata.org/entity/Q1084,noun,2
http://www.wikidata.org/entity/L448170,peru,http://www.wikidata.org/entity/Q1084,noun,2
http://www.wikidata.org/entity/L448179,sabor,http://www.wikidata.org/entity/Q1084,noun,2
http://www.wikidata.org/entity/L448185,pedreiro,http://www.wikidata.org/entity/Q1084,noun,2
http://www.wikidata.org/entity/L448188,mascote,http://www.wikidata.org/entity/Q1084,noun,2
http://www.wikidata.org/entity/L448196,tio,http://www.wikidata.org/entity/Q1084,noun,2
http://www.wikidata.org/entity/L448210,castigo,http://www.wikidata.org/entity/Q1084,noun,2
http://www.wikidata.org/entity/L448222,apoio,http://www.wikidata.org/entity/Q1084,noun,2
http://www.wikidata.org/entity/L448230,tremor,http://www.wikidata.org/entity/Q1084,noun,2
http://www.wikidata.org/entity/L448276,depósito,http://www.wikidata.org/entity/Q1084,noun,2
http://www.wikidata.org/entity/L448277,desvio,http://www.wikidata.org/entity/Q1084,noun,2
http://www.wikidata.org/entity/L448279,grifo,http://www.wikidata.org/entity/Q1084,noun,2
http://www.wikidata.org/entity/L493237,sujeito,http://www.wikidata.org/entity/Q1084,noun,2
http://www.wikidata.org/entity/L479895,deixar,http://www.wikidata.org/entity/Q24905,verb,2
http://www.wikidata.org/entity/L481678,sabre,http://www.wikidata.org/entity/Q1084,noun,2
http://www.wikidata.org/entity/L501703,espanhol,http://www.wikidata.org/entity/Q1084,noun,2
http://www.wikidata.org/entity/L485091,d'água,http://www.wikidata.org/entity/Q126473,contraction,2
http://www.wikidata.org/entity/L486107,torre,http://www.wikidata.org/entity/Q1084,noun,2
http://www.wikidata.org/entity/L491661,eu,http://www.wikidata.org/entity/Q468801,personal pronoun,2
http://www.wikidata.org/entity/L493211,domínio,http://www.wikidata.org/entity/Q1084,noun,2
http://www.wikidata.org/entity/L493216,voo,http://www.wikidata.org/entity/Q1084,noun,2
http://www.wikidata.org/entity/L493218,nódulo,http://www.wikidata.org/entity/Q1084,noun,2
http://www.wikidata.org/entity/L493226,glifo,http://www.wikidata.org/entity/Q1084,noun,2
http://www.wikidata.org/entity/L493228,ideograma,http://www.wikidata.org/entity/Q1084,noun,2
http://www.wikidata.org/entity/L662278,grego,http://www.wikidata.org/entity/Q34698,adjective,2
http://www.wikidata.org/entity/L662279,estudante,http://www.wikidata.org/entity/Q1084,noun,2
http://www.wikidata.org/entity/L662608,soteropolitano,http://www.wikidata.org/entity/Q34698,adjective,2
http://www.wikidata.org/entity/L662613,desigualdade,http://www.wikidata.org/entity/Q1084,noun,2
http://www.wikidata.org/entity/L662619,fenício,http://www.wikidata.org/entity/Q34698,adjective,2
http://www.wikidata.org/entity/L662623,exportação,http://www.wikidata.org/entity/Q1084,noun,2
http://www.wikidata.org/entity/L662624,holandês,http://www.wikidata.org/entity/Q34698,adjective,2
http://www.wikidata.org/entity/L662626,emancipação,http://www.wikidata.org/entity/Q1084,noun,2
http://www.wikidata.org/entity/L663191,comprimido,http://www.wikidata.org/entity/Q1084,noun,2
http://www.wikidata.org/entity/L663723,alergia,http://www.wikidata.org/entity/Q1084,noun,2
http://www.wikidata.org/entity/L448293,humor,http://www.wikidata.org/entity/Q1084,noun,2
http://www.wikidata.org/entity/L448301,produção,http://www.wikidata.org/entity/Q1084,noun,2
http://www.wikidata.org/entity/L448304,resumo,http://www.wikidata.org/entity/Q1084,noun,2
http://www.wikidata.org/entity/L448306,texto,http://www.wikidata.org/entity/Q1084,noun,2
http://www.wikidata.org/entity/L448407,carambola,http://www.wikidata.org/entity/Q1084,noun,2
http://www.wikidata.org/entity/L448411,cuíca,http://www.wikidata.org/entity/Q1084,noun,2
http://www.wikidata.org/entity/L448412,guitarra,http://www.wikidata.org/entity/Q1084,noun,2
http://www.wikidata.org/entity/L448422,pá,http://www.wikidata.org/entity/Q1084,noun,2
http://www.wikidata.org/entity/L448424,escala,http://www.wikidata.org/entity/Q1084,noun,2
http://www.wikidata.org/entity/L448436,comitiva,http://www.wikidata.org/entity/Q1084,noun,2
http://www.wikidata.org/entity/L448439,compra,http://www.wikidata.org/entity/Q1084,noun,2
http://www.wikidata.org/entity/L448440,concha,http://www.wikidata.org/entity/Q1084,noun,2
http://www.wikidata.org/entity/L448454,doidice,http://www.wikidata.org/entity/Q1084,noun,2
http://www.wikidata.org/entity/L448459,entonação,http://www.wikidata.org/entity/Q1084,noun,2
http://www.wikidata.org/entity/L499911,obrigação,http://www.wikidata.org/entity/Q1084,noun,2
http://www.wikidata.org/entity/L493243,diacrítico,http://www.wikidata.org/entity/Q1084,noun,2
http://www.wikidata.org/entity/L494109,conhecido,http://www.wikidata.org/entity/Q34698,adjective,2
http://www.wikidata.org/entity/L497164,desgaste,http://www.wikidata.org/entity/Q1084,noun,2
http://www.wikidata.org/entity/L497173,corante,http://www.wikidata.org/entity/Q1084,noun,2
http://www.wikidata.org/entity/L497178,cata-vento,http://www.wikidata.org/entity/Q1084,noun,2
http://www.wikidata.org/entity/L497186,topónimo,http://www.wikidata.org/entity/Q1084,noun,2
http://www.wikidata.org/entity/L497195,umbral,http://www.wikidata.org/entity/Q1084,noun,2
http://www.wikidata.org/entity/L497201,androceu,http://www.wikidata.org/entity/Q1084,noun,2
http://www.wikidata.org/entity/L497202,gineceu,http://www.wikidata.org/entity/Q1084,noun,2
http://www.wikidata.org/entity/L498950,volante,http://www.wikidata.org/entity/Q1084,noun,2
http://www.wikidata.org/entity/L499914,nacionalidade,http://www.wikidata.org/entity/Q1084,noun,2
http://www.wikidata.org/entity/L499922,modernice,http://www.wikidata.org/entity/Q1084,noun,2
http://www.wikidata.org/entity/L499927,especulação,http://www.wikidata.org/entity/Q1084,noun,2
http://www.wikidata.org/entity/L499930,despesa,http://www.wikidata.org/entity/Q1084,noun,2
http://www.wikidata.org/entity/L499932,cronologia,http://www.wikidata.org/entity/Q1084,noun,2
http://www.wikidata.org/entity/L499935,chispa,http://www.wikidata.org/entity/Q1084,noun,2
http://www.wikidata.org/entity/L499943,dama,http://www.wikidata.org/entity/Q1084,noun,2
http://www.wikidata.org/entity/L499955,peia,http://www.wikidata.org/entity/Q1084,noun,2
http://www.wikidata.org/entity/L499970,síncope,http://www.wikidata.org/entity/Q1084,noun,2
http://www.wikidata.org/entity/L500595,lei,http://www.wikidata.org/entity/Q1084,noun,2
http://www.wikidata.org/entity/L500597,capital,http://www.wikidata.org/entity/Q1084,noun,2
http://www.wikidata.org/entity/L500600,seleção,http://www.wikidata.org/entity/Q1084,noun,2
http://www.wikidata.org/entity/L500603,arte,http://www.wikidata.org/entity/Q1084,noun,2
http://www.wikidata.org/entity/L500604,sociedade,http://www.wikidata.org/entity/Q1084,noun,2
http://www.wikidata.org/entity/L500609,média,http://www.wikidata.org/entity/Q1084,noun,2
http://www.wikidata.org/entity/L500614,organização,http://www.wikidata.org/entity/Q1084,noun,2
http://www.wikidata.org/entity/L500622,comunidade,http://www.wikidata.org/entity/Q1084,noun,2
http://www.wikidata.org/entity/L664574,trilha,http://www.wikidata.org/entity/Q1084,noun,2
http://www.wikidata.org/entity/L664593,adulto,http://www.wikidata.org/entity/Q1084,noun,2
http://www.wikidata.org/entity/L664607,chinês,http://www.wikidata.org/entity/Q34698,adjective,2
http://www.wikidata.org/entity/L664878,soluço,http://www.wikidata.org/entity/Q1084,noun,2
http://www.wikidata.org/entity/L666275,matar,http://www.wikidata.org/entity/Q24905,verb,2
http://www.wikidata.org/entity/L666315,curiosidade,http://www.wikidata.org/entity/Q1084,noun,2
http://www.wikidata.org/entity/L667121,chapada,http://www.wikidata.org/entity/Q1084,noun,2
http://www.wikidata.org/entity/L667123,andorinha,http://www.wikidata.org/entity/Q1084,noun,2
http://www.wikidata.org/entity/L667126,partir,http://www.wikidata.org/entity/Q24905,verb,2
http://www.wikidata.org/entity/L669429,arquivo,http://www.wikidata.org/entity/Q1084,noun,2
http://www.wikidata.org/entity/L669433,escritório,http://www.wikidata.org/entity/Q1084,noun,2
http://www.wikidata.org/entity/L669442,habilidade,http://www.wikidata.org/entity/Q1084,noun,2
http://www.wikidata.org/entity/L669480,frear,http://www.wikidata.org/entity/Q24905,verb,2
http://www.wikidata.org/entity/L669565,morrer,http://www.wikidata.org/entity/Q24905,verb,2
http://www.wikidata.org/entity/L669660,outro,http://www.wikidata.org/entity/Q36224,pronoun,2
http://www.wikidata.org/entity/L669671,textura,http://www.wikidata.org/entity/Q1084,noun,2
http://www.wikidata.org/entity/L669672,veneno,http://www.wikidata.org/entity/Q1084,noun,2
http://www.wikidata.org/entity/L669675,remontar,http://www.wikidata.org/entity/Q24905,verb,2
http://www.wikidata.org/entity/L669934,pretender,http://www.wikidata.org/entity/Q24905,verb,2
http://www.wikidata.org/entity/L669962,sideral,http://www.wikidata.org/entity/Q34698,adjective,2
http://www.wikidata.org/entity/L670174,reprovar,http://www.wikidata.org/entity/Q24905,verb,2
http://www.wikidata.org/entity/L1121535,bater na tecla,http://www.wikidata.org/entity/Q1778442,verb phrase,1
http://www.wikidata.org/entity/L1121536,bater o pé,http://www.wikidata.org/entity/Q1778442,verb phrase,1
http://www.wikidata.org/entity/L1121537,braço direito,http://www.wikidata.org/entity/Q1401131,noun phrase,1
http://www.wikidata.org/entity/L1121538,brincadeira de criança,http://www.wikidata.org/entity/Q1401131,noun phrase,1
http://www.wikidata.org/entity/L1119794,olho mágico,http://www.wikidata.org/entity/Q1401131,noun phrase,1
http://www.wikidata.org/entity/L1119797,nu,http://www.wikidata.org/entity/Q34698,adjective,1
http://www.wikidata.org/entity/L1119799,roxo,http://www.wikidata.org/entity/Q34698,adjective,1
http://www.wikidata.org/entity/L1119805,homem das cavernas,http://www.wikidata.org/entity/Q1401131,noun phrase,1
http://www.wikidata.org/entity/L1119806,horário,http://www.wikidata.org/entity/Q1084,noun,1
http://www.wikidata.org/entity/L1119812,pico,http://www.wikidata.org/entity/Q1084,noun,1
http://www.wikidata.org/entity/L1119814,horário de verão,http://www.wikidata.org/entity/Q1401131,noun phrase,1
http://www.wikidata.org/entity/L1119815,identidade de género,http://www.wikidata.org/entity/Q1401131,noun phrase,1
http://www.wikidata.org/entity/L1119817,ideologia de género,http://www.wikidata.org/entity/Q1401131,noun phrase,1
http://www.wikidata.org/entity/L1119819,idade da pedra,http://www.wikidata.org/entity/Q1401131,noun phrase,1
http://www.wikidata.org/entity/L1119820,treva,http://www.wikidata.org/entity/Q1084,noun,1
http://www.wikidata.org/entity/L1119823,ferro,http://www.wikidata.org/entity/Q1084,noun,1
http://www.wikidata.org/entity/L1119826,mental,http://www.wikidata.org/entity/Q34698,adjective,1
http://www.wikidata.org/entity/L1119828,Idade Média,http://www.wikidata.org/entity/Q1401131,noun phrase,1
http://www.wikidata.org/entity/L1119829,médio,http://www.wikidata.org/entity/Q34698,adjective,1
http://www.wikidata.org/entity/L1119833,instrumento musical,http://www.wikidata.org/entity/Q1401131,noun phrase,1
http://www.wikidata.org/entity/L1119834,lua cheia,http://www.wikidata.org/entity/Q1401131,noun phrase,1
http://www.wikidata.org/entity/L1119838,lua nova,http://www.wikidata.org/entity/Q1401131,noun phrase,1
http://www.wikidata.org/entity/L1119839,mel,http://www.wikidata.org/entity/Q1084,noun,1
http://www.wikidata.org/entity/L1120246,artificial,http://www.wikidata.org/entity/Q34698,adjective,1
http://www.wikidata.org/entity/L1120247,língua artificial,http://www.wikidata.org/entity/Q1401131,noun phrase,1
http://www.wikidata.org/entity/L1120248,língua de sinais,http://www.wikidata.org/entity/Q1401131,noun phrase,1
http://www.wikidata.org/entity/L1120249,materno,http://www.wikidata.org/entity/Q34698,adjective,1
http://www.wikidata.org/entity/L1120389,anião,http://www.wikidata.org/entity/Q1084,noun,1
http://www.wikidata.org/entity/L1120476,pé d'água,http://www.wikidata.org/entity/Q1401131,noun phrase,1
http://www.wikidata.org/entity/L1120477,pé de árvore,http://www.wikidata.org/entity/Q1401131,noun phrase,1
http://www.wikidata.org/entity/L1120479,cabra,http://www.wikidata.org/entity/Q1084,noun,1
http://www.wikidata.org/entity/L1120480,pé de cabra,http://www.wikidata.org/entity/Q1401131,noun phrase,1
http://www.wikidata.org/entity/L1120485,pé de mosca,http://www.wikidata.org/entity/Q1401131,noun phrase,1
http://www.wikidata.org/entity/L1120486,pato,http://www.wikidata.org/entity/Q1084,noun,1
http://www.wikidata.org/entity/L1120487,pé de pato,http://www.wikidata.org/entity/Q1401131,noun phrase,1
http://www.wikidata.org/entity/L1120488,pé de pau,http://www.wikidata.org/entity/Q1401131,noun phrase,1
http://www.wikidata.org/entity/L1120491,pegar ar,http://www.wikidata.org/entity/Q1778442,verb phrase,1
http://www.wikidata.org/entity/L1120495,pegar leve,http://www.wikidata.org/entity/Q1778442,verb phrase,1
http://www.wikidata.org/entity/L1120499,pegar o jeito,http://www.wikidata.org/entity/Q1778442,verb phrase,1
http://www.wikidata.org/entity/L1120502,onda,http://www.wikidata.org/entity/Q1084,noun,1
http://www.wikidata.org/entity/L1120503,pegar onda,http://www.wikidata.org/entity/Q1778442,verb phrase,1
http://www.wikidata.org/entity/L1120504,pensar com seus botões,http://www.wikidata.org/entity/Q1778442,verb phrase,1
http://www.wikidata.org/entity/L1120505,pensar duas vezes,http://www.wikidata.org/entity/Q1778442,verb phrase,1
http://www.wikidata.org/entity/L1120507,bota,http://www.wikidata.org/entity/Q1084,noun,1
http://www.wikidata.org/entity/L1120508,bater as botas,http://www.wikidata.org/entity/Q1778442,verb phrase,1
http://www.wikidata.org/entity/L1120509,perder,http://www.wikidata.org/entity/Q24905,verb,1
http://www.wikidata.org/entity/L1120510,perder de vista,http://www.wikidata.org/entity/Q1778442,verb phrase,1
http://www.wikidata.org/entity/L1120511,perder tempo,http://www.wikidata.org/entity/Q1778442,verb phrase,1
http://www.wikidata.org/entity/L1120514,pílula do dia seguinte,http://www.wikidata.org/entity/Q1401131,noun phrase,1
http://www.wikidata.org/entity/L1120515,ter fogo no rabo,http://www.wikidata.org/entity/Q1778442,verb phrase,1
http://www.wikidata.org/entity/L1120516,ter dois pés esquerdos,http://www.wikidata.org/entity/Q1778442,verb phrase,1
http://www.wikidata.org/entity/L1120518,sofrimento,http://www.wikidata.org/entity/Q1084,noun,1
http://www.wikidata.org/entity/L1120519,acabar com o sofrimento,http://www.wikidata.org/entity/Q1778442,verb phrase,1
http://www.wikidata.org/entity/L1120522,descanso de tela,http://www.wikidata.org/entity/Q1401131,noun phrase,1
http://www.wikidata.org/entity/L1120524,dar trela,http://www.wikidata.org/entity/Q1778442,verb phrase,1
http://www.wikidata.org/entity/L1120525,fazer hora,http://www.wikidata.org/entity/Q1778442,verb phrase,1
http://www.wikidata.org/entity/L1120528,marcar touca,http://www.wikidata.org/entity/Q1778442,verb phrase,1
http://www.wikidata.org/entity/L1121533,acordar para a vida,http://www.wikidata.org/entity/Q1778442,verb phrase,1
http://www.wikidata.org/entity/L1121534,atirar a primeira pedra,http://www.wikidata.org/entity/Q1778442,verb phrase,1
http://www.wikidata.org/entity/L1119011,arma química,http://www.wikidata.org/entity/Q1401131,noun phrase,1
http://www.wikidata.org/entity/L1119012,ejaculação precoce,http://www.wikidata.org/entity/Q1401131,noun phrase,1
http://www.wikidata.org/entity/L1119013,precoce,http://www.wikidata.org/entity/Q34698,adjective,1
http://www.wikidata.org/entity/L1119014,elefante africano,http://www.wikidata.org/entity/Q1401131,noun phrase,1
http://www.wikidata.org/entity/L1000677,sopa,http://www.wikidata.org/entity/Q1084,noun,1
http://www.wikidata.org/entity/L1012088,analgesia,http://www.wikidata.org/entity/Q1084,noun,1
http://www.wikidata.org/entity/L1013957,deslizar,http://www.wikidata.org/entity/Q24905,verb,1
http://www.wikidata.org/entity/L1013959,cochilar,http://www.wikidata.org/entity/Q24905,verb,1
http://www.wikidata.org/entity/L1013960,tontear,http://www.wikidata.org/entity/Q24905,verb,1
http://www.wikidata.org/entity/L1013961,beber,http://www.wikidata.org/entity/Q24905,verb,1
http://www.wikidata.org/entity/L1013962,caminhar,http://www.wikidata.org/entity/Q24905,verb,1
http://www.wikidata.org/entity/L1013963,nadar,http://www.wikidata.org/entity/Q24905,verb,1
http://www.wikidata.org/entity/L1013964,escutar,http://www.wikidata.org/entity/Q24905,verb,1
http://www.wikidata.org/entity/L1013965,entender,http://www.wikidata.org/entity/Q24905,verb,1
http://www.wikidata.org/entity/L1013966,compreender,http://www.wikidata.org/entity/Q24905,verb,1
http://www.wikidata.org/entity/L1013967,perceber,http://www.wikidata.org/entity/Q24905,verb,1
http://www.wikidata.org/entity/L1013968,chorar,http://www.wikidata.org/entity/Q24905,verb,1
http://www.wikidata.org/entity/L1013970,urinar,http://www.wikidata.org/entity/Q24905,verb,1
http://www.wikidata.org/entity/L1013971,mijar,http://www.wikidata.org/entity/Q24905,verb,1
http://www.wikidata.org/entity/L1013973,ficar de pé,http://www.wikidata.org/entity/Q1778442,verb phrase,1
http://www.wikidata.org/entity/L1013974,arremessar,http://www.wikidata.org/entity/Q24905,verb,1
http://www.wikidata.org/entity/L1013975,atirar,http://www.wikidata.org/entity/Q24905,verb,1
http://www.wikidata.org/entity/L1013977,lecionar,http://www.wikidata.org/entity/Q24905,verb,1
http://www.wikidata.org/entity/L1013978,ensinar,http://www.wikidata.org/entity/Q24905,verb,1
http://www.wikidata.org/entity/L1013979,limpar,http://www.wikidata.org/entity/Q24905,verb,1
http://www.wikidata.org/entity/L1013982,assentar,http://www.wikidata.org/entity/Q24905,verb,1
http://www.wikidata.org/entity/L1013983,obrar,http://www.wikidata.org/entity/Q24905,verb,1
http://www.wikidata.org/entity/L1013984,cagar,http://www.wikidata.org/entity/Q24905,verb,1
http://www.wikidata.org/entity/L1013985,evacuar,http://www.wikidata.org/entity/Q24905,verb,1
http://www.wikidata.org/entity/L1013986,defecar,http://www.wikidata.org/entity/Q24905,verb,1
http://www.wikidata.org/entity/L1014092,mala,http://www.wikidata.org/entity/Q1084,noun,1
http://www.wikidata.org/entity/L1014093,mala,http://www.wikidata.org/entity/Q1084,noun,1
http://www.wikidata.org/entity/L1014095,cor,http://www.wikidata.org/entity/Q1084,noun,1
http://www.wikidata.org/entity/L1017186,bissanense,http://www.wikidata.org/entity/Q1084,noun,1
http://www.wikidata.org/entity/L1017217,bissauense,http://www.wikidata.org/entity/Q1084,noun,1
http://www.wikidata.org/entity/L1017413,furar,http://www.wikidata.org/entity/Q24905,verb,1
http://www.wikidata.org/entity/L1017424,mole,http://www.wikidata.org/entity/Q34698,adjective,1
http://www.wikidata.org/entity/L1017664,lourenço-marquino,http://www.wikidata.org/entity/Q1084,noun,1
http://www.wikidata.org/entity/L1017677,luandense,http://www.wikidata.org/entity/Q1084,noun,1
http://www.wikidata.org/entity/L477647,cor,http://www.wikidata.org/entity/Q1084,noun,1
http://www.wikidata.org/entity/L618648,mala,http://www.wikidata.org/entity/Q1084,noun,1
http://www.wikidata.org/entity/L642150,até,http://www.wikidata.org/entity/Q380057,adverb,1
http://www.wikidata.org/entity/L1073013,cê,http://www.wikidata.org/entity/Q36224,pronoun,1
http://www.wikidata.org/entity/L1081071,advogado do diabo,http://www.wikidata.org/entity/Q1084,noun,1
http://www.wikidata.org/entity/L1119084,pantalonas,http://www.wikidata.org/entity/Q1084,noun,1
http://www.wikidata.org/entity/L222276,janela,http://www.wikidata.org/entity/Q1084,noun,1
http://www.wikidata.org/entity/L1116155,vingança,http://www.wikidata.org/entity/Q1084,noun,1
http://www.wikidata.org/entity/L1116729,"quando o gato sai, os ratos fazem a festa",http://www.wikidata.org/entity/Q35102,proverb,1
http://www.wikidata.org/entity/L1116775,sair,http://www.wikidata.org/entity/Q24905,verb,1
http://www.wikidata.org/entity/L1118966,acordar com o pé esquerdo,http://www.wikidata.org/entity/Q1778442,verb phrase,1
http://www.wikidata.org/entity/L1118968,esquerdo,http://www.wikidata.org/entity/Q34698,adjective,1
http://www.wikidata.org/entity/L1118972,a necessidade é a mãe de toda invenção,http://www.wikidata.org/entity/Q35102,proverb,1
http://www.wikidata.org/entity/L1118982,secreto,http://www.wikidata.org/entity/Q34698,adjective,1
http://www.wikidata.org/entity/L1118990,analfabeto,http://www.wikidata.org/entity/Q1084,noun,1
http://www.wikidata.org/entity/L1118992,analfabetismo funcional,http://www.wikidata.org/entity/Q1401131,noun phrase,1
http://www.wikidata.org/entity/L1119000,areia,http://www.wikidata.org/entity/Q1084,noun,1
http://www.wikidata.org/entity/L1119001,movediço,http://www.wikidata.org/entity/Q34698,adjective,1
http://www.wikidata.org/entity/L1119002,arma branca,http://www.wikidata.org/entity/Q1401131,noun phrase,1
http://www.wikidata.org/entity/L1119003,arma nuclear,http://www.wikidata.org/entity/Q1401131,noun phrase,1
http://www.wikidata.org/entity/L1119005,fissão nuclear,http://www.wikidata.org/entity/Q1401131,noun phrase,1
http://www.wikidata.org/entity/L1119009,ogiva nuclear,http://www.wikidata.org/entity/Q1401131,noun phrase,1
http://www.wikidata.org/entity/L1119782,energia potencial,http://www.wikidata.org/entity/Q1401131,noun phrase,1
http://www.wikidata.org/entity/L1119784,energia mecânica,http://www.wikidata.org/entity/Q1401131,noun phrase,1
http://www.wikidata.org/entity/L1119787,bobo,http://www.wikidata.org/entity/Q34698,adjective,1
http://www.wikidata.org/entity/L1119015,elefante,http://www.wikidata.org/entity/Q1084,noun,1
http://www.wikidata.org/entity/L1119016,elo perdido,http://www.wikidata.org/entity/Q1401131,noun phrase,1
http://www.wikidata.org/entity/L1119017,elo,http://www.wikidata.org/entity/Q1084,noun,1
http://www.wikidata.org/entity/L1119021,estação espacial,http://www.wikidata.org/entity/Q1401131,noun phrase,1
http://www.wikidata.org/entity/L1119027,botánico,http://www.wikidata.org/entity/Q34698,adjective,1
http://www.wikidata.org/entity/L1119034,cheio,http://www.wikidata.org/entity/Q34698,adjective,1
http://www.wikidata.org/entity/L1119037,mentira tem perna curta,http://www.wikidata.org/entity/Q35102,proverb,1
http://www.wikidata.org/entity/L1119039,a maré não está para peixe,http://www.wikidata.org/entity/Q35102,proverb,1
http://www.wikidata.org/entity/L1119041,maré,http://www.wikidata.org/entity/Q1084,noun,1
http://www.wikidata.org/entity/L1119042,macaco velho não põe a mão em cumbuca,http://www.wikidata.org/entity/Q35102,proverb,1
http://www.wikidata.org/entity/L1119043,pôr,http://www.wikidata.org/entity/Q24905,verb,1
http://www.wikidata.org/entity/L1119044,cumbuca,http://www.wikidata.org/entity/Q1084,noun,1
http://www.wikidata.org/entity/L1119046,farinha,http://www.wikidata.org/entity/Q1084,noun,1
http://www.wikidata.org/entity/L1119047,saco,http://www.wikidata.org/entity/Q1084,noun,1
http://www.wikidata.org/entity/L1119049,cutucar,http://www.wikidata.org/entity/Q24905,verb,1
http://www.wikidata.org/entity/L1119065,bezerra,http://www.wikidata.org/entity/Q1084,noun,1
http://www.wikidata.org/entity/L1119141,nomenclatura binomial,http://www.wikidata.org/entity/Q1401131,noun phrase,1
http://www.wikidata.org/entity/L1119435,cuidar da própria vida,http://www.wikidata.org/entity/Q1778442,verb phrase,1
http://www.wikidata.org/entity/L1119438,cortar o mal pela raiz,http://www.wikidata.org/entity/Q1778442,verb phrase,1
http://www.wikidata.org/entity/L1119439,cu,http://www.wikidata.org/entity/Q1084,noun,1
http://www.wikidata.org/entity/L1119440,contar com o ovo no cu da galinha,http://www.wikidata.org/entity/Q1778442,verb phrase,1
http://www.wikidata.org/entity/L1119441,dar um bolo,http://www.wikidata.org/entity/Q1778442,verb phrase,1
http://www.wikidata.org/entity/L1119442,dar uma banana,http://www.wikidata.org/entity/Q1778442,verb phrase,1
http://www.wikidata.org/entity/L1119443,passar a perna,http://www.wikidata.org/entity/Q1778442,verb phrase,1
http://www.wikidata.org/entity/L1119445,preparar o terreno,http://www.wikidata.org/entity/Q1778442,verb phrase,1
http://www.wikidata.org/entity/L1119448,culatra,http://www.wikidata.org/entity/Q1084,noun,1
http://www.wikidata.org/entity/L1119530,da moléstia,http://www.wikidata.org/entity/Q357760,adjectival locution,1
http://www.wikidata.org/entity/L1119534,a pulso,http://www.wikidata.org/entity/Q3734650,adverbial phrase,1
http://www.wikidata.org/entity/L1119560,baixa da égua,http://www.wikidata.org/entity/Q1401131,noun phrase,1
http://www.wikidata.org/entity/L1119564,conversa,http://www.wikidata.org/entity/Q1084,noun,1
http://www.wikidata.org/entity/L1119565,caçar conversa,http://www.wikidata.org/entity/Q1778442,verb phrase,1
http://www.wikidata.org/entity/L1119566,dar uma carreira,http://www.wikidata.org/entity/Q1778442,verb phrase,1
http://www.wikidata.org/entity/L1119567,falar nome,http://www.wikidata.org/entity/Q1778442,verb phrase,1
http://www.wikidata.org/entity/L1119600,pai d'égua,http://www.wikidata.org/entity/Q357760,adjectival locution,1
http://www.wikidata.org/entity/L1119607,por riba,http://www.wikidata.org/entity/Q3734650,adverbial phrase,1
http://www.wikidata.org/entity/L1119608,mato,http://www.wikidata.org/entity/Q1084,noun,1
http://www.wikidata.org/entity/L1119610,rebolar no mato,http://www.wikidata.org/entity/Q1778442,verb phrase,1
http://www.wikidata.org/entity/L1119612,estar na bruxa,http://www.wikidata.org/entity/Q1778442,verb phrase,1
http://www.wikidata.org/entity/L1119734,livre,http://www.wikidata.org/entity/Q34698,adjective,1
http://www.wikidata.org/entity/L1119735,a céu aberto,http://www.wikidata.org/entity/Q3734650,adverbial phrase,1
http://www.wikidata.org/entity/L1119755,a fé move montanhas,http://www.wikidata.org/entity/Q35102,proverb,1
http://www.wikidata.org/entity/L1119756,à moda antiga,http://www.wikidata.org/entity/Q3734650,adverbial phrase,1
http://www.wikidata.org/entity/L1119757,a preço de banana,http://www.wikidata.org/entity/Q3734650,adverbial phrase,1
http://www.wikidata.org/entity/L1119763,abominável homem das neves,http://www.wikidata.org/entity/Q1401131,noun phrase,1
http://www.wikidata.org/entity/L1119773,financeiro,http://www.wikidata.org/entity/Q34698,adjective,1
http://www.wikidata.org/entity/L1119776,energia cinética,http://www.wikidata.org/entity/Q1401131,noun phrase,1
http://www.wikidata.org/entity/L1119778,escuro,http://www.wikidata.org/entity/Q34698,adjective,1
http://www.wikidata.org/entity/L1119779,energia escura,http://www.wikidata.org/entity/Q1401131,noun phrase,1
http://www.wikidata.org/entity/L643834,dar,http://www.wikidata.org/entity/Q24905,verb,1
http://www.wikidata.org/entity/L646151,civil,http://www.wikidata.org/entity/Q1084,noun,1
http://www.wikidata.org/entity/L646311,mesmo,http://www.wikidata.org/entity/Q34698,adjective,1
http://www.wikidata.org/entity/L646313,pensar,http://www.wikidata.org/entity/Q24905,verb,1
http://www.wikidata.org/entity/L647776,branco,http://www.wikidata.org/entity/Q34698,adjective,1
http://www.wikidata.org/entity/L647961,curto,http://www.wikidata.org/entity/Q34698,adjective,1
http://www.wikidata.org/entity/L648257,chuva,http://www.wikidata.org/entity/Q1084,noun,1
http://www.wikidata.org/entity/L449062,ninho,http://www.wikidata.org/entity/Q1084,noun,1
http://www.wikidata.org/entity/L449085,inferno,http://www.wikidata.org/entity/Q1084,noun,1
http://www.wikidata.org/entity/L449087,verão,http://www.wikidata.org/entity/Q1084,noun,1
http://www.wikidata.org/entity/L451530,acabar,http://www.wikidata.org/entity/Q24905,verb,1
http://www.wikidata.org/entity/L464463,amizade,http://www.wikidata.org/entity/Q1084,noun,1
http://www.wikidata.org/entity/L464466,festa,http://www.wikidata.org/entity/Q1084,noun,1
http://www.wikidata.org/entity/L46802,macaco,http://www.wikidata.org/entity/Q1084,noun,1
http://www.wikidata.org/entity/L46839,papel,http://www.wikidata.org/entity/Q1084,noun,1
http://www.wikidata.org/entity/L46853,um,http://www.wikidata.org/entity/Q3813849,indefinite article,1
http://www.wikidata.org/entity/L46867,dois,http://www.wikidata.org/entity/Q63116,numeral,1
http://www.wikidata.org/entity/L472000,acordar,http://www.wikidata.org/entity/Q24905,verb,1
http://www.wikidata.org/entity/L473307,aberto,http://www.wikidata.org/entity/Q34698,adjective,1
http://www.wikidata.org/entity/L474544,mecânico,http://www.wikidata.org/entity/Q34698,adjective,1
http://www.wikidata.org/entity/L476956,amargo,http://www.wikidata.org/entity/Q34698,adjective,1
http://www.wikidata.org/entity/L477154,nome,http://www.wikidata.org/entity/Q1084,noun,1
http://www.wikidata.org/entity/L477167,pai,http://www.wikidata.org/entity/Q1084,noun,1
http://www.wikidata.org/entity/L477188,homem,http://www.wikidata.org/entity/Q1084,noun,1
http://www.wikidata.org/entity/L477307,igreja,http://www.wikidata.org/entity/Q1084,noun,1
http://www.wikidata.org/entity/L477311,carreira,http://www.wikidata.org/entity/Q1084,noun,1
http://www.wikidata.org/entity/L477315,no,http://www.wikidata.org/entity/Q126473,contraction,1
http://www.wikidata.org/entity/L478293,analfabeto,http://www.wikidata.org/entity/Q34698,adjective,1
http://www.wikidata.org/entity/L479606,antigo,http://www.wikidata.org/entity/Q34698,adjective,1
http://www.wikidata.org/entity/L479885,falar,http://www.wikidata.org/entity/Q24905,verb,1
http://www.wikidata.org/entity/L480996,seu,http://www.wikidata.org/entity/Q36224,pronoun,1
http://www.wikidata.org/entity/L493205,peito,http://www.wikidata.org/entity/Q1084,noun,1
http://www.wikidata.org/entity/L497176,pó,http://www.wikidata.org/entity/Q1084,noun,1
http://www.wikidata.org/entity/L497182,sopro,http://www.wikidata.org/entity/Q1084,noun,1
http://www.wikidata.org/entity/L499921,moléstia,http://www.wikidata.org/entity/Q1084,noun,1
http://www.wikidata.org/entity/L499951,boa,http://www.wikidata.org/entity/Q1084,noun,1
http://www.wikidata.org/entity/L500634,hora,http://www.wikidata.org/entity/Q1084,noun,1
http://www.wikidata.org/entity/L500670,paz,http://www.wikidata.org/entity/Q1084,noun,1
http://www.wikidata.org/entity/L500697,ciência,http://www.wikidata.org/entity/Q1084,noun,1
http://www.wikidata.org/entity/L500700,pedra,http://www.wikidata.org/entity/Q1084,noun,1
http://www.wikidata.org/entity/L500868,eletrónico,http://www.wikidata.org/entity/Q34698,adjective,1
http://www.wikidata.org/entity/L500961,mal,http://www.wikidata.org/entity/Q1084,noun,1
http://www.wikidata.org/entity/L500993,musical,http://www.wikidata.org/entity/Q1084,noun,1
http://www.wikidata.org/entity/L501396,perna,http://www.wikidata.org/entity/Q1084,noun,1
http://www.wikidata.org/entity/L501547,educação,http://www.wikidata.org/entity/Q1084,noun,1
http://www.wikidata.org/entity/L501556,imprensa,http://www.wikidata.org/entity/Q1084,noun,1
http://www.wikidata.org/entity/L502268,sinal,http://www.wikidata.org/entity/Q1084,noun,1
http://www.wikidata.org/entity/L518882,fé,http://www.wikidata.org/entity/Q1084,noun,1
http://www.wikidata.org/entity/L524624,clássico,http://www.wikidata.org/entity/Q34698,adjective,1
http://www.wikidata.org/entity/L525335,nuclear,http://www.wikidata.org/entity/Q34698,adjective,1
http://www.wikidata.org/entity/L558167,expressão,http://www.wikidata.org/entity/Q1084,noun,1
http://www.wikidata.org/entity/L558202,intenção,http://www.wikidata.org/entity/Q1084,noun,1
http://www.wikidata.org/entity/L558231,terreno,http://www.wikidata.org/entity/Q1084,noun,1
http://www.wikidata.org/entity/L558250,usar,http://www.wikidata.org/entity/Q24905,verb,1
http://www.wikidata.org/entity/L562425,direito,http://www.wikidata.org/entity/Q34698,adjective,1
http://www.wikidata.org/entity/L584018,pico,http://www.wikidata.org/entity/Q1084,noun,1
http://www.wikidata.org/entity/L618550,mosca,http://www.wikidata.org/entity/Q1084,noun,1
http://www.wikidata.org/entity/L618557,dente,http://www.wikidata.org/entity/Q1084,noun,1
http://www.wikidata.org/entity/L618657,bolo,http://www.wikidata.org/entity/Q1084,noun,1
http://www.wikidata.org/entity/L619085,vista,http://www.wikidata.org/entity/Q1084,noun,1
http://www.wikidata.org/entity/L620502,potencial,http://www.wikidata.org/entity/Q1084,noun,1
http://www.wikidata.org/entity/L639955,leite,http://www.wikidata.org/entity/Q1084,noun,1
http://www.wikidata.org/entity/L448180,chinelo,http://www.wikidata.org/entity/Q1084,noun,1
http://www.wikidata.org/entity/L448187,mágico,http://www.wikidata.org/entity/Q1084,noun,1
http://www.wikidata.org/entity/L448398,onça,http://www.wikidata.org/entity/Q1084,noun,1
http://www.wikidata.org/entity/L448457,ejaculação,http://www.wikidata.org/entity/Q1084,noun,1
http://www.wikidata.org/entity/L1121653,lábio,http://www.wikidata.org/entity/Q1084,noun,1
http://www.wikidata.org/entity/L1121656,lábio leporino,http://www.wikidata.org/entity/Q1401131,noun phrase,1
http://www.wikidata.org/entity/L1121659,lábios maiores,http://www.wikidata.org/entity/Q1401131,noun phrase,1
http://www.wikidata.org/entity/L1121660,lábios menores,http://www.wikidata.org/entity/Q1401131,noun phrase,1
http://www.wikidata.org/entity/L1121661,lágrima,http://www.wikidata.org/entity/Q1084,noun,1
http://www.wikidata.org/entity/L1121662,lágrimas de crocodilo,http://www.wikidata.org/entity/Q1401131,noun phrase,1
http://www.wikidata.org/entity/L1121663,laranja amarga,http://www.wikidata.org/entity/Q1401131,noun phrase,1
http://www.wikidata.org/entity/L1121664,laranja azeda,http://www.wikidata.org/entity/Q1401131,noun phrase,1
http://www.wikidata.org/entity/L1121666,laranja-mimosa,http://www.wikidata.org/entity/Q1401131,noun phrase,1
http://www.wikidata.org/entity/L1121667,laranja-cravo,http://www.wikidata.org/entity/Q1401131,noun phrase,1
http://www.wikidata.org/entity/L1121668,laranja da China,http://www.wikidata.org/entity/Q1401131,noun phrase,1
http://www.wikidata.org/entity/L1121669,laranja-da-terra,http://www.wikidata.org/entity/Q1401131,noun phrase,1
http://www.wikidata.org/entity/L1121671,latim,http://www.wikidata.org/entity/Q1084,noun,1
http://www.wikidata.org/entity/L1121672,latim clássico,http://www.wikidata.org/entity/Q1401131,noun phrase,1
http://www.wikidata.org/entity/L1121674,arcaico,http://www.wikidata.org/entity/Q34698,adjective,1
http://www.wikidata.org/entity/L1121675,latim arcaico,http://www.wikidata.org/entity/Q1401131,noun phrase,1
http://www.wikidata.org/entity/L1121678,eclesiástico,http://www.wikidata.org/entity/Q34698,adjective,1
http://www.wikidata.org/entity/L1121679,latim eclesiástico,http://www.wikidata.org/entity/Q1401131,noun phrase,1
http://www.wikidata.org/entity/L1121680,medieval,http://www.wikidata.org/entity/Q34698,adjective,1
http://www.wikidata.org/entity/L1121681,latim medieval,http://www.wikidata.org/entity/Q1401131,noun phrase,1
http://www.wikidata.org/entity/L1121683,vulgar,http://www.wikidata.org/entity/Q34698,adjective,1
http://www.wikidata.org/entity/L1121684,latim vulgar,http://www.wikidata.org/entity/Q1401131,noun phrase,1
http://www.wikidata.org/entity/L1121686,latino-americano,http://www.wikidata.org/entity/Q1401131,noun phrase,1
http://www.wikidata.org/entity/L1121691,leite condensado,http://www.wikidata.org/entity/Q1401131,noun phrase,1
http://www.wikidata.org/entity/L1121693,leite gordo,http://www.wikidata.org/entity/Q1401131,noun phrase,1
http://www.wikidata.org/entity/L1121694,leite materno,http://www.wikidata.org/entity/Q1401131,noun phrase,1
http://www.wikidata.org/entity/L1121696,leite moça,http://www.wikidata.org/entity/Q1401131,noun phrase,1
http://www.wikidata.org/entity/L1121703,leite de coco,http://www.wikidata.org/entity/Q1401131,noun phrase,1
http://www.wikidata.org/entity/L1121705,leite de peito,http://www.wikidata.org/entity/Q1401131,noun phrase,1
http://www.wikidata.org/entity/L1121708,leite de soja,http://www.wikidata.org/entity/Q1401131,noun phrase,1
http://www.wikidata.org/entity/L1121709,leite em pó,http://www.wikidata.org/entity/Q1401131,noun phrase,1
http://www.wikidata.org/entity/L1121710,leite ninho,http://www.wikidata.org/entity/Q1401131,noun phrase,1
http://www.wikidata.org/entity/L1121712,lente de contacto,http://www.wikidata.org/entity/Q1401131,noun phrase,1
http://www.wikidata.org/entity/L1121713,liberdade de expressão,http://www.wikidata.org/entity/Q1401131,noun phrase,1
http://www.wikidata.org/entity/L1121714,liberdade de imprensa,http://www.wikidata.org/entity/Q1401131,noun phrase,1
http://www.wikidata.org/entity/L1121717,salvar pelo gongo,http://www.wikidata.org/entity/Q1778442,verb phrase,1
http://www.wikidata.org/entity/L1121719,pérola,http://www.wikidata.org/entity/Q1084,noun,1
http://www.wikidata.org/entity/L1121720,porco,http://www.wikidata.org/entity/Q1084,noun,1
http://www.wikidata.org/entity/L1121721,jogar pérolas aos porcos,http://www.wikidata.org/entity/Q1778442,verb phrase,1
http://www.wikidata.org/entity/L1121724,descansar em paz,http://www.wikidata.org/entity/Q1778442,verb phrase,1
http://www.wikidata.org/entity/L1121725,punheta,http://www.wikidata.org/entity/Q1084,noun,1
http://www.wikidata.org/entity/L1121726,bater punheta,http://www.wikidata.org/entity/Q1778442,verb phrase,1
http://www.wikidata.org/entity/L1121728,tocar punheta,http://www.wikidata.org/entity/Q1778442,verb phrase,1
http://www.wikidata.org/entity/L1121923,acupunturista,http://www.wikidata.org/entity/Q1084,noun,1
http://www.wikidata.org/entity/L1133220,todo,http://www.wikidata.org/entity/Q1084,noun,1
http://www.wikidata.org/entity/L226647,arma,http://www.wikidata.org/entity/Q1084,noun,1
http://www.wikidata.org/entity/L226781,mãe,http://www.wikidata.org/entity/Q1084,noun,1
http://www.wikidata.org/entity/L2782,o,http://www.wikidata.org/entity/Q2865743,definite article,1
http://www.wikidata.org/entity/L34280,gato,http://www.wikidata.org/entity/Q1084,noun,1
http://www.wikidata.org/entity/L39702,amigo,http://www.wikidata.org/entity/Q1084,noun,1
http://www.wikidata.org/entity/L407,casa,http://www.wikidata.org/entity/Q1084,noun,1
http://www.wikidata.org/entity/L41087,ter,http://www.wikidata.org/entity/Q24905,verb,1
http://www.wikidata.org/entity/L447045,galinha,http://www.wikidata.org/entity/Q1084,noun,1
http://www.wikidata.org/entity/L447136,árvore,http://www.wikidata.org/entity/Q1084,noun,1
http://www.wikidata.org/entity/L447172,armário,http://www.wikidata.org/entity/Q1084,noun,1
http://www.wikidata.org/entity/L447204,dia,http://www.wikidata.org/entity/Q1084,noun,1
http://www.wikidata.org/entity/L447236,santo,http://www.wikidata.org/entity/Q1084,noun,1
http://www.wikidata.org/entity/L447237,bruxo,http://www.wikidata.org/entity/Q1084,noun,1
http://www.wikidata.org/entity/L447390,banana,http://www.wikidata.org/entity/Q1084,noun,1
http://www.wikidata.org/entity/L447397,corda,http://www.wikidata.org/entity/Q1084,noun,1
http://www.wikidata.org/entity/L447781,tela,http://www.wikidata.org/entity/Q1084,noun,1
http://www.wikidata.org/entity/L447824,montanha,http://www.wikidata.org/entity/Q1084,noun,1
http://www.wikidata.org/entity/L447852,crocodilo,http://www.wikidata.org/entity/Q1084,noun,1
http://www.wikidata.org/entity/L447888,milagre,http://www.wikidata.org/entity/Q1084,noun,1
http://www.wikidata.org/entity/L447921,atleta,http://www.wikidata.org/entity/Q1084,noun,1
http://www.wikidata.org/entity/L448019,peixe,http://www.wikidata.org/entity/Q1084,noun,1
http://www.wikidata.org/entity/L448058,criança,http://www.wikidata.org/entity/Q1084,noun,1
http://www.wikidata.org/entity/L448703,remetente,http://www.wikidata.org/entity/Q1084,noun,1
http://www.wikidata.org/entity/L448704,destinatário,http://www.wikidata.org/entity/Q1084,noun,1
http://www.wikidata.org/entity/L448705,emissor,http://www.wikidata.org/entity/Q1084,noun,1
http://www.wikidata.org/entity/L448707,surfe,http://www.wikidata.org/entity/Q1084,noun,1
http://www.wikidata.org/entity/L448709,fado,http://www.wikidata.org/entity/Q1084,noun,1
http://www.wikidata.org/entity/L448589,descrição,http://www.wikidata.org/entity/Q1084,noun,1
http://www.wikidata.org/entity/L448590,pipoca,http://www.wikidata.org/entity/Q1084,noun,1
http://www.wikidata.org/entity/L448591,pera,http://www.wikidata.org/entity/Q1084,noun,1
http://www.wikidata.org/entity/L448592,coxa,http://www.wikidata.org/entity/Q1084,noun,1
http://www.wikidata.org/entity/L448593,unha,http://www.wikidata.org/entity/Q1084,noun,1
http://www.wikidata.org/entity/L448596,alegria,http://www.wikidata.org/entity/Q1084,noun,1
http://www.wikidata.org/entity/L448597,tristeza,http://www.wikidata.org/entity/Q1084,noun,1
http://www.wikidata.org/entity/L448599,magazine,http://www.wikidata.org/entity/Q1084,noun,1
http://www.wikidata.org/entity/L448600,mercearia,http://www.wikidata.org/entity/Q1084,noun,1
http://www.wikidata.org/entity/L448601,farda,http://www.wikidata.org/entity/Q1084,noun,1
http://www.wikidata.org/entity/L448602,farra,http://www.wikidata.org/entity/Q1084,noun,1
http://www.wikidata.org/entity/L448604,crina,http://www.wikidata.org/entity/Q1084,noun,1
http://www.wikidata.org/entity/L448605,vítima,http://www.wikidata.org/entity/Q1084,noun,1
http://www.wikidata.org/entity/L448606,ave,http://www.wikidata.org/entity/Q1084,noun,1
http://www.wikidata.org/entity/L448610,dinâmica,http://www.wikidata.org/entity/Q1084,noun,1
http://www.wikidata.org/entity/L448611,finança,http://www.wikidata.org/entity/Q1084,noun,1
http://www.wikidata.org/entity/L448612,gincana,http://www.wikidata.org/entity/Q1084,noun,1
http://www.wikidata.org/entity/L448629,estudar,http://www.wikidata.org/entity/Q24905,verb,1
http://www.wikidata.org/entity/L448631,radiador,http://www.wikidata.org/entity/Q1084,noun,1
http://www.wikidata.org/entity/L448634,causo,http://www.wikidata.org/entity/Q1084,noun,1
http://www.wikidata.org/entity/L448636,festival,http://www.wikidata.org/entity/Q1084,noun,1
http://www.wikidata.org/entity/L448637,envio,http://www.wikidata.org/entity/Q1084,noun,1
http://www.wikidata.org/entity/L448639,lusitano,http://www.wikidata.org/entity/Q1084,noun,1
http://www.wikidata.org/entity/L448640,albatroz,http://www.wikidata.org/entity/Q1084,noun,1
http://www.wikidata.org/entity/L448641,avestruz,http://www.wikidata.org/entity/Q1084,noun,1
http://www.wikidata.org/entity/L448642,pinguim,http://www.wikidata.org/entity/Q1084,noun,1
http://www.wikidata.org/entity/L448644,atum,http://www.wikidata.org/entity/Q1084,noun,1
http://www.wikidata.org/entity/L448645,bacalhau,http://www.wikidata.org/entity/Q1084,noun,1
http://www.wikidata.org/entity/L448646,baiacu,http://www.wikidata.org/entity/Q1084,noun,1
http://www.wikidata.org/entity/L448648,ácaro,http://www.wikidata.org/entity/Q1084,noun,1
http://www.wikidata.org/entity/L448649,crepúsculo,http://www.wikidata.org/entity/Q1084,noun,1
http://www.wikidata.org/entity/L448650,amanhecer,http://www.wikidata.org/entity/Q1084,noun,1
http://www.wikidata.org/entity/L448651,entardecer,http://www.wikidata.org/entity/Q1084,noun,1
http://www.wikidata.org/entity/L448652,lambari,http://www.wikidata.org/entity/Q1084,noun,1
http://www.wikidata.org/entity/L448653,linguado,http://www.wikidata.org/entity/Q1084,noun,1
http://www.wikidata.org/entity/L448654,cágado,http://www.wikidata.org/entity/Q1084,noun,1
http://www.wikidata.org/entity/L448655,camaleão,http://www.wikidata.org/entity/Q1084,noun,1
http://www.wikidata.org/entity/L448656,jabuti,http://www.wikidata.org/entity/Q1084,noun,1
http://www.wikidata.org/entity/L448658,teiú,http://www.wikidata.org/entity/Q1084,noun,1
http://www.wikidata.org/entity/L448659,urutu,http://www.wikidata.org/entity/Q1084,noun,1
http://www.wikidata.org/entity/L448660,dromedário,http://www.wikidata.org/entity/Q1084,noun,1
http://www.wikidata.org/entity/L448661,chimpanzé,http://www.wikidata.org/entity/Q1084,noun,1
http://www.wikidata.org/entity/L448662,golfinho,http://www.wikidata.org/entity/Q1084,noun,1
http://www.wikidata.org/entity/L448663,hipopótamo,http://www.wikidata.org/entity/Q1084,noun,1
http://www.wikidata.org/entity/L448664,ornitorrinco,http://www.wikidata.org/entity/Q1084,noun,1
http://www.wikidata.org/entity/L448665,rinoceronte,http://www.wikidata.org/entity/Q1084,noun,1
http://www.wikidata.org/entity/L448666,barbeiro,http://www.wikidata.org/entity/Q1084,noun,1
http://www.wikidata.org/entity/L448669,brócolis,http://www.wikidata.org/entity/Q1084,noun,1
http://www.wikidata.org/entity/L448670,espinafre,http://www.wikidata.org/entity/Q1084,noun,1
http://www.wikidata.org/entity/L448672,girassol,http://www.wikidata.org/entity/Q1084,noun,1
http://www.wikidata.org/entity/L448673,lírio,http://www.wikidata.org/entity/Q1084,noun,1
http://www.wikidata.org/entity/L448674,jenipapo,http://www.wikidata.org/entity/Q1084,noun,1
http://www.wikidata.org/entity/L448677,pequi,http://www.wikidata.org/entity/Q1084,noun,1
http://www.wikidata.org/entity/L448678,sapoti,http://www.wikidata.org/entity/Q1084,noun,1
http://www.wikidata.org/entity/L448679,oboé,http://www.wikidata.org/entity/Q1084,noun,1
http://www.wikidata.org/entity/L448681,violão,http://www.wikidata.org/entity/Q1084,noun,1
http://www.wikidata.org/entity/L448682,xilofone,http://www.wikidata.org/entity/Q1084,noun,1
http://www.wikidata.org/entity/L448684,cronômetro,http://www.wikidata.org/entity/Q1084,noun,1
http://www.wikidata.org/entity/L448686,alicate,http://www.wikidata.org/entity/Q1084,noun,1
http://www.wikidata.org/entity/L448687,alicerce,http://www.wikidata.org/entity/Q1084,noun,1
http://www.wikidata.org/entity/L448689,hexágono,http://www.wikidata.org/entity/Q1084,noun,1
http://www.wikidata.org/entity/L448690,paralelogramo,http://www.wikidata.org/entity/Q1084,noun,1
http://www.wikidata.org/entity/L448691,paralelepípedo,http://www.wikidata.org/entity/Q1084,noun,1
http://www.wikidata.org/entity/L448692,retângulo,http://www.wikidata.org/entity/Q1084,noun,1
http://www.wikidata.org/entity/L448693,balanço,http://www.wikidata.org/entity/Q1084,noun,1
http://www.wikidata.org/entity/L448694,escorregador,http://www.wikidata.org/entity/Q1084,noun,1
http://www.wikidata.org/entity/L448695,patinete,http://www.wikidata.org/entity/Q1084,noun,1
http://www.wikidata.org/entity/L448696,porão,http://www.wikidata.org/entity/Q1084,noun,1
http://www.wikidata.org/entity/L448697,ciclismo,http://www.wikidata.org/entity/Q1084,noun,1
http://www.wikidata.org/entity/L448698,mesário,http://www.wikidata.org/entity/Q1084,noun,1
http://www.wikidata.org/entity/L448700,açoite,http://www.wikidata.org/entity/Q1084,noun,1
http://www.wikidata.org/entity/L448585,grávida,http://www.wikidata.org/entity/Q1084,noun,1
http://www.wikidata.org/entity/L448587,crítica,http://www.wikidata.org/entity/Q1084,noun,1
http://www.wikidata.org/entity/L448471,quaresma,http://www.wikidata.org/entity/Q1084,noun,1
http://www.wikidata.org/entity/L448472,quaresmeira,http://www.wikidata.org/entity/Q1084,noun,1
http://www.wikidata.org/entity/L448474,refração,http://www.wikidata.org/entity/Q1084,noun,1
http://www.wikidata.org/entity/L448475,rifa,http://www.wikidata.org/entity/Q1084,noun,1
http://www.wikidata.org/entity/L448477,roleta,http://www.wikidata.org/entity/Q1084,noun,1
http://www.wikidata.org/entity/L448478,rubéola,http://www.wikidata.org/entity/Q1084,noun,1
http://www.wikidata.org/entity/L448481,urna,http://www.wikidata.org/entity/Q1084,noun,1
http://www.wikidata.org/entity/L448483,multiplicação,http://www.wikidata.org/entity/Q1084,noun,1
http://www.wikidata.org/entity/L448484,subtração,http://www.wikidata.org/entity/Q1084,noun,1
http://www.wikidata.org/entity/L448488,bainha,http://www.wikidata.org/entity/Q1084,noun,1
http://www.wikidata.org/entity/L448489,palafita,http://www.wikidata.org/entity/Q1084,noun,1
http://www.wikidata.org/entity/L448490,reação,http://www.wikidata.org/entity/Q1084,noun,1
http://www.wikidata.org/entity/L448493,epístola,http://www.wikidata.org/entity/Q1084,noun,1
http://www.wikidata.org/entity/L448494,degustação,http://www.wikidata.org/entity/Q1084,noun,1
http://www.wikidata.org/entity/L448495,pantera,http://www.wikidata.org/entity/Q1084,noun,1
http://www.wikidata.org/entity/L448496,galinhota,http://www.wikidata.org/entity/Q1084,noun,1
http://www.wikidata.org/entity/L448497,escova,http://www.wikidata.org/entity/Q1084,noun,1
http://www.wikidata.org/entity/L448498,pomada,http://www.wikidata.org/entity/Q1084,noun,1
http://www.wikidata.org/entity/L448499,planilha,http://www.wikidata.org/entity/Q1084,noun,1
http://www.wikidata.org/entity/L448500,palmilha,http://www.wikidata.org/entity/Q1084,noun,1
http://www.wikidata.org/entity/L448501,caloria,http://www.wikidata.org/entity/Q1084,noun,1
http://www.wikidata.org/entity/L448503,perímetro,http://www.wikidata.org/entity/Q1084,noun,1
http://www.wikidata.org/entity/L448504,projétil,http://www.wikidata.org/entity/Q1084,noun,1
http://www.wikidata.org/entity/L448505,frango,http://www.wikidata.org/entity/Q1084,noun,1
http://www.wikidata.org/entity/L448507,conjunto,http://www.wikidata.org/entity/Q1084,noun,1
http://www.wikidata.org/entity/L448508,foguete,http://www.wikidata.org/entity/Q1084,noun,1
http://www.wikidata.org/entity/L448510,engenheiro,http://www.wikidata.org/entity/Q1084,noun,1
http://www.wikidata.org/entity/L448511,enfermeiro,http://www.wikidata.org/entity/Q1084,noun,1
http://www.wikidata.org/entity/L448512,recurso,http://www.wikidata.org/entity/Q1084,noun,1
http://www.wikidata.org/entity/L448513,ametal,http://www.wikidata.org/entity/Q1084,noun,1
http://www.wikidata.org/entity/L448514,segundo,http://www.wikidata.org/entity/Q1084,noun,1
http://www.wikidata.org/entity/L448516,nicho,http://www.wikidata.org/entity/Q1084,noun,1
http://www.wikidata.org/entity/L448517,vídeo,http://www.wikidata.org/entity/Q1084,noun,1
http://www.wikidata.org/entity/L448518,áudio,http://www.wikidata.org/entity/Q1084,noun,1
http://www.wikidata.org/entity/L448519,estuprador,http://www.wikidata.org/entity/Q1084,noun,1
http://www.wikidata.org/entity/L448520,tiranossauro,http://www.wikidata.org/entity/Q1084,noun,1
http://www.wikidata.org/entity/L448522,aspirador,http://www.wikidata.org/entity/Q1084,noun,1
http://www.wikidata.org/entity/L448523,apagão,http://www.wikidata.org/entity/Q1084,noun,1
http://www.wikidata.org/entity/L448525,pescoço,http://www.wikidata.org/entity/Q1084,noun,1
http://www.wikidata.org/entity/L448531,papa,http://www.wikidata.org/entity/Q1084,noun,1
http://www.wikidata.org/entity/L448532,baseado,http://www.wikidata.org/entity/Q1084,noun,1
http://www.wikidata.org/entity/L448533,borrão,http://www.wikidata.org/entity/Q1084,noun,1
http://www.wikidata.org/entity/L448534,horror,http://www.wikidata.org/entity/Q1084,noun,1
http://www.wikidata.org/entity/L448535,deputado,http://www.wikidata.org/entity/Q1084,noun,1
http://www.wikidata.org/entity/L448536,alce,http://www.wikidata.org/entity/Q1084,noun,1
http://www.wikidata.org/entity/L448537,espartilho,http://www.wikidata.org/entity/Q1084,noun,1
http://www.wikidata.org/entity/L448538,espantalho,http://www.wikidata.org/entity/Q1084,noun,1
http://www.wikidata.org/entity/L448539,profissional,http://www.wikidata.org/entity/Q1084,noun,1
http://www.wikidata.org/entity/L448540,fingimento,http://www.wikidata.org/entity/Q1084,noun,1
http://www.wikidata.org/entity/L448541,contorno,http://www.wikidata.org/entity/Q1084,noun,1
http://www.wikidata.org/entity/L448542,delineador,http://www.wikidata.org/entity/Q1084,noun,1
http://www.wikidata.org/entity/L448543,tubarão,http://www.wikidata.org/entity/Q1084,noun,1
http://www.wikidata.org/entity/L448545,disfarce,http://www.wikidata.org/entity/Q1084,noun,1
http://www.wikidata.org/entity/L448546,território,http://www.wikidata.org/entity/Q1084,noun,1
http://www.wikidata.org/entity/L448547,reitor,http://www.wikidata.org/entity/Q1084,noun,1
http://www.wikidata.org/entity/L448549,fornecedor,http://www.wikidata.org/entity/Q1084,noun,1
http://www.wikidata.org/entity/L448564,minhoca,http://www.wikidata.org/entity/Q1084,noun,1
http://www.wikidata.org/entity/L448565,alcateia,http://www.wikidata.org/entity/Q1084,noun,1
http://www.wikidata.org/entity/L448566,respiração,http://www.wikidata.org/entity/Q1084,noun,1
http://www.wikidata.org/entity/L448567,aspiração,http://www.wikidata.org/entity/Q1084,noun,1
http://www.wikidata.org/entity/L448568,assombração,http://www.wikidata.org/entity/Q1084,noun,1
http://www.wikidata.org/entity/L448569,surpresa,http://www.wikidata.org/entity/Q1084,noun,1
http://www.wikidata.org/entity/L448570,baba,http://www.wikidata.org/entity/Q1084,noun,1
http://www.wikidata.org/entity/L448571,tomada,http://www.wikidata.org/entity/Q1084,noun,1
http://www.wikidata.org/entity/L448573,cerca,http://www.wikidata.org/entity/Q1084,noun,1
http://www.wikidata.org/entity/L448575,dramaticidade,http://www.wikidata.org/entity/Q1084,noun,1
http://www.wikidata.org/entity/L448577,comida,http://www.wikidata.org/entity/Q1084,noun,1
http://www.wikidata.org/entity/L448578,cômoda,http://www.wikidata.org/entity/Q1084,noun,1
http://www.wikidata.org/entity/L448579,masturbação,http://www.wikidata.org/entity/Q1084,noun,1
http://www.wikidata.org/entity/L448580,comédia,http://www.wikidata.org/entity/Q1084,noun,1
http://www.wikidata.org/entity/L448581,poesia,http://www.wikidata.org/entity/Q1084,noun,1
http://www.wikidata.org/entity/L448582,cola,http://www.wikidata.org/entity/Q1084,noun,1
http://www.wikidata.org/entity/L448583,tesoura,http://www.wikidata.org/entity/Q1084,noun,1
http://www.wikidata.org/entity/L448584,gestante,http://www.wikidata.org/entity/Q1084,noun,1
http://www.wikidata.org/entity/L45671,lexema,http://www.wikidata.org/entity/Q1084,noun,1
http://www.wikidata.org/entity/L448711,judoca,http://www.wikidata.org/entity/Q1084,noun,1
http://www.wikidata.org/entity/L448714,prazo,http://www.wikidata.org/entity/Q1084,noun,1
http://www.wikidata.org/entity/L448715,prado,http://www.wikidata.org/entity/Q1084,noun,1
http://www.wikidata.org/entity/L448718,espaço,http://www.wikidata.org/entity/Q1084,noun,1
http://www.wikidata.org/entity/L448719,vácuo,http://www.wikidata.org/entity/Q1084,noun,1
http://www.wikidata.org/entity/L449039,telescópio,http://www.wikidata.org/entity/Q1084,noun,1
http://www.wikidata.org/entity/L449042,sino,http://www.wikidata.org/entity/Q1084,noun,1
http://www.wikidata.org/entity/L449044,saleiro,http://www.wikidata.org/entity/Q1084,noun,1
http://www.wikidata.org/entity/L449045,salgueiro,http://www.wikidata.org/entity/Q1084,noun,1
http://www.wikidata.org/entity/L449047,óleo,http://www.wikidata.org/entity/Q1084,noun,1
http://www.wikidata.org/entity/L449048,pleito,http://www.wikidata.org/entity/Q1084,noun,1
http://www.wikidata.org/entity/L449049,formulário,http://www.wikidata.org/entity/Q1084,noun,1
http://www.wikidata.org/entity/L449050,simulado,http://www.wikidata.org/entity/Q1084,noun,1
http://www.wikidata.org/entity/L449051,jardim,http://www.wikidata.org/entity/Q1084,noun,1
http://www.wikidata.org/entity/L449052,garçom,http://www.wikidata.org/entity/Q1084,noun,1
http://www.wikidata.org/entity/L449054,vidente,http://www.wikidata.org/entity/Q1084,noun,1
http://www.wikidata.org/entity/L449055,vigário,http://www.wikidata.org/entity/Q1084,noun,1
http://www.wikidata.org/entity/L449056,bafo,http://www.wikidata.org/entity/Q1084,noun,1
http://www.wikidata.org/entity/L449057,bêbado,http://www.wikidata.org/entity/Q1084,noun,1
http://www.wikidata.org/entity/L449058,coxo,http://www.wikidata.org/entity/Q34698,adjective,1
http://www.wikidata.org/entity/L449064,direito,http://www.wikidata.org/entity/Q1084,noun,1
http://www.wikidata.org/entity/L449066,dever,http://www.wikidata.org/entity/Q1084,noun,1
http://www.wikidata.org/entity/L449067,diretório,http://www.wikidata.org/entity/Q1084,noun,1
http://www.wikidata.org/entity/L449068,canteiro,http://www.wikidata.org/entity/Q1084,noun,1
http://www.wikidata.org/entity/L449070,arcanjo,http://www.wikidata.org/entity/Q1084,noun,1
http://www.wikidata.org/entity/L449071,beato,http://www.wikidata.org/entity/Q1084,noun,1
http://www.wikidata.org/entity/L449072,venerável,http://www.wikidata.org/entity/Q1084,noun,1
http://www.wikidata.org/entity/L449073,galpão,http://www.wikidata.org/entity/Q1084,noun,1
http://www.wikidata.org/entity/L449077,contrato,http://www.wikidata.org/entity/Q1084,noun,1
http://www.wikidata.org/entity/L449079,motim,http://www.wikidata.org/entity/Q1084,noun,1
http://www.wikidata.org/entity/L449080,díptico,http://www.wikidata.org/entity/Q1084,noun,1
http://www.wikidata.org/entity/L449081,espetáculo,http://www.wikidata.org/entity/Q1084,noun,1
http://www.wikidata.org/entity/L449082,contribuidor,http://www.wikidata.org/entity/Q1084,noun,1
http://www.wikidata.org/entity/L449083,contêiner,http://www.wikidata.org/entity/Q1084,noun,1
http://www.wikidata.org/entity/L449084,inverno,http://www.wikidata.org/entity/Q1084,noun,1
http://www.wikidata.org/entity/L449086,outono,http://www.wikidata.org/entity/Q1084,noun,1
http://www.wikidata.org/entity/L449088,ferrão,http://www.wikidata.org/entity/Q1084,noun,1
http://www.wikidata.org/entity/L449091,penico,http://www.wikidata.org/entity/Q1084,noun,1
http://www.wikidata.org/entity/L449092,pormenor,http://www.wikidata.org/entity/Q1084,noun,1
http://www.wikidata.org/entity/L449094,panetone,http://www.wikidata.org/entity/Q1084,noun,1
http://www.wikidata.org/entity/L449095,carnotauro,http://www.wikidata.org/entity/Q1084,noun,1
http://www.wikidata.org/entity/L449096,dilofossauro,http://www.wikidata.org/entity/Q1084,noun,1
http://www.wikidata.org/entity/L449097,brontossauro,http://www.wikidata.org/entity/Q1084,noun,1
http://www.wikidata.org/entity/L449098,compsognato,http://www.wikidata.org/entity/Q1084,noun,1
http://www.wikidata.org/entity/L449099,reator,http://www.wikidata.org/entity/Q1084,noun,1
http://www.wikidata.org/entity/L449101,grampo,http://www.wikidata.org/entity/Q1084,noun,1
http://www.wikidata.org/entity/L449102,grampeador,http://www.wikidata.org/entity/Q1084,noun,1
http://www.wikidata.org/entity/L449103,quadrimestre,http://www.wikidata.org/entity/Q1084,noun,1
http://www.wikidata.org/entity/L449104,coreto,http://www.wikidata.org/entity/Q1084,noun,1
http://www.wikidata.org/entity/L449105,torpedo,http://www.wikidata.org/entity/Q1084,noun,1
http://www.wikidata.org/entity/L449106,magnata,http://www.wikidata.org/entity/Q1084,noun,1
http://www.wikidata.org/entity/L449108,sushi,http://www.wikidata.org/entity/Q1084,noun,1
http://www.wikidata.org/entity/L449109,quinquênio,http://www.wikidata.org/entity/Q1084,noun,1
http://www.wikidata.org/entity/L449110,quadriênio,http://www.wikidata.org/entity/Q1084,noun,1
http://www.wikidata.org/entity/L449111,triênio,http://www.wikidata.org/entity/Q1084,noun,1
http://www.wikidata.org/entity/L449112,biênio,http://www.wikidata.org/entity/Q1084,noun,1
http://www.wikidata.org/entity/L449113,semestre,http://www.wikidata.org/entity/Q1084,noun,1
http://www.wikidata.org/entity/L449115,cassetete,http://www.wikidata.org/entity/Q1084,noun,1
http://www.wikidata.org/entity/L449116,boquete,http://www.wikidata.org/entity/Q1084,noun,1
http://www.wikidata.org/entity/L449118,caracol,http://www.wikidata.org/entity/Q1084,noun,1
http://www.wikidata.org/entity/L449119,caramujo,http://www.wikidata.org/entity/Q1084,noun,1
http://www.wikidata.org/entity/L449120,siri,http://www.wikidata.org/entity/Q1084,noun,1
http://www.wikidata.org/entity/L449121,caranguejo,http://www.wikidata.org/entity/Q1084,noun,1
http://www.wikidata.org/entity/L449122,custo,http://www.wikidata.org/entity/Q1084,noun,1
http://www.wikidata.org/entity/L449123,anuário,http://www.wikidata.org/entity/Q1084,noun,1
http://www.wikidata.org/entity/L449124,semanário,http://www.wikidata.org/entity/Q1084,noun,1
http://www.wikidata.org/entity/L449125,baço,http://www.wikidata.org/entity/Q1084,noun,1
http://www.wikidata.org/entity/L449126,fígado,http://www.wikidata.org/entity/Q1084,noun,1
http://www.wikidata.org/entity/L449130,sufrágio,http://www.wikidata.org/entity/Q1084,noun,1
http://www.wikidata.org/entity/L449131,termostato,http://www.wikidata.org/entity/Q1084,noun,1
http://www.wikidata.org/entity/L449132,cântaro,http://www.wikidata.org/entity/Q1084,noun,1
http://www.wikidata.org/entity/L44970,um,http://www.wikidata.org/entity/Q63116,numeral,1
http://www.wikidata.org/entity/L450572,forragem,http://www.wikidata.org/entity/Q1084,noun,1
http://www.wikidata.org/entity/L450573,formatura,http://www.wikidata.org/entity/Q1084,noun,1
http://www.wikidata.org/entity/L474527,morto,http://www.wikidata.org/entity/Q34698,adjective,1
http://www.wikidata.org/entity/L562429,humano,http://www.wikidata.org/entity/Q34698,adjective,1
http://www.wikidata.org/entity/L590602,metropolitano,http://www.wikidata.org/entity/Q1084,noun,1
http://www.wikidata.org/entity/L647947,surdo,http://www.wikidata.org/entity/Q34698,adjective,1
http://www.wikidata.org/entity/L662621,angolano,http://www.wikidata.org/entity/Q34698,adjective,1
http://www.wikidata.org/entity/L662622,moçambicano,http://www.wikidata.org/entity/Q34698,adjective,1
http://www.wikidata.org/entity/L983896,ave,http://www.wikidata.org/entity/Q83034,interjection,1
http://www.wikidata.org/entity/L983904,ave,http://www.wikidata.org/entity/Q83034,interjection,1
http://www.wikidata.org/entity/L450491,papagaio,http://www.wikidata.org/entity/Q1084,noun,1
http://www.wikidata.org/entity/L450492,maço,http://www.wikidata.org/entity/Q1084,noun,1
http://www.wikidata.org/entity/L450493,enxame,http://www.wikidata.org/entity/Q1084,noun,1
http://www.wikidata.org/entity/L450496,feminicídio,http://www.wikidata.org/entity/Q1084,noun,1
http://www.wikidata.org/entity/L450497,infanticídio,http://www.wikidata.org/entity/Q1084,noun,1
http://www.wikidata.org/entity/L450499,enfoque,http://www.wikidata.org/entity/Q1084,noun,1
http://www.wikidata.org/entity/L450500,cheque,http://www.wikidata.org/entity/Q1084,noun,1
http://www.wikidata.org/entity/L450501,choco,http://www.wikidata.org/entity/Q1084,noun,1
http://www.wikidata.org/entity/L450503,domo,http://www.wikidata.org/entity/Q1084,noun,1
http://www.wikidata.org/entity/L450504,debate,http://www.wikidata.org/entity/Q1084,noun,1
http://www.wikidata.org/entity/L450505,rebate,http://www.wikidata.org/entity/Q1084,noun,1
http://www.wikidata.org/entity/L450506,rebite,http://www.wikidata.org/entity/Q1084,noun,1
http://www.wikidata.org/entity/L450507,candango,http://www.wikidata.org/entity/Q1084,noun,1
http://www.wikidata.org/entity/L450508,calango,http://www.wikidata.org/entity/Q1084,noun,1
http://www.wikidata.org/entity/L450509,estouro,http://www.wikidata.org/entity/Q1084,noun,1
http://www.wikidata.org/entity/L450511,sumo,http://www.wikidata.org/entity/Q1084,noun,1
http://www.wikidata.org/entity/L450512,promontório,http://www.wikidata.org/entity/Q1084,noun,1
http://www.wikidata.org/entity/L450513,altar,http://www.wikidata.org/entity/Q1084,noun,1
http://www.wikidata.org/entity/L450514,cofre,http://www.wikidata.org/entity/Q1084,noun,1
http://www.wikidata.org/entity/L450515,algarismo,http://www.wikidata.org/entity/Q1084,noun,1
http://www.wikidata.org/entity/L450516,duto,http://www.wikidata.org/entity/Q1084,noun,1
http://www.wikidata.org/entity/L450520,cacau,http://www.wikidata.org/entity/Q1084,noun,1
http://www.wikidata.org/entity/L450522,procedimento,http://www.wikidata.org/entity/Q1084,noun,1
http://www.wikidata.org/entity/L450523,domingo,http://www.wikidata.org/entity/Q1084,noun,1
http://www.wikidata.org/entity/L450524,sábado,http://www.wikidata.org/entity/Q1084,noun,1
http://www.wikidata.org/entity/L450525,glória,http://www.wikidata.org/entity/Q1084,noun,1
http://www.wikidata.org/entity/L450526,intromissão,http://www.wikidata.org/entity/Q1084,noun,1
http://www.wikidata.org/entity/L450527,intercessão,http://www.wikidata.org/entity/Q1084,noun,1
http://www.wikidata.org/entity/L450528,lombriga,http://www.wikidata.org/entity/Q1084,noun,1
http://www.wikidata.org/entity/L450530,linhagem,http://www.wikidata.org/entity/Q1084,noun,1
http://www.wikidata.org/entity/L450531,musa,http://www.wikidata.org/entity/Q1084,noun,1
http://www.wikidata.org/entity/L450533,neurose,http://www.wikidata.org/entity/Q1084,noun,1
http://www.wikidata.org/entity/L450535,potência,http://www.wikidata.org/entity/Q1084,noun,1
http://www.wikidata.org/entity/L450537,saliência,http://www.wikidata.org/entity/Q1084,noun,1
http://www.wikidata.org/entity/L450538,protuberância,http://www.wikidata.org/entity/Q1084,noun,1
http://www.wikidata.org/entity/L450539,providência,http://www.wikidata.org/entity/Q1084,noun,1
http://www.wikidata.org/entity/L450540,quinzena,http://www.wikidata.org/entity/Q1084,noun,1
http://www.wikidata.org/entity/L450541,quina,http://www.wikidata.org/entity/Q1084,noun,1
http://www.wikidata.org/entity/L450542,bergamota,http://www.wikidata.org/entity/Q1084,noun,1
http://www.wikidata.org/entity/L450543,megalópole,http://www.wikidata.org/entity/Q1084,noun,1
http://www.wikidata.org/entity/L450545,maisena,http://www.wikidata.org/entity/Q1084,noun,1
http://www.wikidata.org/entity/L450546,maçonaria,http://www.wikidata.org/entity/Q1084,noun,1
http://www.wikidata.org/entity/L450549,legião,http://www.wikidata.org/entity/Q1084,noun,1
http://www.wikidata.org/entity/L450551,laje,http://www.wikidata.org/entity/Q1084,noun,1
http://www.wikidata.org/entity/L450552,corcova,http://www.wikidata.org/entity/Q1084,noun,1
http://www.wikidata.org/entity/L450553,juba,http://www.wikidata.org/entity/Q1084,noun,1
http://www.wikidata.org/entity/L450554,jazida,http://www.wikidata.org/entity/Q1084,noun,1
http://www.wikidata.org/entity/L450555,inflação,http://www.wikidata.org/entity/Q1084,noun,1
http://www.wikidata.org/entity/L450559,imoralidade,http://www.wikidata.org/entity/Q1084,noun,1
http://www.wikidata.org/entity/L450562,histeria,http://www.wikidata.org/entity/Q1084,noun,1
http://www.wikidata.org/entity/L450563,higiene,http://www.wikidata.org/entity/Q1084,noun,1
http://www.wikidata.org/entity/L450564,hélice,http://www.wikidata.org/entity/Q1084,noun,1
http://www.wikidata.org/entity/L450566,gripe,http://www.wikidata.org/entity/Q1084,noun,1
http://www.wikidata.org/entity/L450568,gráfica,http://www.wikidata.org/entity/Q1084,noun,1
http://www.wikidata.org/entity/L450569,gangrena,http://www.wikidata.org/entity/Q1084,noun,1
http://www.wikidata.org/entity/L1327430,aleatoriedade,http://www.wikidata.org/entity/Q1084,noun,1
http://www.wikidata.org/entity/L1327439,aposta,http://www.wikidata.org/entity/Q1084,noun,1
http://www.wikidata.org/entity/L1331906,botelha,http://www.wikidata.org/entity/Q1084,noun,1
http://www.wikidata.org/entity/L672632,Portugal,http://www.wikidata.org/entity/Q1084,noun,1
http://www.wikidata.org/entity/L732988,português,http://www.wikidata.org/entity/Q1084,noun,1
http://www.wikidata.org/entity/L662266,seguinte,http://www.wikidata.org/entity/Q34698,adjective,1
http://www.wikidata.org/entity/L662292,científico,http://www.wikidata.org/entity/Q34698,adjective,1
http://www.wikidata.org/entity/L662294,sexual,http://www.wikidata.org/entity/Q34698,adjective,1
http://www.wikidata.org/entity/L662545,crescente,http://www.wikidata.org/entity/Q34698,adjective,1
http://www.wikidata.org/entity/L662548,elétrico,http://www.wikidata.org/entity/Q34698,adjective,1
http://www.wikidata.org/entity/L662654,égua,http://www.wikidata.org/entity/Q1084,noun,1
http://www.wikidata.org/entity/L663724,quando,http://www.wikidata.org/entity/Q380057,adverb,1
http://www.wikidata.org/entity/L664596,orientação,http://www.wikidata.org/entity/Q1084,noun,1
http://www.wikidata.org/entity/L669561,caçar,http://www.wikidata.org/entity/Q24905,verb,1
http://www.wikidata.org/entity/L670198,cortar,http://www.wikidata.org/entity/Q24905,verb,1
http://www.wikidata.org/entity/L670219,descansar,http://www.wikidata.org/entity/Q24905,verb,1
http://www.wikidata.org/entity/L670248,bater,http://www.wikidata.org/entity/Q24905,verb,1
http://www.wikidata.org/entity/L670599,lavar,http://www.wikidata.org/entity/Q24905,verb,1
http://www.wikidata.org/entity/L670617,braço,http://www.wikidata.org/entity/Q1084,noun,1
http://www.wikidata.org/entity/L670817,primeiro,http://www.wikidata.org/entity/Q63116,numeral,1
http://www.wikidata.org/entity/L671844,contar,http://www.wikidata.org/entity/Q24905,verb,1
http://www.wikidata.org/entity/L671850,tocar,http://www.wikidata.org/entity/Q24905,verb,1
http://www.wikidata.org/entity/L672626,necessidade,http://www.wikidata.org/entity/Q1084,noun,1
http://www.wikidata.org/entity/L674373,salvar,http://www.wikidata.org/entity/Q24905,verb,1
http://www.wikidata.org/entity/L674376,marcar,http://www.wikidata.org/entity/Q24905,verb,1
http://www.wikidata.org/entity/L677449,gelo,http://www.wikidata.org/entity/Q1084,noun,1
http://www.wikidata.org/entity/L1122418,da frigideira para o fogo,http://www.wikidata.org/entity/Q3734650,adverbial phrase,1
http://www.wikidata.org/entity/L1124763,o bicho vai pegar,http://www.wikidata.org/entity/Q35102,proverb,1
http://www.wikidata.org/entity/L1124764,eis,http://www.wikidata.org/entity/Q380057,adverb,1
http://www.wikidata.org/entity/L1124910,"em casa de ferreiro, o espeto é de pau",http://www.wikidata.org/entity/Q35102,proverb,1
http://www.wikidata.org/entity/L1125545,"à noite, todos os gatos são pardos",http://www.wikidata.org/entity/Q35102,proverb,1
http://www.wikidata.org/entity/L1129270,cortar o coração,http://www.wikidata.org/entity/Q1778442,verb phrase,1
http://www.wikidata.org/entity/L1248866,almário,http://www.wikidata.org/entity/Q1084,noun,1
http://www.wikidata.org/entity/L38240,ir,http://www.wikidata.org/entity/Q24905,verb,1
http://www.wikidata.org/entity/L447817,noite,http://www.wikidata.org/entity/Q1084,noun,1
http://www.wikidata.org/entity/L448144,frigideira,http://www.wikidata.org/entity/Q1084,noun,1
http://www.wikidata.org/entity/L448515,bicho,http://www.wikidata.org/entity/Q1084,noun,1
http://www.wikidata.org/entity/L477659,tripa,http://www.wikidata.org/entity/Q1084,noun,1
http://www.wikidata.org/entity/L618552,ferreiro,http://www.wikidata.org/entity/Q1084,noun,1
http://www.wikidata.org/entity/L618553,espeto,http://www.wikidata.org/entity/Q1084,noun,1
http://www.wikidata.org/entity/L1141751,vossemecê,http://www.wikidata.org/entity/Q36224,pronoun,1
http://www.wikidata.org/entity/L1145008,notívago,http://www.wikidata.org/entity/Q34698,adjective,1
http://www.wikidata.org/entity/L447843,mastro,http://www.wikidata.org/entity/Q1084,noun,1
http://www.wikidata.org/entity/L1149243,coco,http://www.wikidata.org/entity/Q1084,noun,1
http://www.wikidata.org/entity/L1150312,paina,http://www.wikidata.org/entity/Q1084,noun,1
http://www.wikidata.org/entity/L1151734,caipirinha,http://www.wikidata.org/entity/Q1084,noun,1
http://www.wikidata.org/entity/L1151832,maracujá,http://www.wikidata.org/entity/Q1084,noun,1
http://www.wikidata.org/entity/L1161636,abano,http://www.wikidata.org/entity/Q1084,noun,1
http://www.wikidata.org/entity/L448108,bengala,http://www.wikidata.org/entity/Q1084,noun,1
http://www.wikidata.org/entity/L448699,mexilhão,http://www.wikidata.org/entity/Q1084,noun,1
http://www.wikidata.org/entity/L1180595,eletricidade,http://www.wikidata.org/entity/Q1084,noun,1
http://www.wikidata.org/entity/L1208900,tufão,http://www.wikidata.org/entity/Q1084,noun,1
http://www.wikidata.org/entity/L1191727,jangada,http://www.wikidata.org/entity/Q1084,noun,1
http://www.wikidata.org/entity/L558171,guarda,http://www.wikidata.org/entity/Q1084,noun,1
http://www.wikidata.org/entity/L448643,tucano,http://www.wikidata.org/entity/Q1084,noun,1
http://www.wikidata.org/entity/L1214171,sarapatel,http://www.wikidata.org/entity/Q1084,noun,1
http://www.wikidata.org/entity/L1217794,da silva,http://www.wikidata.org/entity/Q3734650,adverbial phrase,1
http://www.wikidata.org/entity/L1217927,tabaco,http://www.wikidata.org/entity/Q1084,noun,1
http://www.wikidata.org/entity/L1217932,piparote,http://www.wikidata.org/entity/Q1084,noun,1
http://www.wikidata.org/entity/L669439,martelo,http://www.wikidata.org/entity/Q1084,noun,1
http://www.wikidata.org/entity/L1221192,ataque de pelanca,http://www.wikidata.org/entity/Q1401131,noun phrase,1
http://www.wikidata.org/entity/L1221607,sino-,http://www.wikidata.org/entity/Q134830,prefix,1
http://www.wikidata.org/entity/L1222982,comer feio,http://www.wikidata.org/entity/Q1778442,verb phrase,1
http://www.wikidata.org/entity/L1409203,Japão,http://www.wikidata.org/entity/Q147276,proper noun,1
http://www.wikidata.org/entity/L1248947,emplastro,http://www.wikidata.org/entity/Q1084,noun,1
http://www.wikidata.org/entity/L448391,piranha,http://www.wikidata.org/entity/Q1084,noun,1
http://www.wikidata.org/entity/L1311835,ramadão,http://www.wikidata.org/entity/Q1084,noun,1
http://www.wikidata.org/entity/L500829,golo,http://www.wikidata.org/entity/Q1084,noun,1
http://www.wikidata.org/entity/L500830,vale,http://www.wikidata.org/entity/Q1084,noun,1
http://www.wikidata.org/entity/L500832,comercial,http://www.wikidata.org/entity/Q1084,noun,1
http://www.wikidata.org/entity/L500630,semana,http://www.wikidata.org/entity/Q1084,noun,1
http://www.wikidata.org/entity/L500631,estrutura,http://www.wikidata.org/entity/Q1084,noun,1
http://www.wikidata.org/entity/L500633,zona,http://www.wikidata.org/entity/Q1084,noun,1
http://www.wikidata.org/entity/L500635,competição,http://www.wikidata.org/entity/Q1084,noun,1
http://www.wikidata.org/entity/L500637,capacidade,http://www.wikidata.org/entity/Q1084,noun,1
http://www.wikidata.org/entity/L500639,definição,http://www.wikidata.org/entity/Q1084,noun,1
http://www.wikidata.org/entity/L500642,influência,http://www.wikidata.org/entity/Q1084,noun,1
http://www.wikidata.org/entity/L500643,pesquisa,http://www.wikidata.org/entity/Q1084,noun,1
http://www.wikidata.org/entity/L500645,situação,http://www.wikidata.org/entity/Q1084,noun,1
http://www.wikidata.org/entity/L500651,condição,http://www.wikidata.org/entity/Q1084,noun,1
http://www.wikidata.org/entity/L500652,ideia,http://www.wikidata.org/entity/Q1084,noun,1
http://www.wikidata.org/entity/L558220,mar,http://www.wikidata.org/entity/Q1084,noun,1
http://www.wikidata.org/entity/L622861,barulho,http://www.wikidata.org/entity/Q1084,noun,1
http://www.wikidata.org/entity/L500654,imagem,http://www.wikidata.org/entity/Q1084,noun,1
http://www.wikidata.org/entity/L500657,comissão,http://www.wikidata.org/entity/Q1084,noun,1
http://www.wikidata.org/entity/L500662,turnê,http://www.wikidata.org/entity/Q1084,noun,1
http://www.wikidata.org/entity/L500664,rainha,http://www.wikidata.org/entity/Q1084,noun,1
http://www.wikidata.org/entity/L500665,eleição,http://www.wikidata.org/entity/Q1084,noun,1
http://www.wikidata.org/entity/L500666,medalha,http://www.wikidata.org/entity/Q1084,noun,1
http://www.wikidata.org/entity/L500667,indústria,http://www.wikidata.org/entity/Q1084,noun,1
http://www.wikidata.org/entity/L500668,qualidade,http://www.wikidata.org/entity/Q1084,noun,1
http://www.wikidata.org/entity/L500671,academia,http://www.wikidata.org/entity/Q1084,noun,1
http://www.wikidata.org/entity/L500672,natureza,http://www.wikidata.org/entity/Q1084,noun,1
http://www.wikidata.org/entity/L500673,emissora,http://www.wikidata.org/entity/Q1084,noun,1
http://www.wikidata.org/entity/L500677,metade,http://www.wikidata.org/entity/Q1084,noun,1
http://www.wikidata.org/entity/L500678,escrita,http://www.wikidata.org/entity/Q1084,noun,1
http://www.wikidata.org/entity/L500679,importância,http://www.wikidata.org/entity/Q1084,noun,1
http://www.wikidata.org/entity/L500680,fonte,http://www.wikidata.org/entity/Q1084,noun,1
http://www.wikidata.org/entity/L500681,informação,http://www.wikidata.org/entity/Q1084,noun,1
http://www.wikidata.org/entity/L500682,operação,http://www.wikidata.org/entity/Q1084,noun,1
http://www.wikidata.org/entity/L500683,referência,http://www.wikidata.org/entity/Q1084,noun,1
http://www.wikidata.org/entity/L500684,busca,http://www.wikidata.org/entity/Q1084,noun,1
http://www.wikidata.org/entity/L500685,mudança,http://www.wikidata.org/entity/Q1084,noun,1
http://www.wikidata.org/entity/L500686,comunicação,http://www.wikidata.org/entity/Q1084,noun,1
http://www.wikidata.org/entity/L500688,disputa,http://www.wikidata.org/entity/Q1084,noun,1
http://www.wikidata.org/entity/L500690,fechadura,http://www.wikidata.org/entity/Q1084,noun,1
http://www.wikidata.org/entity/L500692,praça,http://www.wikidata.org/entity/Q1084,noun,1
http://www.wikidata.org/entity/L500694,prisão,http://www.wikidata.org/entity/Q1084,noun,1
http://www.wikidata.org/entity/L500695,existência,http://www.wikidata.org/entity/Q1084,noun,1
http://www.wikidata.org/entity/L500696,estrada,http://www.wikidata.org/entity/Q1084,noun,1
http://www.wikidata.org/entity/L500702,rocha,http://www.wikidata.org/entity/Q1084,noun,1
http://www.wikidata.org/entity/L500704,visão,http://www.wikidata.org/entity/Q1084,noun,1
http://www.wikidata.org/entity/L500706,independência,http://www.wikidata.org/entity/Q1084,noun,1
http://www.wikidata.org/entity/L500707,velocidade,http://www.wikidata.org/entity/Q1084,noun,1
http://www.wikidata.org/entity/L500799,norte,http://www.wikidata.org/entity/Q1084,noun,1
http://www.wikidata.org/entity/L500814,cruzado,http://www.wikidata.org/entity/Q1084,noun,1
http://www.wikidata.org/entity/L500816,renascimento,http://www.wikidata.org/entity/Q1084,noun,1
http://www.wikidata.org/entity/L500817,renascentismo,http://www.wikidata.org/entity/Q1084,noun,1
http://www.wikidata.org/entity/L500818,renascença,http://www.wikidata.org/entity/Q1084,noun,1
http://www.wikidata.org/entity/L500819,conto de réis,http://www.wikidata.org/entity/Q1084,noun,1
http://www.wikidata.org/entity/L500820,tipo,http://www.wikidata.org/entity/Q1084,noun,1
http://www.wikidata.org/entity/L500821,time,http://www.wikidata.org/entity/Q1084,noun,1
http://www.wikidata.org/entity/L500823,single,http://www.wikidata.org/entity/Q1084,noun,1
http://www.wikidata.org/entity/L500824,forte,http://www.wikidata.org/entity/Q1084,noun,1
http://www.wikidata.org/entity/L500827,leste,http://www.wikidata.org/entity/Q1084,noun,1
http://www.wikidata.org/entity/L501157,oficial,http://www.wikidata.org/entity/Q34698,adjective,1
http://www.wikidata.org/entity/L500833,técnico,http://www.wikidata.org/entity/Q1084,noun,1
http://www.wikidata.org/entity/L500834,futuro,http://www.wikidata.org/entity/Q1084,noun,1
http://www.wikidata.org/entity/L500835,destaque,http://www.wikidata.org/entity/Q1084,noun,1
http://www.wikidata.org/entity/L500836,conhecimento,http://www.wikidata.org/entity/Q1084,noun,1
http://www.wikidata.org/entity/L500837,nordeste,http://www.wikidata.org/entity/Q1084,noun,1
http://www.wikidata.org/entity/L500838,noroeste,http://www.wikidata.org/entity/Q1084,noun,1
http://www.wikidata.org/entity/L500839,sudeste,http://www.wikidata.org/entity/Q1084,noun,1
http://www.wikidata.org/entity/L500840,sudoeste,http://www.wikidata.org/entity/Q1084,noun,1
http://www.wikidata.org/entity/L500841,oficial,http://www.wikidata.org/entity/Q1084,noun,1
http://www.wikidata.org/entity/L500845,histórico,http://www.wikidata.org/entity/Q1084,noun,1
http://www.wikidata.org/entity/L500846,marido,http://www.wikidata.org/entity/Q1084,noun,1
http://www.wikidata.org/entity/L500847,verde,http://www.wikidata.org/entity/Q34698,adjective,1
http://www.wikidata.org/entity/L500848,transporte,http://www.wikidata.org/entity/Q1084,noun,1
http://www.wikidata.org/entity/L500850,conceito,http://www.wikidata.org/entity/Q1084,noun,1
http://www.wikidata.org/entity/L500851,tamanho,http://www.wikidata.org/entity/Q1084,noun,1
http://www.wikidata.org/entity/L500852,colégio,http://www.wikidata.org/entity/Q1084,noun,1
http://www.wikidata.org/entity/L500853,espírito,http://www.wikidata.org/entity/Q1084,noun,1
http://www.wikidata.org/entity/L500854,carro,http://www.wikidata.org/entity/Q1084,noun,1
http://www.wikidata.org/entity/L500855,longa,http://www.wikidata.org/entity/Q1084,noun,1
http://www.wikidata.org/entity/L500856,curta,http://www.wikidata.org/entity/Q1084,noun,1
http://www.wikidata.org/entity/L500857,som,http://www.wikidata.org/entity/Q1084,noun,1
http://www.wikidata.org/entity/L500863,tolerância,http://www.wikidata.org/entity/Q1084,noun,1
http://www.wikidata.org/entity/L500864,blogue,http://www.wikidata.org/entity/Q1084,noun,1
http://www.wikidata.org/entity/L500866,sítio eletrónico,http://www.wikidata.org/entity/Q1084,noun,1
http://www.wikidata.org/entity/L500943,formato,http://www.wikidata.org/entity/Q1084,noun,1
http://www.wikidata.org/entity/L500945,posto,http://www.wikidata.org/entity/Q1084,noun,1
http://www.wikidata.org/entity/L500948,templo,http://www.wikidata.org/entity/Q1084,noun,1
http://www.wikidata.org/entity/L500949,respeito,http://www.wikidata.org/entity/Q1084,noun,1
http://www.wikidata.org/entity/L500953,comprimento,http://www.wikidata.org/entity/Q1084,noun,1
http://www.wikidata.org/entity/L500955,cumprimento,http://www.wikidata.org/entity/Q1084,noun,1
http://www.wikidata.org/entity/L500958,motor,http://www.wikidata.org/entity/Q1084,noun,1
http://www.wikidata.org/entity/L500959,azul,http://www.wikidata.org/entity/Q1084,noun,1
http://www.wikidata.org/entity/L500960,show,http://www.wikidata.org/entity/Q1084,noun,1
http://www.wikidata.org/entity/L500963,recomeço,http://www.wikidata.org/entity/Q1084,noun,1
http://www.wikidata.org/entity/L500964,começo,http://www.wikidata.org/entity/Q1084,noun,1
http://www.wikidata.org/entity/L500965,clube,http://www.wikidata.org/entity/Q1084,noun,1
http://www.wikidata.org/entity/L500966,desporto,http://www.wikidata.org/entity/Q1084,noun,1
http://www.wikidata.org/entity/L500970,clima,http://www.wikidata.org/entity/Q1084,noun,1
http://www.wikidata.org/entity/L500971,leão,http://www.wikidata.org/entity/Q1084,noun,1
http://www.wikidata.org/entity/L500972,destino,http://www.wikidata.org/entity/Q1084,noun,1
http://www.wikidata.org/entity/L500973,parlamento,http://www.wikidata.org/entity/Q1084,noun,1
http://www.wikidata.org/entity/L500974,crime,http://www.wikidata.org/entity/Q1084,noun,1
http://www.wikidata.org/entity/L500975,desenho,http://www.wikidata.org/entity/Q1084,noun,1
http://www.wikidata.org/entity/L500977,quilómetro,http://www.wikidata.org/entity/Q1084,noun,1
http://www.wikidata.org/entity/L500978,decreto,http://www.wikidata.org/entity/Q1084,noun,1
http://www.wikidata.org/entity/L500979,setor,http://www.wikidata.org/entity/Q1084,noun,1
http://www.wikidata.org/entity/L500981,desempenho,http://www.wikidata.org/entity/Q1084,noun,1
http://www.wikidata.org/entity/L500984,nascimento,http://www.wikidata.org/entity/Q1084,noun,1
http://www.wikidata.org/entity/L500985,princípio,http://www.wikidata.org/entity/Q1084,noun,1
http://www.wikidata.org/entity/L500986,reinado,http://www.wikidata.org/entity/Q1084,noun,1
http://www.wikidata.org/entity/L500989,marco,http://www.wikidata.org/entity/Q1084,noun,1
http://www.wikidata.org/entity/L500990,exterior,http://www.wikidata.org/entity/Q1084,noun,1
http://www.wikidata.org/entity/L500992,encontro,http://www.wikidata.org/entity/Q1084,noun,1
http://www.wikidata.org/entity/L500996,comportamento,http://www.wikidata.org/entity/Q1084,noun,1
http://www.wikidata.org/entity/L500997,concurso,http://www.wikidata.org/entity/Q1084,noun,1
http://www.wikidata.org/entity/L501000,conteúdo,http://www.wikidata.org/entity/Q1084,noun,1
http://www.wikidata.org/entity/L501003,pneumoultramicroscopicossilicovulcanoconiose,http://www.wikidata.org/entity/Q1084,noun,1
http://www.wikidata.org/entity/L501004,pneumoultramicroscopicossilicovulcanoconiótico,http://www.wikidata.org/entity/Q34698,adjective,1
http://www.wikidata.org/entity/L501149,nacional,http://www.wikidata.org/entity/Q34698,adjective,1
http://www.wikidata.org/entity/L501150,principal,http://www.wikidata.org/entity/Q34698,adjective,1
http://www.wikidata.org/entity/L501151,mundial,http://www.wikidata.org/entity/Q34698,adjective,1
http://www.wikidata.org/entity/L501152,social,http://www.wikidata.org/entity/Q34698,adjective,1
http://www.wikidata.org/entity/L501153,internacional,http://www.wikidata.org/entity/Q34698,adjective,1
http://www.wikidata.org/entity/L501704,dança,http://www.wikidata.org/entity/Q1084,noun,1
http://www.wikidata.org/entity/L501705,presidência,http://www.wikidata.org/entity/Q1084,noun,1
http://www.wikidata.org/entity/L501159,atual,http://www.wikidata.org/entity/Q34698,adjective,1
http://www.wikidata.org/entity/L501325,autocarro,http://www.wikidata.org/entity/Q1084,noun,1
http://www.wikidata.org/entity/L501332,oiro,http://www.wikidata.org/entity/Q1084,noun,1
http://www.wikidata.org/entity/L501543,esporte,http://www.wikidata.org/entity/Q1084,noun,1
http://www.wikidata.org/entity/L501546,assembleia,http://www.wikidata.org/entity/Q1084,noun,1
http://www.wikidata.org/entity/L501548,presença,http://www.wikidata.org/entity/Q1084,noun,1
http://www.wikidata.org/entity/L501549,via,http://www.wikidata.org/entity/Q1084,noun,1
http://www.wikidata.org/entity/L501551,estimativa,http://www.wikidata.org/entity/Q1084,noun,1
http://www.wikidata.org/entity/L501553,tradição,http://www.wikidata.org/entity/Q1084,noun,1
http://www.wikidata.org/entity/L501554,tentativa,http://www.wikidata.org/entity/Q1084,noun,1
http://www.wikidata.org/entity/L501557,mecânica,http://www.wikidata.org/entity/Q1084,noun,1
http://www.wikidata.org/entity/L501558,física,http://www.wikidata.org/entity/Q1084,noun,1
http://www.wikidata.org/entity/L501560,experiência,http://www.wikidata.org/entity/Q1084,noun,1
http://www.wikidata.org/entity/L501561,derrota,http://www.wikidata.org/entity/Q1084,noun,1
http://www.wikidata.org/entity/L501563,filosofia,http://www.wikidata.org/entity/Q1084,noun,1
http://www.wikidata.org/entity/L501564,literatura,http://www.wikidata.org/entity/Q1084,noun,1
http://www.wikidata.org/entity/L501565,dupla,http://www.wikidata.org/entity/Q1084,noun,1
http://www.wikidata.org/entity/L501566,sala,http://www.wikidata.org/entity/Q1084,noun,1
http://www.wikidata.org/entity/L501568,sela,http://www.wikidata.org/entity/Q1084,noun,1
http://www.wikidata.org/entity/L501570,parceria,http://www.wikidata.org/entity/Q1084,noun,1
http://www.wikidata.org/entity/L501571,freguesia,http://www.wikidata.org/entity/Q1084,noun,1
http://www.wikidata.org/entity/L501574,doença,http://www.wikidata.org/entity/Q1084,noun,1
http://www.wikidata.org/entity/L501575,esquerda,http://www.wikidata.org/entity/Q1084,noun,1
http://www.wikidata.org/entity/L501576,publicação,http://www.wikidata.org/entity/Q1084,noun,1
http://www.wikidata.org/entity/L501577,posse,http://www.wikidata.org/entity/Q1084,noun,1
http://www.wikidata.org/entity/L501578,ligação,http://www.wikidata.org/entity/Q1084,noun,1
http://www.wikidata.org/entity/L501581,resistência,http://www.wikidata.org/entity/Q1084,noun,1
http://www.wikidata.org/entity/L501582,programação,http://www.wikidata.org/entity/Q1084,noun,1
http://www.wikidata.org/entity/L501583,designação,http://www.wikidata.org/entity/Q1084,noun,1
http://www.wikidata.org/entity/L501584,exposição,http://www.wikidata.org/entity/Q1084,noun,1
http://www.wikidata.org/entity/L501585,conquista,http://www.wikidata.org/entity/Q1084,noun,1
http://www.wikidata.org/entity/L501586,reconquista,http://www.wikidata.org/entity/Q1084,noun,1
http://www.wikidata.org/entity/L501587,resposta,http://www.wikidata.org/entity/Q1084,noun,1
http://www.wikidata.org/entity/L501590,novela,http://www.wikidata.org/entity/Q1084,noun,1
http://www.wikidata.org/entity/L501591,entrevista,http://www.wikidata.org/entity/Q1084,noun,1
http://www.wikidata.org/entity/L501592,chegada,http://www.wikidata.org/entity/Q1084,noun,1
http://www.wikidata.org/entity/L501593,editora,http://www.wikidata.org/entity/Q1084,noun,1
http://www.wikidata.org/entity/L501595,diagramação,http://www.wikidata.org/entity/Q1084,noun,1
http://www.wikidata.org/entity/L501596,difamação,http://www.wikidata.org/entity/Q1084,noun,1
http://www.wikidata.org/entity/L501659,acusar,http://www.wikidata.org/entity/Q24905,verb,1
http://www.wikidata.org/entity/L501661,atualmente,http://www.wikidata.org/entity/Q380057,adverb,1
http://www.wikidata.org/entity/L501662,principalmente,http://www.wikidata.org/entity/Q380057,adverb,1
http://www.wikidata.org/entity/L501663,novamente,http://www.wikidata.org/entity/Q380057,adverb,1
http://www.wikidata.org/entity/L501666,finalmente,http://www.wikidata.org/entity/Q380057,adverb,1
http://www.wikidata.org/entity/L501667,inicialmente,http://www.wikidata.org/entity/Q380057,adverb,1
http://www.wikidata.org/entity/L501668,provavelmente,http://www.wikidata.org/entity/Q380057,adverb,1
http://www.wikidata.org/entity/L501670,originalmente,http://www.wikidata.org/entity/Q380057,adverb,1
http://www.wikidata.org/entity/L501671,normalmente,http://www.wikidata.org/entity/Q380057,adverb,1
http://www.wikidata.org/entity/L501672,frequentemente,http://www.wikidata.org/entity/Q380057,adverb,1
http://www.wikidata.org/entity/L501673,totalmente,http://www.wikidata.org/entity/Q380057,adverb,1
http://www.wikidata.org/entity/L501674,completamente,http://www.wikidata.org/entity/Q380057,adverb,1
http://www.wikidata.org/entity/L501675,anteriormente,http://www.wikidata.org/entity/Q380057,adverb,1
http://www.wikidata.org/entity/L501676,diretamente,http://www.wikidata.org/entity/Q380057,adverb,1
http://www.wikidata.org/entity/L501677,respetivamente,http://www.wikidata.org/entity/Q380057,adverb,1
http://www.wikidata.org/entity/L501678,recentemente,http://www.wikidata.org/entity/Q380057,adverb,1
http://www.wikidata.org/entity/L501680,simplesmente,http://www.wikidata.org/entity/Q380057,adverb,1
http://www.wikidata.org/entity/L501682,altamente,http://www.wikidata.org/entity/Q380057,adverb,1
http://www.wikidata.org/entity/L501684,agricultura,http://www.wikidata.org/entity/Q1084,noun,1
http://www.wikidata.org/entity/L501685,adiado,http://www.wikidata.org/entity/Q34698,adjective,1
http://www.wikidata.org/entity/L501687,distanciamento,http://www.wikidata.org/entity/Q1084,noun,1
http://www.wikidata.org/entity/L501688,discriminação,http://www.wikidata.org/entity/Q1084,noun,1
http://www.wikidata.org/entity/L501689,diminuição,http://www.wikidata.org/entity/Q1084,noun,1
http://www.wikidata.org/entity/L501690,desinfeção,http://www.wikidata.org/entity/Q1084,noun,1
http://www.wikidata.org/entity/L501691,autoridade,http://www.wikidata.org/entity/Q1084,noun,1
http://www.wikidata.org/entity/L501692,cancelado,http://www.wikidata.org/entity/Q34698,adjective,1
http://www.wikidata.org/entity/L501694,contagioso,http://www.wikidata.org/entity/Q34698,adjective,1
http://www.wikidata.org/entity/L501695,contaminado,http://www.wikidata.org/entity/Q34698,adjective,1
http://www.wikidata.org/entity/L501697,desinformação,http://www.wikidata.org/entity/Q1084,noun,1
http://www.wikidata.org/entity/L501699,realização,http://www.wikidata.org/entity/Q1084,noun,1
http://www.wikidata.org/entity/L501700,aldeia,http://www.wikidata.org/entity/Q1084,noun,1
http://www.wikidata.org/entity/L501702,residência,http://www.wikidata.org/entity/Q1084,noun,1
http://www.wikidata.org/entity/L46837,plástico,http://www.wikidata.org/entity/Q1084,noun,1
http://www.wikidata.org/entity/L46841,minério,http://www.wikidata.org/entity/Q1084,noun,1
http://www.wikidata.org/entity/L46842,lã,http://www.wikidata.org/entity/Q1084,noun,1
http://www.wikidata.org/entity/L450574,lipoaspiração,http://www.wikidata.org/entity/Q1084,noun,1
http://www.wikidata.org/entity/L450708,equipa,http://www.wikidata.org/entity/Q1084,noun,1
http://www.wikidata.org/entity/L451343,demonstrar,http://www.wikidata.org/entity/Q24905,verb,1
http://www.wikidata.org/entity/L451403,abafar,http://www.wikidata.org/entity/Q24905,verb,1
http://www.wikidata.org/entity/L451436,abespinhar,http://www.wikidata.org/entity/Q24905,verb,1
http://www.wikidata.org/entity/L451442,abastar,http://www.wikidata.org/entity/Q24905,verb,1
http://www.wikidata.org/entity/L451445,abandidar,http://www.wikidata.org/entity/Q24905,verb,1
http://www.wikidata.org/entity/L451446,abandalhar,http://www.wikidata.org/entity/Q24905,verb,1
http://www.wikidata.org/entity/L451448,abalar,http://www.wikidata.org/entity/Q24905,verb,1
http://www.wikidata.org/entity/L451514,abjurar,http://www.wikidata.org/entity/Q24905,verb,1
http://www.wikidata.org/entity/L451516,abobar,http://www.wikidata.org/entity/Q24905,verb,1
http://www.wikidata.org/entity/L451517,abocanhar,http://www.wikidata.org/entity/Q24905,verb,1
http://www.wikidata.org/entity/L451518,abochornar,http://www.wikidata.org/entity/Q24905,verb,1
http://www.wikidata.org/entity/L451522,abordar,http://www.wikidata.org/entity/Q24905,verb,1
http://www.wikidata.org/entity/L451523,abortar,http://www.wikidata.org/entity/Q24905,verb,1
http://www.wikidata.org/entity/L451525,abrasar,http://www.wikidata.org/entity/Q24905,verb,1
http://www.wikidata.org/entity/L451529,abusar,http://www.wikidata.org/entity/Q24905,verb,1
http://www.wikidata.org/entity/L451532,acabrunhar,http://www.wikidata.org/entity/Q24905,verb,1
http://www.wikidata.org/entity/L451534,acalentar,http://www.wikidata.org/entity/Q24905,verb,1
http://www.wikidata.org/entity/L451535,acalmar,http://www.wikidata.org/entity/Q24905,verb,1
http://www.wikidata.org/entity/L451536,acamar,http://www.wikidata.org/entity/Q24905,verb,1
http://www.wikidata.org/entity/L451538,acampar,http://www.wikidata.org/entity/Q24905,verb,1
http://www.wikidata.org/entity/L451540,acanhar,http://www.wikidata.org/entity/Q24905,verb,1
http://www.wikidata.org/entity/L451541,acariciar,http://www.wikidata.org/entity/Q24905,verb,1
http://www.wikidata.org/entity/L451542,acarretar,http://www.wikidata.org/entity/Q24905,verb,1
http://www.wikidata.org/entity/L451543,acasalar,http://www.wikidata.org/entity/Q24905,verb,1
http://www.wikidata.org/entity/L451545,acautelar,http://www.wikidata.org/entity/Q24905,verb,1
http://www.wikidata.org/entity/L451547,aceitar,http://www.wikidata.org/entity/Q24905,verb,1
http://www.wikidata.org/entity/L451548,acenar,http://www.wikidata.org/entity/Q24905,verb,1
http://www.wikidata.org/entity/L718620,esquina,http://www.wikidata.org/entity/Q1084,noun,1
http://www.wikidata.org/entity/L464459,figura,http://www.wikidata.org/entity/Q1084,noun,1
http://www.wikidata.org/entity/L464460,faca,http://www.wikidata.org/entity/Q1084,noun,1
http://www.wikidata.org/entity/L464461,almofada,http://www.wikidata.org/entity/Q1084,noun,1
http://www.wikidata.org/entity/L464462,ratoeira,http://www.wikidata.org/entity/Q1084,noun,1
http://www.wikidata.org/entity/L464464,leitura,http://www.wikidata.org/entity/Q1084,noun,1
http://www.wikidata.org/entity/L464465,briga,http://www.wikidata.org/entity/Q1084,noun,1
http://www.wikidata.org/entity/L46801,dormir,http://www.wikidata.org/entity/Q24905,verb,1
http://www.wikidata.org/entity/L46813,cão,http://www.wikidata.org/entity/Q1084,noun,1
http://www.wikidata.org/entity/L46815,composição,http://www.wikidata.org/entity/Q1084,noun,1
http://www.wikidata.org/entity/L46816,cerâmica,http://www.wikidata.org/entity/Q1084,noun,1
http://www.wikidata.org/entity/L46817,armazém,http://www.wikidata.org/entity/Q1084,noun,1
http://www.wikidata.org/entity/L46818,cera,http://www.wikidata.org/entity/Q1084,noun,1
http://www.wikidata.org/entity/L46822,alumínio,http://www.wikidata.org/entity/Q1084,noun,1
http://www.wikidata.org/entity/L46825,aço,http://www.wikidata.org/entity/Q1084,noun,1
http://www.wikidata.org/entity/L46827,avental,http://www.wikidata.org/entity/Q1084,noun,1
http://www.wikidata.org/entity/L46829,boneca,http://www.wikidata.org/entity/Q1084,noun,1
http://www.wikidata.org/entity/L46830,travesseiro,http://www.wikidata.org/entity/Q1084,noun,1
http://www.wikidata.org/entity/L46831,vinil,http://www.wikidata.org/entity/Q1084,noun,1
http://www.wikidata.org/entity/L46833,madeira,http://www.wikidata.org/entity/Q1084,noun,1
http://www.wikidata.org/entity/L19636,-ção,http://www.wikidata.org/entity/Q102047,suffix,1
http://www.wikidata.org/entity/L221479,líquen,http://www.wikidata.org/entity/Q1084,noun,1
http://www.wikidata.org/entity/L1360583,bandeja,http://www.wikidata.org/entity/Q1084,noun,1
http://www.wikidata.org/entity/L1370779,vinho,http://www.wikidata.org/entity/Q1084,noun,1
http://www.wikidata.org/entity/L1375047,amêndoa,http://www.wikidata.org/entity/Q1084,noun,1
http://www.wikidata.org/entity/L1375056,pão de Castela,http://www.wikidata.org/entity/Q1401131,noun phrase,1
http://www.wikidata.org/entity/L1375100,calção,http://www.wikidata.org/entity/Q1084,noun,1
http://www.wikidata.org/entity/L1375289,veludo,http://www.wikidata.org/entity/Q1084,noun,1
http://www.wikidata.org/entity/L1375297,alambique,http://www.wikidata.org/entity/Q1084,noun,1
http://www.wikidata.org/entity/L222287,padre,http://www.wikidata.org/entity/Q1084,noun,1
http://www.wikidata.org/entity/L447210,frasco,http://www.wikidata.org/entity/Q1084,noun,1
http://www.wikidata.org/entity/L447211,deus,http://www.wikidata.org/entity/Q1084,noun,1
http://www.wikidata.org/entity/L46832,vidro,http://www.wikidata.org/entity/Q1084,noun,1
http://www.wikidata.org/entity/L1409202,têmpora,http://www.wikidata.org/entity/Q1084,noun,1
http://www.wikidata.org/entity/L1410120,mais que,http://www.wikidata.org/entity/Q5978305,conjunctive locution,1
http://www.wikidata.org/entity/L1411699,garopo,http://www.wikidata.org/entity/Q1084,noun,1
http://www.wikidata.org/entity/L1411834,naire,http://www.wikidata.org/entity/Q1084,noun,1
http://www.wikidata.org/entity/L448084,praia,http://www.wikidata.org/entity/Q1084,noun,1
http://www.wikidata.org/entity/L558223,natal,http://www.wikidata.org/entity/Q1084,noun,1
http://www.wikidata.org/entity/L647640,que,http://www.wikidata.org/entity/Q36484,conjunction,1
http://www.wikidata.org/entity/L670838,bambu,http://www.wikidata.org/entity/Q1084,noun,1
http://www.wikidata.org/entity/L1416336,tocador,http://www.wikidata.org/entity/Q1084,noun,1
http://www.wikidata.org/entity/L1416337,vindo,http://www.wikidata.org/entity/Q34698,adjective,1
http://www.wikidata.org/entity/L1416815,cozinha,http://www.wikidata.org/entity/Q1084,noun,1
http://www.wikidata.org/entity/L1416817,banheiro,http://www.wikidata.org/entity/Q1084,noun,1
http://www.wikidata.org/entity/L1416819,afilhado,http://www.wikidata.org/entity/Q1084,noun,1
http://www.wikidata.org/entity/L1417720,adeus,http://www.wikidata.org/entity/Q83034,interjection,1
http://www.wikidata.org/entity/L1417869,cabeceira,http://www.wikidata.org/entity/Q1084,noun,1
http://www.wikidata.org/entity/L1417876,tranquilidade,http://www.wikidata.org/entity/Q1084,noun,1
http://www.wikidata.org/entity/L1417878,lar,http://www.wikidata.org/entity/Q1084,noun,1
http://www.wikidata.org/entity/L1418072,manteiga,http://www.wikidata.org/entity/Q1084,noun,1
http://www.wikidata.org/entity/L1418101,registrar,http://www.wikidata.org/entity/Q24905,verb,1
http://www.wikidata.org/entity/L1418142,inspirador,http://www.wikidata.org/entity/Q34698,adjective,1
http://www.wikidata.org/entity/L1418186,bem-vindo,http://www.wikidata.org/entity/Q34698,adjective,1
http://www.wikidata.org/entity/L1418446,satisfação,http://www.wikidata.org/entity/Q1084,noun,1
http://www.wikidata.org/entity/L1418523,contactar,http://www.wikidata.org/entity/Q24905,verb,1
http://www.wikidata.org/entity/L1418604,virado,http://www.wikidata.org/entity/Q34698,adjective,1
http://www.wikidata.org/entity/L1418607,deitado,http://www.wikidata.org/entity/Q34698,adjective,1
http://www.wikidata.org/entity/L1418609,azulejo,http://www.wikidata.org/entity/Q1084,noun,1
http://www.wikidata.org/entity/L1418610,catálogo,http://www.wikidata.org/entity/Q1084,noun,1
http://www.wikidata.org/entity/L1418699,secar,http://www.wikidata.org/entity/Q24905,verb,1
http://www.wikidata.org/entity/L1418747,remover,http://www.wikidata.org/entity/Q24905,verb,1
http://www.wikidata.org/entity/L1418830,percentual,http://www.wikidata.org/entity/Q1084,noun,1
http://www.wikidata.org/entity/L1419820,falso,http://www.wikidata.org/entity/Q34698,adjective,1
http://www.wikidata.org/entity/L1420861,diagnosticar,http://www.wikidata.org/entity/Q24905,verb,1
http://www.wikidata.org/entity/L1420884,trisavô,http://www.wikidata.org/entity/Q1084,noun,1
http://www.wikidata.org/entity/L1420886,tataravô,http://www.wikidata.org/entity/Q1084,noun,1
http://www.wikidata.org/entity/L477699,marca,http://www.wikidata.org/entity/Q1084,noun,1
http://www.wikidata.org/entity/L1451223,jaguar,http://www.wikidata.org/entity/Q1084,noun,1
http://www.wikidata.org/entity/L1451709,voltairiano,http://www.wikidata.org/entity/Q34698,adjective,1
http://www.wikidata.org/entity/L1453484,pé-de-garrafa,http://www.wikidata.org/entity/Q1084,noun,1
http://www.wikidata.org/entity/L1461771,saber,http://www.wikidata.org/entity/Q24905,verb,1
http://www.wikidata.org/entity/L1457907,mangusto,http://www.wikidata.org/entity/Q1084,noun,1
http://www.wikidata.org/entity/L1460131,Guiné,http://www.wikidata.org/entity/Q147276,proper noun,1
http://www.wikidata.org/entity/L1460272,calor,http://www.wikidata.org/entity/Q1084,noun,1
http://www.wikidata.org/entity/L1460274,lareira,http://www.wikidata.org/entity/Q1084,noun,1
http://www.wikidata.org/entity/L1460276,amarelo,http://www.wikidata.org/entity/Q1084,noun,1
http://www.wikidata.org/entity/L1460567,pequenino,http://www.wikidata.org/entity/Q1084,noun,1
http://www.wikidata.org/entity/L1464433,num piscar de olhos,http://www.wikidata.org/entity/Q3734650,adverbial phrase,1
http://www.wikidata.org/entity/L448064,jaca,http://www.wikidata.org/entity/Q1084,noun,1
http://www.wikidata.org/entity/L15889,olá,http://www.wikidata.org/entity/Q83034,interjection,1
http://www.wikidata.org/entity/L477151,bom,http://www.wikidata.org/entity/Q34698,adjective,1
http://www.wikidata.org/entity/L447187,queijo,http://www.wikidata.org/entity/Q1084,noun,1
http://www.wikidata.org/entity/L477309,escola,http://www.wikidata.org/entity/Q1084,noun,1
http://www.wikidata.org/entity/L185835,reforço,http://www.wikidata.org/entity/Q1084,noun,1
http://www.wikidata.org/entity/L558172,bandeira,http://www.wikidata.org/entity/Q1084,noun,1
http://www.wikidata.org/entity/L19634,abolição,http://www.wikidata.org/entity/Q1084,noun,1
http://www.wikidata.org/entity/L19635,abolir,http://www.wikidata.org/entity/Q24905,verb,1
http://www.wikidata.org/entity/L523164,basicamente,http://www.wikidata.org/entity/Q380057,adverb,1
http://www.wikidata.org/entity/L523165,brevemente,http://www.wikidata.org/entity/Q380057,adverb,1
http://www.wikidata.org/entity/L523166,brandamente,http://www.wikidata.org/entity/Q380057,adverb,1
http://www.wikidata.org/entity/L502639,só,http://www.wikidata.org/entity/Q380057,adverb,1
http://www.wikidata.org/entity/L502641,longo,http://www.wikidata.org/entity/Q34698,adjective,1
http://www.wikidata.org/entity/L502643,uso,http://www.wikidata.org/entity/Q1084,noun,1
http://www.wikidata.org/entity/L502644,tanto,http://www.wikidata.org/entity/Q380057,adverb,1
http://www.wikidata.org/entity/L502867,como,http://www.wikidata.org/entity/Q4833830,preposition,1
http://www.wikidata.org/entity/L502868,como,http://www.wikidata.org/entity/Q36224,pronoun,1
http://www.wikidata.org/entity/L503868,pegada,http://www.wikidata.org/entity/Q1084,noun,1
http://www.wikidata.org/entity/L503869,ilustração,http://www.wikidata.org/entity/Q1084,noun,1
http://www.wikidata.org/entity/L503872,imediato,http://www.wikidata.org/entity/Q34698,adjective,1
http://www.wikidata.org/entity/L503874,potencialmente,http://www.wikidata.org/entity/Q380057,adverb,1
http://www.wikidata.org/entity/L503876,avião,http://www.wikidata.org/entity/Q1084,noun,1
http://www.wikidata.org/entity/L503878,conto,http://www.wikidata.org/entity/Q1084,noun,1
http://www.wikidata.org/entity/L503946,diferente,http://www.wikidata.org/entity/Q34698,adjective,1
http://www.wikidata.org/entity/L503947,desinteresse,http://www.wikidata.org/entity/Q1084,noun,1
http://www.wikidata.org/entity/L503948,descendente,http://www.wikidata.org/entity/Q34698,adjective,1
http://www.wikidata.org/entity/L503950,composto,http://www.wikidata.org/entity/Q34698,adjective,1
http://www.wikidata.org/entity/L503951,catalogado,http://www.wikidata.org/entity/Q34698,adjective,1
http://www.wikidata.org/entity/L503952,capaz,http://www.wikidata.org/entity/Q34698,adjective,1
http://www.wikidata.org/entity/L503953,biológico,http://www.wikidata.org/entity/Q34698,adjective,1
http://www.wikidata.org/entity/L503956,agrupamento,http://www.wikidata.org/entity/Q1084,noun,1
http://www.wikidata.org/entity/L503961,aquele,http://www.wikidata.org/entity/Q36224,pronoun,1
http://www.wikidata.org/entity/L503963,aquilo,http://www.wikidata.org/entity/Q36224,pronoun,1
http://www.wikidata.org/entity/L593979,pelo,http://www.wikidata.org/entity/Q1084,noun,1
http://www.wikidata.org/entity/L518879,catedral,http://www.wikidata.org/entity/Q1084,noun,1
http://www.wikidata.org/entity/L518881,expedição,http://www.wikidata.org/entity/Q1084,noun,1
http://www.wikidata.org/entity/L518883,fábrica,http://www.wikidata.org/entity/Q1084,noun,1
http://www.wikidata.org/entity/L518884,agência,http://www.wikidata.org/entity/Q1084,noun,1
http://www.wikidata.org/entity/L518934,relativamente,http://www.wikidata.org/entity/Q380057,adverb,1
http://www.wikidata.org/entity/L518936,oficialmente,http://www.wikidata.org/entity/Q380057,adverb,1
http://www.wikidata.org/entity/L518938,aproximadamente,http://www.wikidata.org/entity/Q380057,adverb,1
http://www.wikidata.org/entity/L523127,politicamente,http://www.wikidata.org/entity/Q380057,adverb,1
http://www.wikidata.org/entity/L523128,pobreza,http://www.wikidata.org/entity/Q1084,noun,1
http://www.wikidata.org/entity/L523129,tendência,http://www.wikidata.org/entity/Q1084,noun,1
http://www.wikidata.org/entity/L523130,totalidade,http://www.wikidata.org/entity/Q1084,noun,1
http://www.wikidata.org/entity/L523131,abruptamente,http://www.wikidata.org/entity/Q380057,adverb,1
http://www.wikidata.org/entity/L523132,absolutamente,http://www.wikidata.org/entity/Q380057,adverb,1
http://www.wikidata.org/entity/L523133,abundantemente,http://www.wikidata.org/entity/Q380057,adverb,1
http://www.wikidata.org/entity/L523135,acidentalmente,http://www.wikidata.org/entity/Q380057,adverb,1
http://www.wikidata.org/entity/L523137,alegremente,http://www.wikidata.org/entity/Q380057,adverb,1
http://www.wikidata.org/entity/L523139,alternadamente,http://www.wikidata.org/entity/Q380057,adverb,1
http://www.wikidata.org/entity/L523140,ambiciosamente,http://www.wikidata.org/entity/Q380057,adverb,1
http://www.wikidata.org/entity/L523144,anonimamente,http://www.wikidata.org/entity/Q380057,adverb,1
http://www.wikidata.org/entity/L523145,antecipadamente,http://www.wikidata.org/entity/Q380057,adverb,1
http://www.wikidata.org/entity/L523146,anticonstitucionalissimamente,http://www.wikidata.org/entity/Q380057,adverb,1
http://www.wikidata.org/entity/L523147,anticonstitucionalmente,http://www.wikidata.org/entity/Q380057,adverb,1
http://www.wikidata.org/entity/L523148,apuradamente,http://www.wikidata.org/entity/Q380057,adverb,1
http://www.wikidata.org/entity/L523149,aparentemente,http://www.wikidata.org/entity/Q380057,adverb,1
http://www.wikidata.org/entity/L523150,apressadamente,http://www.wikidata.org/entity/Q380057,adverb,1
http://www.wikidata.org/entity/L523151,arbitrariamente,http://www.wikidata.org/entity/Q380057,adverb,1
http://www.wikidata.org/entity/L523153,ardilosamente,http://www.wikidata.org/entity/Q380057,adverb,1
http://www.wikidata.org/entity/L523154,arduamente,http://www.wikidata.org/entity/Q380057,adverb,1
http://www.wikidata.org/entity/L523159,atrapalhadamente,http://www.wikidata.org/entity/Q380057,adverb,1
http://www.wikidata.org/entity/L523160,atentamente,http://www.wikidata.org/entity/Q380057,adverb,1
http://www.wikidata.org/entity/L523163,benignamente,http://www.wikidata.org/entity/Q380057,adverb,1
http://www.wikidata.org/entity/L671170,liberto,http://www.wikidata.org/entity/Q34698,adjective,1
http://www.wikidata.org/entity/L670220,desempenhar,http://www.wikidata.org/entity/Q24905,verb,1
http://www.wikidata.org/entity/L670224,perpetuar,http://www.wikidata.org/entity/Q24905,verb,1
http://www.wikidata.org/entity/L670226,perfurar,http://www.wikidata.org/entity/Q24905,verb,1
http://www.wikidata.org/entity/L670227,perdoar,http://www.wikidata.org/entity/Q24905,verb,1
http://www.wikidata.org/entity/L670228,ofender,http://www.wikidata.org/entity/Q24905,verb,1
http://www.wikidata.org/entity/L670231,minimizar,http://www.wikidata.org/entity/Q24905,verb,1
http://www.wikidata.org/entity/L670232,minerar,http://www.wikidata.org/entity/Q24905,verb,1
http://www.wikidata.org/entity/L670233,migrar,http://www.wikidata.org/entity/Q24905,verb,1
http://www.wikidata.org/entity/L670234,manusear,http://www.wikidata.org/entity/Q24905,verb,1
http://www.wikidata.org/entity/L670236,macetar,http://www.wikidata.org/entity/Q24905,verb,1
http://www.wikidata.org/entity/L670237,magoar,http://www.wikidata.org/entity/Q24905,verb,1
http://www.wikidata.org/entity/L670238,madrugar,http://www.wikidata.org/entity/Q24905,verb,1
http://www.wikidata.org/entity/L670239,emocionar,http://www.wikidata.org/entity/Q24905,verb,1
http://www.wikidata.org/entity/L670242,golpear,http://www.wikidata.org/entity/Q24905,verb,1
http://www.wikidata.org/entity/L670244,espirrar,http://www.wikidata.org/entity/Q24905,verb,1
http://www.wikidata.org/entity/L670245,escravizar,http://www.wikidata.org/entity/Q24905,verb,1
http://www.wikidata.org/entity/L670246,alegar,http://www.wikidata.org/entity/Q24905,verb,1
http://www.wikidata.org/entity/L670250,batizar,http://www.wikidata.org/entity/Q24905,verb,1
http://www.wikidata.org/entity/L670251,caçoar,http://www.wikidata.org/entity/Q24905,verb,1
http://www.wikidata.org/entity/L670252,cadastrar,http://www.wikidata.org/entity/Q24905,verb,1
http://www.wikidata.org/entity/L670254,educar,http://www.wikidata.org/entity/Q24905,verb,1
http://www.wikidata.org/entity/L670255,editar,http://www.wikidata.org/entity/Q24905,verb,1
http://www.wikidata.org/entity/L670256,economizar,http://www.wikidata.org/entity/Q24905,verb,1
http://www.wikidata.org/entity/L670258,efetivar,http://www.wikidata.org/entity/Q24905,verb,1
http://www.wikidata.org/entity/L670259,efetuar,http://www.wikidata.org/entity/Q24905,verb,1
http://www.wikidata.org/entity/L670260,postergar,http://www.wikidata.org/entity/Q24905,verb,1
http://www.wikidata.org/entity/L670261,possibilitar,http://www.wikidata.org/entity/Q24905,verb,1
http://www.wikidata.org/entity/L670262,implorar,http://www.wikidata.org/entity/Q24905,verb,1
http://www.wikidata.org/entity/L670263,impossibilitar,http://www.wikidata.org/entity/Q24905,verb,1
http://www.wikidata.org/entity/L670264,importar,http://www.wikidata.org/entity/Q24905,verb,1
http://www.wikidata.org/entity/L670589,dizer,http://www.wikidata.org/entity/Q24905,verb,1
http://www.wikidata.org/entity/L670590,ver,http://www.wikidata.org/entity/Q24905,verb,1
http://www.wikidata.org/entity/L670598,mascar,http://www.wikidata.org/entity/Q24905,verb,1
http://www.wikidata.org/entity/L670603,topar,http://www.wikidata.org/entity/Q24905,verb,1
http://www.wikidata.org/entity/L670605,litorâneo,http://www.wikidata.org/entity/Q34698,adjective,1
http://www.wikidata.org/entity/L670608,largura,http://www.wikidata.org/entity/Q1084,noun,1
http://www.wikidata.org/entity/L670610,baía,http://www.wikidata.org/entity/Q1084,noun,1
http://www.wikidata.org/entity/L670612,vocal,http://www.wikidata.org/entity/Q34698,adjective,1
http://www.wikidata.org/entity/L670613,rodovia,http://www.wikidata.org/entity/Q1084,noun,1
http://www.wikidata.org/entity/L670615,humanidade,http://www.wikidata.org/entity/Q1084,noun,1
http://www.wikidata.org/entity/L670616,divulgação,http://www.wikidata.org/entity/Q1084,noun,1
http://www.wikidata.org/entity/L670620,documentário,http://www.wikidata.org/entity/Q1084,noun,1
http://www.wikidata.org/entity/L670819,eletrão,http://www.wikidata.org/entity/Q1084,noun,1
http://www.wikidata.org/entity/L670821,alerta,http://www.wikidata.org/entity/Q1084,noun,1
http://www.wikidata.org/entity/L670822,alfabeto,http://www.wikidata.org/entity/Q1084,noun,1
http://www.wikidata.org/entity/L670823,advérbio,http://www.wikidata.org/entity/Q1084,noun,1
http://www.wikidata.org/entity/L670824,alho,http://www.wikidata.org/entity/Q1084,noun,1
http://www.wikidata.org/entity/L670825,anel,http://www.wikidata.org/entity/Q1084,noun,1
http://www.wikidata.org/entity/L670836,aspecto,http://www.wikidata.org/entity/Q1084,noun,1
http://www.wikidata.org/entity/L670837,avô,http://www.wikidata.org/entity/Q1084,noun,1
http://www.wikidata.org/entity/L671117,olhar,http://www.wikidata.org/entity/Q24905,verb,1
http://www.wikidata.org/entity/L671131,perfeição,http://www.wikidata.org/entity/Q1084,noun,1
http://www.wikidata.org/entity/L671133,contração,http://www.wikidata.org/entity/Q1084,noun,1
http://www.wikidata.org/entity/L671138,envolvimento,http://www.wikidata.org/entity/Q1084,noun,1
http://www.wikidata.org/entity/L671157,inclinado,http://www.wikidata.org/entity/Q34698,adjective,1
http://www.wikidata.org/entity/L671158,cauteloso,http://www.wikidata.org/entity/Q34698,adjective,1
http://www.wikidata.org/entity/L671159,cuidadoso,http://www.wikidata.org/entity/Q34698,adjective,1
http://www.wikidata.org/entity/L671160,liso,http://www.wikidata.org/entity/Q34698,adjective,1
http://www.wikidata.org/entity/L671161,áspero,http://www.wikidata.org/entity/Q34698,adjective,1
http://www.wikidata.org/entity/L671163,arenoso,http://www.wikidata.org/entity/Q34698,adjective,1
http://www.wikidata.org/entity/L671164,barulhento,http://www.wikidata.org/entity/Q34698,adjective,1
http://www.wikidata.org/entity/L671165,tecnológico,http://www.wikidata.org/entity/Q34698,adjective,1
http://www.wikidata.org/entity/L671166,obediente,http://www.wikidata.org/entity/Q34698,adjective,1
http://www.wikidata.org/entity/L671167,desobediente,http://www.wikidata.org/entity/Q34698,adjective,1
http://www.wikidata.org/entity/L745227,garoto,http://www.wikidata.org/entity/Q1084,noun,1
http://www.wikidata.org/entity/L745232,estatuto,http://www.wikidata.org/entity/Q1084,noun,1
http://www.wikidata.org/entity/L745236,evidência,http://www.wikidata.org/entity/Q1084,noun,1
http://www.wikidata.org/entity/L745238,votação,http://www.wikidata.org/entity/Q1084,noun,1
http://www.wikidata.org/entity/L677502,filho,http://www.wikidata.org/entity/Q1084,noun,1
http://www.wikidata.org/entity/L677973,nanómetro,http://www.wikidata.org/entity/Q1084,noun,1
http://www.wikidata.org/entity/L677976,ião,http://www.wikidata.org/entity/Q1084,noun,1
http://www.wikidata.org/entity/L678116,porque,http://www.wikidata.org/entity/Q36484,conjunction,1
http://www.wikidata.org/entity/L678117,porque,http://www.wikidata.org/entity/Q380057,adverb,1
http://www.wikidata.org/entity/L680184,nem que a vaca tussa,http://www.wikidata.org/entity/Q3734650,adverbial phrase,1
http://www.wikidata.org/entity/L680185,pé frio,http://www.wikidata.org/entity/Q357760,adjectival locution,1
http://www.wikidata.org/entity/L682580,dar à luz,http://www.wikidata.org/entity/Q1778442,verb phrase,1
http://www.wikidata.org/entity/L687992,semente,http://www.wikidata.org/entity/Q1084,noun,1
http://www.wikidata.org/entity/L688630,milagroso,http://www.wikidata.org/entity/Q34698,adjective,1
http://www.wikidata.org/entity/L688633,separação,http://www.wikidata.org/entity/Q1084,noun,1
http://www.wikidata.org/entity/L688634,vento,http://www.wikidata.org/entity/Q1084,noun,1
http://www.wikidata.org/entity/L688636,cerco,http://www.wikidata.org/entity/Q1084,noun,1
http://www.wikidata.org/entity/L688638,estratégia,http://www.wikidata.org/entity/Q1084,noun,1
http://www.wikidata.org/entity/L688639,negociação,http://www.wikidata.org/entity/Q1084,noun,1
http://www.wikidata.org/entity/L688640,diplomacia,http://www.wikidata.org/entity/Q1084,noun,1
http://www.wikidata.org/entity/L688641,avaliação,http://www.wikidata.org/entity/Q1084,noun,1
http://www.wikidata.org/entity/L8755,agosto,http://www.wikidata.org/entity/Q1084,noun,1
http://www.wikidata.org/entity/L8756,setembro,http://www.wikidata.org/entity/Q1084,noun,1
http://www.wikidata.org/entity/L8757,outubro,http://www.wikidata.org/entity/Q1084,noun,1
http://www.wikidata.org/entity/L8759,dezembro,http://www.wikidata.org/entity/Q1084,noun,1
http://www.wikidata.org/entity/L690597,carneiro,http://www.wikidata.org/entity/Q1084,noun,1
http://www.wikidata.org/entity/L690598,ovelha,http://www.wikidata.org/entity/Q1084,noun,1
http://www.wikidata.org/entity/L690600,radiografia,http://www.wikidata.org/entity/Q1084,noun,1
http://www.wikidata.org/entity/L690771,inanição,http://www.wikidata.org/entity/Q1084,noun,1
http://www.wikidata.org/entity/L690772,inequação,http://www.wikidata.org/entity/Q1084,noun,1
http://www.wikidata.org/entity/L690773,estupro,http://www.wikidata.org/entity/Q1084,noun,1
http://www.wikidata.org/entity/L690795,mendeliano,http://www.wikidata.org/entity/Q34698,adjective,1
http://www.wikidata.org/entity/L700213,estirar,http://www.wikidata.org/entity/Q24905,verb,1
http://www.wikidata.org/entity/L700216,bicho de sete cabeças,http://www.wikidata.org/entity/Q1401131,noun phrase,1
http://www.wikidata.org/entity/L700217,esperar sentado,http://www.wikidata.org/entity/Q1778442,verb phrase,1
http://www.wikidata.org/entity/L700218,levar em conta,http://www.wikidata.org/entity/Q1778442,verb phrase,1
http://www.wikidata.org/entity/L700219,zerar a vida,http://www.wikidata.org/entity/Q1778442,verb phrase,1
http://www.wikidata.org/entity/L730513,pigmento,http://www.wikidata.org/entity/Q1084,noun,1
http://www.wikidata.org/entity/L730516,bico,http://www.wikidata.org/entity/Q1084,noun,1
http://www.wikidata.org/entity/L732990,açorenho,http://www.wikidata.org/entity/Q147276,proper noun,1
http://www.wikidata.org/entity/L732991,açorense,http://www.wikidata.org/entity/Q147276,proper noun,1
http://www.wikidata.org/entity/L733006,neozelandês,http://www.wikidata.org/entity/Q147276,proper noun,1
http://www.wikidata.org/entity/L733012,sul-africano,http://www.wikidata.org/entity/Q34698,adjective,1
http://www.wikidata.org/entity/L733014,sul-africano,http://www.wikidata.org/entity/Q147276,proper noun,1
http://www.wikidata.org/entity/L733485,açoriano,http://www.wikidata.org/entity/Q147276,proper noun,1
http://www.wikidata.org/entity/L733490,parisiense,http://www.wikidata.org/entity/Q147276,proper noun,1
http://www.wikidata.org/entity/L738889,angolense,http://www.wikidata.org/entity/Q1084,noun,1
http://www.wikidata.org/entity/L738892,zambiano,http://www.wikidata.org/entity/Q1084,noun,1
http://www.wikidata.org/entity/L738895,Zâmbia,http://www.wikidata.org/entity/Q147276,proper noun,1
http://www.wikidata.org/entity/L744423,"filho de peixe, peixinho é",http://www.wikidata.org/entity/Q35102,proverb,1
http://www.wikidata.org/entity/L744424,câncer,http://www.wikidata.org/entity/Q1084,noun,1
http://www.wikidata.org/entity/L744426,microscópio,http://www.wikidata.org/entity/Q1084,noun,1
http://www.wikidata.org/entity/L744428,carinho,http://www.wikidata.org/entity/Q1084,noun,1
http://www.wikidata.org/entity/L744430,assentamento,http://www.wikidata.org/entity/Q1084,noun,1
http://www.wikidata.org/entity/L744771,limpo,http://www.wikidata.org/entity/Q34698,adjective,1
http://www.wikidata.org/entity/L745190,equidade,http://www.wikidata.org/entity/Q1084,noun,1
http://www.wikidata.org/entity/L745191,simplicidade,http://www.wikidata.org/entity/Q1084,noun,1
http://www.wikidata.org/entity/L745192,alteridade,http://www.wikidata.org/entity/Q1084,noun,1
http://www.wikidata.org/entity/L745199,genocídio,http://www.wikidata.org/entity/Q1084,noun,1
http://www.wikidata.org/entity/L745201,epistemicídio,http://www.wikidata.org/entity/Q1084,noun,1
http://www.wikidata.org/entity/L745203,densidade,http://www.wikidata.org/entity/Q1084,noun,1
http://www.wikidata.org/entity/L745204,círculo,http://www.wikidata.org/entity/Q1084,noun,1
http://www.wikidata.org/entity/L745206,selo,http://www.wikidata.org/entity/Q1084,noun,1
http://www.wikidata.org/entity/L745207,cristianismo,http://www.wikidata.org/entity/Q1084,noun,1
http://www.wikidata.org/entity/L745213,tonelada,http://www.wikidata.org/entity/Q1084,noun,1
http://www.wikidata.org/entity/L745214,lógica,http://www.wikidata.org/entity/Q1084,noun,1
http://www.wikidata.org/entity/L745215,confronto,http://www.wikidata.org/entity/Q1084,noun,1
http://www.wikidata.org/entity/L745221,tarefa,http://www.wikidata.org/entity/Q1084,noun,1
http://www.wikidata.org/entity/L745223,ditadura,http://www.wikidata.org/entity/Q1084,noun,1
http://www.wikidata.org/entity/L745225,imposto,http://www.wikidata.org/entity/Q1084,noun,1
http://www.wikidata.org/entity/L46843,gesso,http://www.wikidata.org/entity/Q1084,noun,1
http://www.wikidata.org/entity/L46844,toalha,http://www.wikidata.org/entity/Q1084,noun,1
http://www.wikidata.org/entity/L46847,casaco,http://www.wikidata.org/entity/Q1084,noun,1
http://www.wikidata.org/entity/L46848,feltro,http://www.wikidata.org/entity/Q1084,noun,1
http://www.wikidata.org/entity/L46849,metal,http://www.wikidata.org/entity/Q1084,noun,1
http://www.wikidata.org/entity/L46850,linha,http://www.wikidata.org/entity/Q1084,noun,1
http://www.wikidata.org/entity/L46852,proteína,http://www.wikidata.org/entity/Q1084,noun,1
http://www.wikidata.org/entity/L46868,três,http://www.wikidata.org/entity/Q63116,numeral,1
http://www.wikidata.org/entity/L46869,quatro,http://www.wikidata.org/entity/Q63116,numeral,1
http://www.wikidata.org/entity/L46870,cinco,http://www.wikidata.org/entity/Q63116,numeral,1
http://www.wikidata.org/entity/L46871,seis,http://www.wikidata.org/entity/Q63116,numeral,1
http://www.wikidata.org/entity/L46872,sete,http://www.wikidata.org/entity/Q63116,numeral,1
http://www.wikidata.org/entity/L46873,oito,http://www.wikidata.org/entity/Q63116,numeral,1
http://www.wikidata.org/entity/L46874,nove,http://www.wikidata.org/entity/Q63116,numeral,1
http://www.wikidata.org/entity/L46875,dez,http://www.wikidata.org/entity/Q63116,numeral,1
http://www.wikidata.org/entity/L47015,a,http://www.wikidata.org/entity/Q9788,letter,1
http://www.wikidata.org/entity/L47017,b,http://www.wikidata.org/entity/Q9788,letter,1
http://www.wikidata.org/entity/L47019,c,http://www.wikidata.org/entity/Q9788,letter,1
http://www.wikidata.org/entity/L47020,d,http://www.wikidata.org/entity/Q9788,letter,1
http://www.wikidata.org/entity/L47022,f,http://www.wikidata.org/entity/Q9788,letter,1
http://www.wikidata.org/entity/L47023,g,http://www.wikidata.org/entity/Q9788,letter,1
http://www.wikidata.org/entity/L47024,h,http://www.wikidata.org/entity/Q9788,letter,1
http://www.wikidata.org/entity/L47025,i,http://www.wikidata.org/entity/Q9788,letter,1
http://www.wikidata.org/entity/L47026,j,http://www.wikidata.org/entity/Q9788,letter,1
http://www.wikidata.org/entity/L47027,k,http://www.wikidata.org/entity/Q9788,letter,1
http://www.wikidata.org/entity/L47028,l,http://www.wikidata.org/entity/Q9788,letter,1
http://www.wikidata.org/entity/L47029,m,http://www.wikidata.org/entity/Q9788,letter,1
http://www.wikidata.org/entity/L47030,n,http://www.wikidata.org/entity/Q9788,letter,1
http://www.wikidata.org/entity/L47032,p,http://www.wikidata.org/entity/Q9788,letter,1
http://www.wikidata.org/entity/L47033,q,http://www.wikidata.org/entity/Q9788,letter,1
http://www.wikidata.org/entity/L47034,r,http://www.wikidata.org/entity/Q9788,letter,1
http://www.wikidata.org/entity/L47035,s,http://www.wikidata.org/entity/Q9788,letter,1
http://www.wikidata.org/entity/L47036,t,http://www.wikidata.org/entity/Q9788,letter,1
http://www.wikidata.org/entity/L47037,u,http://www.wikidata.org/entity/Q9788,letter,1
http://www.wikidata.org/entity/L47038,v,http://www.wikidata.org/entity/Q9788,letter,1
http://www.wikidata.org/entity/L47039,w,http://www.wikidata.org/entity/Q9788,letter,1
http://www.wikidata.org/entity/L47040,x,http://www.wikidata.org/entity/Q9788,letter,1
http://www.wikidata.org/entity/L47041,y,http://www.wikidata.org/entity/Q9788,letter,1
http://www.wikidata.org/entity/L47042,z,http://www.wikidata.org/entity/Q9788,letter,1
http://www.wikidata.org/entity/L471983,acidentar,http://www.wikidata.org/entity/Q24905,verb,1
http://www.wikidata.org/entity/L471984,acinzentar,http://www.wikidata.org/entity/Q24905,verb,1
http://www.wikidata.org/entity/L471985,acionar,http://www.wikidata.org/entity/Q24905,verb,1
http://www.wikidata.org/entity/L471987,aclamar,http://www.wikidata.org/entity/Q24905,verb,1
http://www.wikidata.org/entity/L471990,acobertar,http://www.wikidata.org/entity/Q24905,verb,1
http://www.wikidata.org/entity/L471991,acocorar,http://www.wikidata.org/entity/Q24905,verb,1
http://www.wikidata.org/entity/L471992,acoitar,http://www.wikidata.org/entity/Q24905,verb,1
http://www.wikidata.org/entity/L471997,acompanhar,http://www.wikidata.org/entity/Q24905,verb,1
http://www.wikidata.org/entity/L471998,aconselhar,http://www.wikidata.org/entity/Q24905,verb,1
http://www.wikidata.org/entity/L471999,acoplar,http://www.wikidata.org/entity/Q24905,verb,1
http://www.wikidata.org/entity/L472001,acorrentar,http://www.wikidata.org/entity/Q24905,verb,1
http://www.wikidata.org/entity/L472003,acostumar,http://www.wikidata.org/entity/Q24905,verb,1
http://www.wikidata.org/entity/L472004,acotovelar,http://www.wikidata.org/entity/Q24905,verb,1
http://www.wikidata.org/entity/L472006,acreditar,http://www.wikidata.org/entity/Q24905,verb,1
http://www.wikidata.org/entity/L472007,acrescentar,http://www.wikidata.org/entity/Q24905,verb,1
http://www.wikidata.org/entity/L472008,acuar,http://www.wikidata.org/entity/Q24905,verb,1
http://www.wikidata.org/entity/L472009,açucarar,http://www.wikidata.org/entity/Q24905,verb,1
http://www.wikidata.org/entity/L472010,acumular,http://www.wikidata.org/entity/Q24905,verb,1
http://www.wikidata.org/entity/L618640,e,http://www.wikidata.org/entity/Q36484,conjunction,1
http://www.wikidata.org/entity/L676270,macaco,http://www.wikidata.org/entity/Q1084,noun,1
http://www.wikidata.org/entity/L473302,abastado,http://www.wikidata.org/entity/Q34698,adjective,1
http://www.wikidata.org/entity/L473305,abduzido,http://www.wikidata.org/entity/Q34698,adjective,1
http://www.wikidata.org/entity/L473306,abençoado,http://www.wikidata.org/entity/Q34698,adjective,1
http://www.wikidata.org/entity/L473318,abrigado,http://www.wikidata.org/entity/Q34698,adjective,1
http://www.wikidata.org/entity/L473319,absoluto,http://www.wikidata.org/entity/Q34698,adjective,1
http://www.wikidata.org/entity/L558197,honra,http://www.wikidata.org/entity/Q1084,noun,1
http://www.wikidata.org/entity/L558198,duração,http://www.wikidata.org/entity/Q1084,noun,1
http://www.wikidata.org/entity/L558199,fórmula,http://www.wikidata.org/entity/Q1084,noun,1
http://www.wikidata.org/entity/L558201,diocese,http://www.wikidata.org/entity/Q1084,noun,1
http://www.wikidata.org/entity/L523169,casualmente,http://www.wikidata.org/entity/Q380057,adverb,1
http://www.wikidata.org/entity/L523170,categoricamente,http://www.wikidata.org/entity/Q380057,adverb,1
http://www.wikidata.org/entity/L523171,cientificamente,http://www.wikidata.org/entity/Q380057,adverb,1
http://www.wikidata.org/entity/L523185,nesse,http://www.wikidata.org/entity/Q126473,contraction,1
http://www.wikidata.org/entity/L52324,vender,http://www.wikidata.org/entity/Q24905,verb,1
http://www.wikidata.org/entity/L524069,também,http://www.wikidata.org/entity/Q380057,adverb,1
http://www.wikidata.org/entity/L524071,disto,http://www.wikidata.org/entity/Q126473,contraction,1
http://www.wikidata.org/entity/L524072,disso,http://www.wikidata.org/entity/Q126473,contraction,1
http://www.wikidata.org/entity/L524344,encontrar,http://www.wikidata.org/entity/Q24905,verb,1
http://www.wikidata.org/entity/L524345,levar,http://www.wikidata.org/entity/Q24905,verb,1
http://www.wikidata.org/entity/L524348,amar,http://www.wikidata.org/entity/Q24905,verb,1
http://www.wikidata.org/entity/L524349,representar,http://www.wikidata.org/entity/Q24905,verb,1
http://www.wikidata.org/entity/L524627,canoa,http://www.wikidata.org/entity/Q1084,noun,1
http://www.wikidata.org/entity/L524629,berço,http://www.wikidata.org/entity/Q1084,noun,1
http://www.wikidata.org/entity/L524631,astronómico,http://www.wikidata.org/entity/Q34698,adjective,1
http://www.wikidata.org/entity/L524632,arquitetura,http://www.wikidata.org/entity/Q1084,noun,1
http://www.wikidata.org/entity/L524634,agrícola,http://www.wikidata.org/entity/Q34698,adjective,1
http://www.wikidata.org/entity/L524635,planta,http://www.wikidata.org/entity/Q1084,noun,1
http://www.wikidata.org/entity/L524636,planalto,http://www.wikidata.org/entity/Q1084,noun,1
http://www.wikidata.org/entity/L524637,poderoso,http://www.wikidata.org/entity/Q34698,adjective,1
http://www.wikidata.org/entity/L524639,sacrifício,http://www.wikidata.org/entity/Q1084,noun,1
http://www.wikidata.org/entity/L524640,ritual,http://www.wikidata.org/entity/Q1084,noun,1
http://www.wikidata.org/entity/L524643,próximo,http://www.wikidata.org/entity/Q34698,adjective,1
http://www.wikidata.org/entity/L524644,pré-histórico,http://www.wikidata.org/entity/Q34698,adjective,1
http://www.wikidata.org/entity/L524646,pré-,http://www.wikidata.org/entity/Q134830,prefix,1
http://www.wikidata.org/entity/L525327,estátua,http://www.wikidata.org/entity/Q1084,noun,1
http://www.wikidata.org/entity/L525328,alternativa,http://www.wikidata.org/entity/Q1084,noun,1
http://www.wikidata.org/entity/L525334,navegável,http://www.wikidata.org/entity/Q34698,adjective,1
http://www.wikidata.org/entity/L525336,porção,http://www.wikidata.org/entity/Q1084,noun,1
http://www.wikidata.org/entity/L525337,privado,http://www.wikidata.org/entity/Q34698,adjective,1
http://www.wikidata.org/entity/L525339,paraquedas,http://www.wikidata.org/entity/Q1084,noun,1
http://www.wikidata.org/entity/L630937,bomba,http://www.wikidata.org/entity/Q1084,noun,1
http://www.wikidata.org/entity/L558161,verdade,http://www.wikidata.org/entity/Q1084,noun,1
http://www.wikidata.org/entity/L558162,graça,http://www.wikidata.org/entity/Q1084,noun,1
http://www.wikidata.org/entity/L558163,pressão,http://www.wikidata.org/entity/Q1084,noun,1
http://www.wikidata.org/entity/L558165,queda,http://www.wikidata.org/entity/Q1084,noun,1
http://www.wikidata.org/entity/L558166,temperatura,http://www.wikidata.org/entity/Q1084,noun,1
http://www.wikidata.org/entity/L558169,expansão,http://www.wikidata.org/entity/Q1084,noun,1
http://www.wikidata.org/entity/L558170,princesa,http://www.wikidata.org/entity/Q1084,noun,1
http://www.wikidata.org/entity/L558174,religião,http://www.wikidata.org/entity/Q1084,noun,1
http://www.wikidata.org/entity/L558175,linguagem,http://www.wikidata.org/entity/Q1084,noun,1
http://www.wikidata.org/entity/L558176,possibilidade,http://www.wikidata.org/entity/Q1084,noun,1
http://www.wikidata.org/entity/L558177,transmissão,http://www.wikidata.org/entity/Q1084,noun,1
http://www.wikidata.org/entity/L558178,federação,http://www.wikidata.org/entity/Q1084,noun,1
http://www.wikidata.org/entity/L558179,perda,http://www.wikidata.org/entity/Q1084,noun,1
http://www.wikidata.org/entity/L558180,coleção,http://www.wikidata.org/entity/Q1084,noun,1
http://www.wikidata.org/entity/L558181,altitude,http://www.wikidata.org/entity/Q1084,noun,1
http://www.wikidata.org/entity/L558183,invasão,http://www.wikidata.org/entity/Q1084,noun,1
http://www.wikidata.org/entity/L558184,infância,http://www.wikidata.org/entity/Q1084,noun,1
http://www.wikidata.org/entity/L558187,audiência,http://www.wikidata.org/entity/Q1084,noun,1
http://www.wikidata.org/entity/L558188,variedade,http://www.wikidata.org/entity/Q1084,noun,1
http://www.wikidata.org/entity/L558189,floresta,http://www.wikidata.org/entity/Q1084,noun,1
http://www.wikidata.org/entity/L558193,orquestra,http://www.wikidata.org/entity/Q1084,noun,1
http://www.wikidata.org/entity/L558196,reunião,http://www.wikidata.org/entity/Q1084,noun,1
http://www.wikidata.org/entity/L229779,Brasil,http://www.wikidata.org/entity/Q147276,proper noun,1
http://www.wikidata.org/entity/L229788,brasa,http://www.wikidata.org/entity/Q1084,noun,1
http://www.wikidata.org/entity/L47031,o,http://www.wikidata.org/entity/Q9788,letter,1
http://www.wikidata.org/entity/L290140,assintomático,http://www.wikidata.org/entity/Q34698,adjective,1
http://www.wikidata.org/entity/L476024,albino,http://www.wikidata.org/entity/Q34698,adjective,1
http://www.wikidata.org/entity/L298556,aeroporto,http://www.wikidata.org/entity/Q1084,noun,1
http://www.wikidata.org/entity/L298557,ginásio,http://www.wikidata.org/entity/Q1084,noun,1
http://www.wikidata.org/entity/L298558,saúde,http://www.wikidata.org/entity/Q1084,noun,1
http://www.wikidata.org/entity/L5450,zebra,http://www.wikidata.org/entity/Q1084,noun,1
http://www.wikidata.org/entity/L302733,Filho,http://www.wikidata.org/entity/Q1964223,name suffix,1
http://www.wikidata.org/entity/L448229,tempero,http://www.wikidata.org/entity/Q1084,noun,1
http://www.wikidata.org/entity/L307001,ourives,http://www.wikidata.org/entity/Q1084,noun,1
http://www.wikidata.org/entity/L307160,trazer,http://www.wikidata.org/entity/Q24905,verb,1
http://www.wikidata.org/entity/L307256,barba,http://www.wikidata.org/entity/Q1084,noun,1
http://www.wikidata.org/entity/L307268,elu,http://www.wikidata.org/entity/Q468801,personal pronoun,1
http://www.wikidata.org/entity/L307309,anjo,http://www.wikidata.org/entity/Q1084,noun,1
http://www.wikidata.org/entity/L307316,banho,http://www.wikidata.org/entity/Q1084,noun,1
http://www.wikidata.org/entity/L307345,caralho,http://www.wikidata.org/entity/Q1084,noun,1
http://www.wikidata.org/entity/L307405,prazer,http://www.wikidata.org/entity/Q1084,noun,1
http://www.wikidata.org/entity/L307425,cunhado,http://www.wikidata.org/entity/Q1084,noun,1
http://www.wikidata.org/entity/L307605,aderno,http://www.wikidata.org/entity/Q1084,noun,1
http://www.wikidata.org/entity/L307614,cerro,http://www.wikidata.org/entity/Q1084,noun,1
http://www.wikidata.org/entity/L307792,sapato,http://www.wikidata.org/entity/Q1084,noun,1
http://www.wikidata.org/entity/L312006,endro,http://www.wikidata.org/entity/Q1084,noun,1
http://www.wikidata.org/entity/L501155,real,http://www.wikidata.org/entity/Q34698,adjective,1
http://www.wikidata.org/entity/L33308,filme,http://www.wikidata.org/entity/Q1084,noun,1
http://www.wikidata.org/entity/L348527,Netto,http://www.wikidata.org/entity/Q1964223,name suffix,1
http://www.wikidata.org/entity/L37029,vir,http://www.wikidata.org/entity/Q24905,verb,1
http://www.wikidata.org/entity/L39703,colega,http://www.wikidata.org/entity/Q1084,noun,1
http://www.wikidata.org/entity/L478281,amigo,http://www.wikidata.org/entity/Q34698,adjective,1
http://www.wikidata.org/entity/L40986,haver,http://www.wikidata.org/entity/Q24905,verb,1
http://www.wikidata.org/entity/L414081,amor,http://www.wikidata.org/entity/Q1084,noun,1
http://www.wikidata.org/entity/L42233,portar,http://www.wikidata.org/entity/Q24905,verb,1
http://www.wikidata.org/entity/L42379,painel de azulejos,http://www.wikidata.org/entity/Q29888377,nominal locution,1
http://www.wikidata.org/entity/L449107,açaí,http://www.wikidata.org/entity/Q1084,noun,1
http://www.wikidata.org/entity/L446980,aparecer,http://www.wikidata.org/entity/Q24905,verb,1
http://www.wikidata.org/entity/L446981,almofadar,http://www.wikidata.org/entity/Q24905,verb,1
http://www.wikidata.org/entity/L446982,gostar,http://www.wikidata.org/entity/Q24905,verb,1
http://www.wikidata.org/entity/L446983,gritar,http://www.wikidata.org/entity/Q24905,verb,1
http://www.wikidata.org/entity/L447032,lâmpada,http://www.wikidata.org/entity/Q1084,noun,1
http://www.wikidata.org/entity/L447033,prateleira,http://www.wikidata.org/entity/Q1084,noun,1
http://www.wikidata.org/entity/L447035,mulher,http://www.wikidata.org/entity/Q1084,noun,1
http://www.wikidata.org/entity/L447036,cadeira,http://www.wikidata.org/entity/Q1084,noun,1
http://www.wikidata.org/entity/L447037,caderno,http://www.wikidata.org/entity/Q1084,noun,1
http://www.wikidata.org/entity/L447038,enciclopédia,http://www.wikidata.org/entity/Q1084,noun,1
http://www.wikidata.org/entity/L447043,roupa,http://www.wikidata.org/entity/Q1084,noun,1
http://www.wikidata.org/entity/L447044,carcaça,http://www.wikidata.org/entity/Q1084,noun,1
http://www.wikidata.org/entity/L447046,galinheiro,http://www.wikidata.org/entity/Q1084,noun,1
http://www.wikidata.org/entity/L447047,cama,http://www.wikidata.org/entity/Q1084,noun,1
http://www.wikidata.org/entity/L447048,tabela,http://www.wikidata.org/entity/Q1084,noun,1
http://www.wikidata.org/entity/L447055,tartaruga,http://www.wikidata.org/entity/Q1084,noun,1
http://www.wikidata.org/entity/L447057,jiboia,http://www.wikidata.org/entity/Q1084,noun,1
http://www.wikidata.org/entity/L447063,decepção,http://www.wikidata.org/entity/Q1084,noun,1
http://www.wikidata.org/entity/L447086,cantar,http://www.wikidata.org/entity/Q24905,verb,1
http://www.wikidata.org/entity/L447127,data,http://www.wikidata.org/entity/Q1084,noun,1
http://www.wikidata.org/entity/L447128,flecha,http://www.wikidata.org/entity/Q1084,noun,1
http://www.wikidata.org/entity/L447129,mata,http://www.wikidata.org/entity/Q1084,noun,1
http://www.wikidata.org/entity/L447130,formiga,http://www.wikidata.org/entity/Q1084,noun,1
http://www.wikidata.org/entity/L447131,cueca,http://www.wikidata.org/entity/Q1084,noun,1
http://www.wikidata.org/entity/L447132,caveira,http://www.wikidata.org/entity/Q1084,noun,1
http://www.wikidata.org/entity/L447133,coberta,http://www.wikidata.org/entity/Q1084,noun,1
http://www.wikidata.org/entity/L447134,sandália,http://www.wikidata.org/entity/Q1084,noun,1
http://www.wikidata.org/entity/L447138,veia,http://www.wikidata.org/entity/Q1084,noun,1
http://www.wikidata.org/entity/L447139,artéria,http://www.wikidata.org/entity/Q1084,noun,1
http://www.wikidata.org/entity/L447140,articulação,http://www.wikidata.org/entity/Q1084,noun,1
http://www.wikidata.org/entity/L447141,piano,http://www.wikidata.org/entity/Q1084,noun,1
http://www.wikidata.org/entity/L447142,chapéu,http://www.wikidata.org/entity/Q1084,noun,1
http://www.wikidata.org/entity/L447143,troféu,http://www.wikidata.org/entity/Q1084,noun,1
http://www.wikidata.org/entity/L447146,urubu,http://www.wikidata.org/entity/Q1084,noun,1
http://www.wikidata.org/entity/L447148,palhaço,http://www.wikidata.org/entity/Q1084,noun,1
http://www.wikidata.org/entity/L447149,palácio,http://www.wikidata.org/entity/Q1084,noun,1
http://www.wikidata.org/entity/L447150,monte,http://www.wikidata.org/entity/Q1084,noun,1
http://www.wikidata.org/entity/L473323,abundante,http://www.wikidata.org/entity/Q34698,adjective,1
http://www.wikidata.org/entity/L473334,acelerado,http://www.wikidata.org/entity/Q34698,adjective,1
http://www.wikidata.org/entity/L473337,acessível,http://www.wikidata.org/entity/Q34698,adjective,1
http://www.wikidata.org/entity/L473340,achatado,http://www.wikidata.org/entity/Q34698,adjective,1
http://www.wikidata.org/entity/L473343,acionado,http://www.wikidata.org/entity/Q34698,adjective,1
http://www.wikidata.org/entity/L473355,acoplado,http://www.wikidata.org/entity/Q34698,adjective,1
http://www.wikidata.org/entity/L473365,aderente,http://www.wikidata.org/entity/Q34698,adjective,1
http://www.wikidata.org/entity/L473366,adesivo,http://www.wikidata.org/entity/Q34698,adjective,1
http://www.wikidata.org/entity/L473368,adiantado,http://www.wikidata.org/entity/Q34698,adjective,1
http://www.wikidata.org/entity/L473369,adicional,http://www.wikidata.org/entity/Q34698,adjective,1
http://www.wikidata.org/entity/L473371,adiposo,http://www.wikidata.org/entity/Q34698,adjective,1
http://www.wikidata.org/entity/L473372,aditivo,http://www.wikidata.org/entity/Q34698,adjective,1
http://www.wikidata.org/entity/L473379,adoçado,http://www.wikidata.org/entity/Q34698,adjective,1
http://www.wikidata.org/entity/L473380,adoentado,http://www.wikidata.org/entity/Q34698,adjective,1
http://www.wikidata.org/entity/L473385,adotado,http://www.wikidata.org/entity/Q34698,adjective,1
http://www.wikidata.org/entity/L473386,adormecido,http://www.wikidata.org/entity/Q34698,adjective,1
http://www.wikidata.org/entity/L473388,adubado,http://www.wikidata.org/entity/Q34698,adjective,1
http://www.wikidata.org/entity/L473395,aéreo,http://www.wikidata.org/entity/Q34698,adjective,1
http://www.wikidata.org/entity/L474530,determinado,http://www.wikidata.org/entity/Q34698,adjective,1
http://www.wikidata.org/entity/L474531,divertido,http://www.wikidata.org/entity/Q34698,adjective,1
http://www.wikidata.org/entity/L474535,esquisito,http://www.wikidata.org/entity/Q34698,adjective,1
http://www.wikidata.org/entity/L474536,bonito,http://www.wikidata.org/entity/Q34698,adjective,1
http://www.wikidata.org/entity/L474537,estranho,http://www.wikidata.org/entity/Q34698,adjective,1
http://www.wikidata.org/entity/L474546,turco,http://www.wikidata.org/entity/Q34698,adjective,1
http://www.wikidata.org/entity/L474547,derretido,http://www.wikidata.org/entity/Q34698,adjective,1
http://www.wikidata.org/entity/L474558,blindado,http://www.wikidata.org/entity/Q34698,adjective,1
http://www.wikidata.org/entity/L677500,dentro,http://www.wikidata.org/entity/Q380057,adverb,1
http://www.wikidata.org/entity/L677501,quase,http://www.wikidata.org/entity/Q380057,adverb,1
http://www.wikidata.org/entity/L671171,solto,http://www.wikidata.org/entity/Q34698,adjective,1
http://www.wikidata.org/entity/L671172,resfriado,http://www.wikidata.org/entity/Q34698,adjective,1
http://www.wikidata.org/entity/L671174,incorreto,http://www.wikidata.org/entity/Q34698,adjective,1
http://www.wikidata.org/entity/L671175,segurar vela,http://www.wikidata.org/entity/Q1778442,verb phrase,1
http://www.wikidata.org/entity/L671176,segurar,http://www.wikidata.org/entity/Q24905,verb,1
http://www.wikidata.org/entity/L671243,bioquímico,http://www.wikidata.org/entity/Q34698,adjective,1
http://www.wikidata.org/entity/L671244,quebradiço,http://www.wikidata.org/entity/Q34698,adjective,1
http://www.wikidata.org/entity/L671829,indispensável,http://www.wikidata.org/entity/Q34698,adjective,1
http://www.wikidata.org/entity/L671830,sujo,http://www.wikidata.org/entity/Q34698,adjective,1
http://www.wikidata.org/entity/L671831,imundo,http://www.wikidata.org/entity/Q34698,adjective,1
http://www.wikidata.org/entity/L671835,tintura,http://www.wikidata.org/entity/Q1084,noun,1
http://www.wikidata.org/entity/L671836,tontura,http://www.wikidata.org/entity/Q1084,noun,1
http://www.wikidata.org/entity/L671837,ficar,http://www.wikidata.org/entity/Q24905,verb,1
http://www.wikidata.org/entity/L671838,velar,http://www.wikidata.org/entity/Q24905,verb,1
http://www.wikidata.org/entity/L671839,estrear,http://www.wikidata.org/entity/Q24905,verb,1
http://www.wikidata.org/entity/L671840,começar,http://www.wikidata.org/entity/Q24905,verb,1
http://www.wikidata.org/entity/L671841,pentear,http://www.wikidata.org/entity/Q24905,verb,1
http://www.wikidata.org/entity/L671842,permear,http://www.wikidata.org/entity/Q24905,verb,1
http://www.wikidata.org/entity/L671845,contagiar,http://www.wikidata.org/entity/Q24905,verb,1
http://www.wikidata.org/entity/L671846,fundar,http://www.wikidata.org/entity/Q24905,verb,1
http://www.wikidata.org/entity/L671847,fundir,http://www.wikidata.org/entity/Q24905,verb,1
http://www.wikidata.org/entity/L671848,aumentar,http://www.wikidata.org/entity/Q24905,verb,1
http://www.wikidata.org/entity/L671849,derrotar,http://www.wikidata.org/entity/Q24905,verb,1
http://www.wikidata.org/entity/L671852,interpretar,http://www.wikidata.org/entity/Q24905,verb,1
http://www.wikidata.org/entity/L671853,concentração,http://www.wikidata.org/entity/Q1084,noun,1
http://www.wikidata.org/entity/L672243,escolar,http://www.wikidata.org/entity/Q34698,adjective,1
http://www.wikidata.org/entity/L672245,desconhecido,http://www.wikidata.org/entity/Q34698,adjective,1
http://www.wikidata.org/entity/L672552,segurelha,http://www.wikidata.org/entity/Q1084,noun,1
http://www.wikidata.org/entity/L672628,flor,http://www.wikidata.org/entity/Q1084,noun,1
http://www.wikidata.org/entity/L672629,manhã,http://www.wikidata.org/entity/Q1084,noun,1
http://www.wikidata.org/entity/L672675,anho,http://www.wikidata.org/entity/Q1084,noun,1
http://www.wikidata.org/entity/L673740,ativo,http://www.wikidata.org/entity/Q34698,adjective,1
http://www.wikidata.org/entity/L674368,muito,http://www.wikidata.org/entity/Q36224,pronoun,1
http://www.wikidata.org/entity/L674369,muito,http://www.wikidata.org/entity/Q380057,adverb,1
http://www.wikidata.org/entity/L674371,então,http://www.wikidata.org/entity/Q36484,conjunction,1
http://www.wikidata.org/entity/L674372,então,http://www.wikidata.org/entity/Q380057,adverb,1
http://www.wikidata.org/entity/L674374,atacar,http://www.wikidata.org/entity/Q24905,verb,1
http://www.wikidata.org/entity/L674377,causar,http://www.wikidata.org/entity/Q24905,verb,1
http://www.wikidata.org/entity/L674378,recusar,http://www.wikidata.org/entity/Q24905,verb,1
http://www.wikidata.org/entity/L674379,colocar,http://www.wikidata.org/entity/Q24905,verb,1
http://www.wikidata.org/entity/L674380,confirmar,http://www.wikidata.org/entity/Q24905,verb,1
http://www.wikidata.org/entity/L674381,confiscar,http://www.wikidata.org/entity/Q24905,verb,1
http://www.wikidata.org/entity/L674382,ordenar,http://www.wikidata.org/entity/Q24905,verb,1
http://www.wikidata.org/entity/L674383,adquirir,http://www.wikidata.org/entity/Q24905,verb,1
http://www.wikidata.org/entity/L674385,utilizar,http://www.wikidata.org/entity/Q24905,verb,1
http://www.wikidata.org/entity/L674386,integrar,http://www.wikidata.org/entity/Q24905,verb,1
http://www.wikidata.org/entity/L676260,apenas,http://www.wikidata.org/entity/Q380057,adverb,1
http://www.wikidata.org/entity/L676570,pois,http://www.wikidata.org/entity/Q36484,conjunction,1
http://www.wikidata.org/entity/L676571,pois,http://www.wikidata.org/entity/Q380057,adverb,1
http://www.wikidata.org/entity/L677372,capitão,http://www.wikidata.org/entity/Q1084,noun,1
http://www.wikidata.org/entity/L677373,num,http://www.wikidata.org/entity/Q126473,contraction,1
http://www.wikidata.org/entity/L677393,dar com a língua nos dentes,http://www.wikidata.org/entity/Q1778442,verb phrase,1
http://www.wikidata.org/entity/L677446,vocalista,http://www.wikidata.org/entity/Q1084,noun,1
http://www.wikidata.org/entity/L677447,infantaria,http://www.wikidata.org/entity/Q1084,noun,1
http://www.wikidata.org/entity/L677448,artístico,http://www.wikidata.org/entity/Q34698,adjective,1
http://www.wikidata.org/entity/L677452,secretaria,http://www.wikidata.org/entity/Q1084,noun,1
http://www.wikidata.org/entity/L677453,notável,http://www.wikidata.org/entity/Q34698,adjective,1
http://www.wikidata.org/entity/L677454,tropical,http://www.wikidata.org/entity/Q34698,adjective,1
http://www.wikidata.org/entity/L677456,aprovação,http://www.wikidata.org/entity/Q1084,noun,1
http://www.wikidata.org/entity/L677457,introdução,http://www.wikidata.org/entity/Q1084,noun,1
http://www.wikidata.org/entity/L677458,individual,http://www.wikidata.org/entity/Q34698,adjective,1
http://www.wikidata.org/entity/L677459,guitarrista,http://www.wikidata.org/entity/Q1084,noun,1
http://www.wikidata.org/entity/L677461,inúmero,http://www.wikidata.org/entity/Q34698,adjective,1
http://www.wikidata.org/entity/L677462,terminal,http://www.wikidata.org/entity/Q34698,adjective,1
http://www.wikidata.org/entity/L677463,sonho,http://www.wikidata.org/entity/Q1084,noun,1
http://www.wikidata.org/entity/L745240,belo,http://www.wikidata.org/entity/Q34698,adjective,1
http://www.wikidata.org/entity/L745241,fenómeno,http://www.wikidata.org/entity/Q1084,noun,1
http://www.wikidata.org/entity/L745244,teologia,http://www.wikidata.org/entity/Q1084,noun,1
http://www.wikidata.org/entity/L745247,cientista,http://www.wikidata.org/entity/Q1084,noun,1
http://www.wikidata.org/entity/L745251,herói,http://www.wikidata.org/entity/Q1084,noun,1
http://www.wikidata.org/entity/L745253,escritor,http://www.wikidata.org/entity/Q1084,noun,1
http://www.wikidata.org/entity/L745255,proprietário,http://www.wikidata.org/entity/Q1084,noun,1
http://www.wikidata.org/entity/L745257,ficção,http://www.wikidata.org/entity/Q1084,noun,1
http://www.wikidata.org/entity/L745259,vantagem,http://www.wikidata.org/entity/Q1084,noun,1
http://www.wikidata.org/entity/L749443,Camboja,http://www.wikidata.org/entity/Q147276,proper noun,1
http://www.wikidata.org/entity/L749747,fumar,http://www.wikidata.org/entity/Q24905,verb,1
http://www.wikidata.org/entity/L750007,lucioperca,http://www.wikidata.org/entity/Q1084,noun,1
http://www.wikidata.org/entity/L750648,explicar,http://www.wikidata.org/entity/Q24905,verb,1
http://www.wikidata.org/entity/L750649,inundar,http://www.wikidata.org/entity/Q24905,verb,1
http://www.wikidata.org/entity/L750650,acelerar,http://www.wikidata.org/entity/Q24905,verb,1
http://www.wikidata.org/entity/L750651,sonhar,http://www.wikidata.org/entity/Q24905,verb,1
http://www.wikidata.org/entity/L750652,ferver,http://www.wikidata.org/entity/Q24905,verb,1
http://www.wikidata.org/entity/L750653,simular,http://www.wikidata.org/entity/Q24905,verb,1
http://www.wikidata.org/entity/L750654,definir,http://www.wikidata.org/entity/Q24905,verb,1
http://www.wikidata.org/entity/L750655,girar,http://www.wikidata.org/entity/Q24905,verb,1
http://www.wikidata.org/entity/L750656,meditar,http://www.wikidata.org/entity/Q24905,verb,1
http://www.wikidata.org/entity/L750657,torturar,http://www.wikidata.org/entity/Q24905,verb,1
http://www.wikidata.org/entity/L750659,desflorestar,http://www.wikidata.org/entity/Q24905,verb,1
http://www.wikidata.org/entity/L750666,emigrar,http://www.wikidata.org/entity/Q24905,verb,1
http://www.wikidata.org/entity/L750669,deformar,http://www.wikidata.org/entity/Q24905,verb,1
http://www.wikidata.org/entity/L753019,malhar em ferro frio,http://www.wikidata.org/entity/Q1778442,verb phrase,1
http://www.wikidata.org/entity/L753020,enxugar gelo,http://www.wikidata.org/entity/Q1778442,verb phrase,1
http://www.wikidata.org/entity/L7616,flamingo,http://www.wikidata.org/entity/Q1084,noun,1
http://www.wikidata.org/entity/L8734,janeiro,http://www.wikidata.org/entity/Q1084,noun,1
http://www.wikidata.org/entity/L8750,março,http://www.wikidata.org/entity/Q1084,noun,1
http://www.wikidata.org/entity/L8751,abril,http://www.wikidata.org/entity/Q1084,noun,1
http://www.wikidata.org/entity/L8752,maio,http://www.wikidata.org/entity/Q1084,noun,1
http://www.wikidata.org/entity/L8753,junho,http://www.wikidata.org/entity/Q1084,noun,1
http://www.wikidata.org/entity/L8754,julho,http://www.wikidata.org/entity/Q1084,noun,1
http://www.wikidata.org/entity/L900094,ó,http://www.wikidata.org/entity/Q83034,interjection,1
http://www.wikidata.org/entity/L900242,ó,http://www.wikidata.org/entity/Q83034,interjection,1
http://www.wikidata.org/entity/L900340,gente,http://www.wikidata.org/entity/Q83034,interjection,1
http://www.wikidata.org/entity/L901082,Virgem Maria,http://www.wikidata.org/entity/Q83034,interjection,1
http://www.wikidata.org/entity/L907848,capivara,http://www.wikidata.org/entity/Q1084,noun,1
http://www.wikidata.org/entity/L907866,jacaré,http://www.wikidata.org/entity/Q1084,noun,1
http://www.wikidata.org/entity/L908230,acarajé,http://www.wikidata.org/entity/Q1084,noun,1
http://www.wikidata.org/entity/L908231,vatapá,http://www.wikidata.org/entity/Q1084,noun,1
http://www.wikidata.org/entity/L908495,tipoia,http://www.wikidata.org/entity/Q1084,noun,1
http://www.wikidata.org/entity/L942478,et al.,http://www.wikidata.org/entity/Q3062294,Latin phrase,1
http://www.wikidata.org/entity/L982974,estadunidense,http://www.wikidata.org/entity/Q34698,adjective,1
http://www.wikidata.org/entity/L983847,assino embaixo,http://www.wikidata.org/entity/Q83034,interjection,1
http://www.wikidata.org/entity/L983887,duvideodó,http://www.wikidata.org/entity/Q83034,interjection,1
http://www.wikidata.org/entity/L983905,afe,http://www.wikidata.org/entity/Q83034,interjection,1
http://www.wikidata.org/entity/L983906,aff,http://www.wikidata.org/entity/Q83034,interjection,1
http://www.wikidata.org/entity/L989113,apedrejar,http://www.wikidata.org/entity/Q24905,verb,1
http://www.wikidata.org/entity/L989116,morar,http://www.wikidata.org/entity/Q24905,verb,1
http://www.wikidata.org/entity/L989278,arder,http://www.wikidata.org/entity/Q24905,verb,1
http://www.wikidata.org/entity/L989450,fossa,http://www.wikidata.org/entity/Q1084,noun,1
http://www.wikidata.org/entity/L989864,dentista,http://www.wikidata.org/entity/Q1084,noun,1
http://www.wikidata.org/entity/L991456,lixo,http://www.wikidata.org/entity/Q1084,noun,1
http://www.wikidata.org/entity/L991467,joão-de-barro,http://www.wikidata.org/entity/Q1084,noun,1
http://www.wikidata.org/entity/L995058,-ável,http://www.wikidata.org/entity/Q102047,suffix,1
http://www.wikidata.org/entity/L995071,-gráfico,http://www.wikidata.org/entity/Q102047,suffix,1
http://www.wikidata.org/entity/L1473360,psicólogo,http://www.wikidata.org/entity/Q1084,noun,1
http://www.wikidata.org/entity/L474569,amado,http://www.wikidata.org/entity/Q34698,adjective,1
http://www.wikidata.org/entity/L474576,machucado,http://www.wikidata.org/entity/Q34698,adjective,1
http://www.wikidata.org/entity/L474577,demolido,http://www.wikidata.org/entity/Q34698,adjective,1
http://www.wikidata.org/entity/L474578,distraído,http://www.wikidata.org/entity/Q34698,adjective,1
http://www.wikidata.org/entity/L474580,dinâmico,http://www.wikidata.org/entity/Q34698,adjective,1
http://www.wikidata.org/entity/L474581,dedetizado,http://www.wikidata.org/entity/Q34698,adjective,1
http://www.wikidata.org/entity/L474582,duvidoso,http://www.wikidata.org/entity/Q34698,adjective,1
http://www.wikidata.org/entity/L474583,dobrado,http://www.wikidata.org/entity/Q34698,adjective,1
http://www.wikidata.org/entity/L474584,duro,http://www.wikidata.org/entity/Q34698,adjective,1
http://www.wikidata.org/entity/L474585,dolorido,http://www.wikidata.org/entity/Q34698,adjective,1
http://www.wikidata.org/entity/L474586,doloroso,http://www.wikidata.org/entity/Q34698,adjective,1
http://www.wikidata.org/entity/L474588,frito,http://www.wikidata.org/entity/Q34698,adjective,1
http://www.wikidata.org/entity/L474591,florido,http://www.wikidata.org/entity/Q34698,adjective,1
http://www.wikidata.org/entity/L474592,franco,http://www.wikidata.org/entity/Q34698,adjective,1
http://www.wikidata.org/entity/L474593,feio,http://www.wikidata.org/entity/Q34698,adjective,1
http://www.wikidata.org/entity/L474604,gelado,http://www.wikidata.org/entity/Q34698,adjective,1
http://www.wikidata.org/entity/L474608,retrógrado,http://www.wikidata.org/entity/Q34698,adjective,1
http://www.wikidata.org/entity/L474609,reto,http://www.wikidata.org/entity/Q34698,adjective,1
http://www.wikidata.org/entity/L474612,rasgado,http://www.wikidata.org/entity/Q34698,adjective,1
http://www.wikidata.org/entity/L474614,raro,http://www.wikidata.org/entity/Q34698,adjective,1
http://www.wikidata.org/entity/L474615,rico,http://www.wikidata.org/entity/Q34698,adjective,1
http://www.wikidata.org/entity/L474618,rápido,http://www.wikidata.org/entity/Q34698,adjective,1
http://www.wikidata.org/entity/L474621,rancoroso,http://www.wikidata.org/entity/Q34698,adjective,1
http://www.wikidata.org/entity/L474622,raivoso,http://www.wikidata.org/entity/Q34698,adjective,1
http://www.wikidata.org/entity/L474623,parado,http://www.wikidata.org/entity/Q34698,adjective,1
http://www.wikidata.org/entity/L474625,populoso,http://www.wikidata.org/entity/Q34698,adjective,1
http://www.wikidata.org/entity/L474628,pequeno,http://www.wikidata.org/entity/Q34698,adjective,1
http://www.wikidata.org/entity/L474629,pintado,http://www.wikidata.org/entity/Q34698,adjective,1
http://www.wikidata.org/entity/L474632,perigoso,http://www.wikidata.org/entity/Q34698,adjective,1
http://www.wikidata.org/entity/L474634,perpétuo,http://www.wikidata.org/entity/Q34698,adjective,1
http://www.wikidata.org/entity/L474636,lindo,http://www.wikidata.org/entity/Q34698,adjective,1
http://www.wikidata.org/entity/L474640,coreano,http://www.wikidata.org/entity/Q34698,adjective,1
http://www.wikidata.org/entity/L474642,coberto,http://www.wikidata.org/entity/Q34698,adjective,1
http://www.wikidata.org/entity/L474645,sentado,http://www.wikidata.org/entity/Q34698,adjective,1
http://www.wikidata.org/entity/L474648,sortudo,http://www.wikidata.org/entity/Q34698,adjective,1
http://www.wikidata.org/entity/L474653,verdadeiro,http://www.wikidata.org/entity/Q34698,adjective,1
http://www.wikidata.org/entity/L474654,visto,http://www.wikidata.org/entity/Q34698,adjective,1
http://www.wikidata.org/entity/L474657,venenoso,http://www.wikidata.org/entity/Q34698,adjective,1
http://www.wikidata.org/entity/L474658,vacinado,http://www.wikidata.org/entity/Q34698,adjective,1
http://www.wikidata.org/entity/L474661,claro,http://www.wikidata.org/entity/Q34698,adjective,1
http://www.wikidata.org/entity/L474664,cristalizado,http://www.wikidata.org/entity/Q34698,adjective,1
http://www.wikidata.org/entity/L474698,atormentado,http://www.wikidata.org/entity/Q34698,adjective,1
http://www.wikidata.org/entity/L474705,nascido,http://www.wikidata.org/entity/Q34698,adjective,1
http://www.wikidata.org/entity/L447258,assalto,http://www.wikidata.org/entity/Q1084,noun,1
http://www.wikidata.org/entity/L447259,bandido,http://www.wikidata.org/entity/Q1084,noun,1
http://www.wikidata.org/entity/L447260,revólver,http://www.wikidata.org/entity/Q1084,noun,1
http://www.wikidata.org/entity/L447152,operário,http://www.wikidata.org/entity/Q1084,noun,1
http://www.wikidata.org/entity/L447155,substantivo,http://www.wikidata.org/entity/Q1084,noun,1
http://www.wikidata.org/entity/L447157,caule,http://www.wikidata.org/entity/Q1084,noun,1
http://www.wikidata.org/entity/L447158,vaga-lume,http://www.wikidata.org/entity/Q1084,noun,1
http://www.wikidata.org/entity/L447159,pirilampo,http://www.wikidata.org/entity/Q1084,noun,1
http://www.wikidata.org/entity/L447160,irmão,http://www.wikidata.org/entity/Q1084,noun,1
http://www.wikidata.org/entity/L447161,primo,http://www.wikidata.org/entity/Q1084,noun,1
http://www.wikidata.org/entity/L447162,pênis,http://www.wikidata.org/entity/Q1084,noun,1
http://www.wikidata.org/entity/L447164,lápis,http://www.wikidata.org/entity/Q1084,noun,1
http://www.wikidata.org/entity/L447166,mosquiteiro,http://www.wikidata.org/entity/Q1084,noun,1
http://www.wikidata.org/entity/L447167,mosquito,http://www.wikidata.org/entity/Q1084,noun,1
http://www.wikidata.org/entity/L447168,estojo,http://www.wikidata.org/entity/Q1084,noun,1
http://www.wikidata.org/entity/L447169,cavalete,http://www.wikidata.org/entity/Q1084,noun,1
http://www.wikidata.org/entity/L447171,escorpião,http://www.wikidata.org/entity/Q1084,noun,1
http://www.wikidata.org/entity/L447173,caixão,http://www.wikidata.org/entity/Q1084,noun,1
http://www.wikidata.org/entity/L447174,cemitério,http://www.wikidata.org/entity/Q1084,noun,1
http://www.wikidata.org/entity/L447175,portão,http://www.wikidata.org/entity/Q1084,noun,1
http://www.wikidata.org/entity/L447176,túmulo,http://www.wikidata.org/entity/Q1084,noun,1
http://www.wikidata.org/entity/L447177,cadáver,http://www.wikidata.org/entity/Q1084,noun,1
http://www.wikidata.org/entity/L447178,pente,http://www.wikidata.org/entity/Q1084,noun,1
http://www.wikidata.org/entity/L447180,microfone,http://www.wikidata.org/entity/Q1084,noun,1
http://www.wikidata.org/entity/L447181,pavão,http://www.wikidata.org/entity/Q1084,noun,1
http://www.wikidata.org/entity/L447183,espelho,http://www.wikidata.org/entity/Q1084,noun,1
http://www.wikidata.org/entity/L447184,calendário,http://www.wikidata.org/entity/Q1084,noun,1
http://www.wikidata.org/entity/L447185,fruto,http://www.wikidata.org/entity/Q1084,noun,1
http://www.wikidata.org/entity/L447188,pão,http://www.wikidata.org/entity/Q1084,noun,1
http://www.wikidata.org/entity/L447189,doce,http://www.wikidata.org/entity/Q1084,noun,1
http://www.wikidata.org/entity/L447190,alimento,http://www.wikidata.org/entity/Q1084,noun,1
http://www.wikidata.org/entity/L447191,filósofo,http://www.wikidata.org/entity/Q1084,noun,1
http://www.wikidata.org/entity/L447192,sociólogo,http://www.wikidata.org/entity/Q1084,noun,1
http://www.wikidata.org/entity/L447193,biólogo,http://www.wikidata.org/entity/Q1084,noun,1
http://www.wikidata.org/entity/L447195,rim,http://www.wikidata.org/entity/Q1084,noun,1
http://www.wikidata.org/entity/L447196,caminhão,http://www.wikidata.org/entity/Q1084,noun,1
http://www.wikidata.org/entity/L447197,gago,http://www.wikidata.org/entity/Q1084,noun,1
http://www.wikidata.org/entity/L447199,crucifixo,http://www.wikidata.org/entity/Q1084,noun,1
http://www.wikidata.org/entity/L447200,comendador,http://www.wikidata.org/entity/Q1084,noun,1
http://www.wikidata.org/entity/L447202,mundo,http://www.wikidata.org/entity/Q1084,noun,1
http://www.wikidata.org/entity/L447203,planeta,http://www.wikidata.org/entity/Q1084,noun,1
http://www.wikidata.org/entity/L447205,relógio,http://www.wikidata.org/entity/Q1084,noun,1
http://www.wikidata.org/entity/L447207,monstro,http://www.wikidata.org/entity/Q1084,noun,1
http://www.wikidata.org/entity/L447208,demónio,http://www.wikidata.org/entity/Q1084,noun,1
http://www.wikidata.org/entity/L447209,desodorante,http://www.wikidata.org/entity/Q1084,noun,1
http://www.wikidata.org/entity/L447213,dado,http://www.wikidata.org/entity/Q1084,noun,1
http://www.wikidata.org/entity/L447215,empréstimo,http://www.wikidata.org/entity/Q1084,noun,1
http://www.wikidata.org/entity/L447216,devedor,http://www.wikidata.org/entity/Q1084,noun,1
http://www.wikidata.org/entity/L447220,pincel,http://www.wikidata.org/entity/Q1084,noun,1
http://www.wikidata.org/entity/L447222,mural,http://www.wikidata.org/entity/Q1084,noun,1
http://www.wikidata.org/entity/L447223,remédio,http://www.wikidata.org/entity/Q1084,noun,1
http://www.wikidata.org/entity/L447225,creme,http://www.wikidata.org/entity/Q1084,noun,1
http://www.wikidata.org/entity/L447226,navio,http://www.wikidata.org/entity/Q1084,noun,1
http://www.wikidata.org/entity/L447227,índio,http://www.wikidata.org/entity/Q1084,noun,1
http://www.wikidata.org/entity/L447228,indígena,http://www.wikidata.org/entity/Q1084,noun,1
http://www.wikidata.org/entity/L447229,colonizador,http://www.wikidata.org/entity/Q1084,noun,1
http://www.wikidata.org/entity/L447232,lipídeo,http://www.wikidata.org/entity/Q1084,noun,1
http://www.wikidata.org/entity/L447233,carboidrato,http://www.wikidata.org/entity/Q1084,noun,1
http://www.wikidata.org/entity/L447234,doutor,http://www.wikidata.org/entity/Q1084,noun,1
http://www.wikidata.org/entity/L447235,emblema,http://www.wikidata.org/entity/Q1084,noun,1
http://www.wikidata.org/entity/L447238,império,http://www.wikidata.org/entity/Q1084,noun,1
http://www.wikidata.org/entity/L447239,ábaco,http://www.wikidata.org/entity/Q1084,noun,1
http://www.wikidata.org/entity/L447241,abajur,http://www.wikidata.org/entity/Q1084,noun,1
http://www.wikidata.org/entity/L447244,abismo,http://www.wikidata.org/entity/Q1084,noun,1
http://www.wikidata.org/entity/L447245,aborto,http://www.wikidata.org/entity/Q1084,noun,1
http://www.wikidata.org/entity/L447249,acaso,http://www.wikidata.org/entity/Q1084,noun,1
http://www.wikidata.org/entity/L447250,acéfalo,http://www.wikidata.org/entity/Q1084,noun,1
http://www.wikidata.org/entity/L447252,acessório,http://www.wikidata.org/entity/Q1084,noun,1
http://www.wikidata.org/entity/L447254,acabamento,http://www.wikidata.org/entity/Q1084,noun,1
http://www.wikidata.org/entity/L447255,detalhe,http://www.wikidata.org/entity/Q1084,noun,1
http://www.wikidata.org/entity/L447256,acasalamento,http://www.wikidata.org/entity/Q1084,noun,1
http://www.wikidata.org/entity/L447257,aclive,http://www.wikidata.org/entity/Q1084,noun,1
http://www.wikidata.org/entity/L579671,manutenção,http://www.wikidata.org/entity/Q1084,noun,1
http://www.wikidata.org/entity/L579673,facto,http://www.wikidata.org/entity/Q1084,noun,1
http://www.wikidata.org/entity/L579858,cabelo,http://www.wikidata.org/entity/Q1084,noun,1
http://www.wikidata.org/entity/L558204,aplicação,http://www.wikidata.org/entity/Q1084,noun,1
http://www.wikidata.org/entity/L558206,notícia,http://www.wikidata.org/entity/Q1084,noun,1
http://www.wikidata.org/entity/L558207,plataforma,http://www.wikidata.org/entity/Q1084,noun,1
http://www.wikidata.org/entity/L558209,península,http://www.wikidata.org/entity/Q1084,noun,1
http://www.wikidata.org/entity/L558219,hotel,http://www.wikidata.org/entity/Q1084,noun,1
http://www.wikidata.org/entity/L558221,crescimento,http://www.wikidata.org/entity/Q1084,noun,1
http://www.wikidata.org/entity/L558222,combate,http://www.wikidata.org/entity/Q1084,noun,1
http://www.wikidata.org/entity/L558228,documento,http://www.wikidata.org/entity/Q1084,noun,1
http://www.wikidata.org/entity/L558229,circuito,http://www.wikidata.org/entity/Q1084,noun,1
http://www.wikidata.org/entity/L558230,quadro,http://www.wikidata.org/entity/Q1084,noun,1
http://www.wikidata.org/entity/L558232,decréscimo,http://www.wikidata.org/entity/Q1084,noun,1
http://www.wikidata.org/entity/L558233,ciclo,http://www.wikidata.org/entity/Q1084,noun,1
http://www.wikidata.org/entity/L558235,condado,http://www.wikidata.org/entity/Q1084,noun,1
http://www.wikidata.org/entity/L558237,assunto,http://www.wikidata.org/entity/Q1084,noun,1
http://www.wikidata.org/entity/L558239,aspeto,http://www.wikidata.org/entity/Q1084,noun,1
http://www.wikidata.org/entity/L558240,participar,http://www.wikidata.org/entity/Q24905,verb,1
http://www.wikidata.org/entity/L558241,entrar,http://www.wikidata.org/entity/Q24905,verb,1
http://www.wikidata.org/entity/L558242,apresentar,http://www.wikidata.org/entity/Q24905,verb,1
http://www.wikidata.org/entity/L558243,anunciar,http://www.wikidata.org/entity/Q24905,verb,1
http://www.wikidata.org/entity/L558244,terminar,http://www.wikidata.org/entity/Q24905,verb,1
http://www.wikidata.org/entity/L558245,iniciar,http://www.wikidata.org/entity/Q24905,verb,1
http://www.wikidata.org/entity/L558247,estimar,http://www.wikidata.org/entity/Q24905,verb,1
http://www.wikidata.org/entity/L561186,afirmar,http://www.wikidata.org/entity/Q24905,verb,1
http://www.wikidata.org/entity/L561187,atuar,http://www.wikidata.org/entity/Q24905,verb,1
http://www.wikidata.org/entity/L561188,localizar,http://www.wikidata.org/entity/Q24905,verb,1
http://www.wikidata.org/entity/L561189,baixar,http://www.wikidata.org/entity/Q24905,verb,1
http://www.wikidata.org/entity/L561192,retornar,http://www.wikidata.org/entity/Q24905,verb,1
http://www.wikidata.org/entity/L561193,evitar,http://www.wikidata.org/entity/Q24905,verb,1
http://www.wikidata.org/entity/L561194,disputar,http://www.wikidata.org/entity/Q24905,verb,1
http://www.wikidata.org/entity/L561197,tentar,http://www.wikidata.org/entity/Q24905,verb,1
http://www.wikidata.org/entity/L561198,juntar,http://www.wikidata.org/entity/Q24905,verb,1
http://www.wikidata.org/entity/L561199,assinar,http://www.wikidata.org/entity/Q24905,verb,1
http://www.wikidata.org/entity/L561201,alcançar,http://www.wikidata.org/entity/Q24905,verb,1
http://www.wikidata.org/entity/L561205,notar,http://www.wikidata.org/entity/Q24905,verb,1
http://www.wikidata.org/entity/L561248,receber,http://www.wikidata.org/entity/Q24905,verb,1
http://www.wikidata.org/entity/L561252,escrever,http://www.wikidata.org/entity/Q24905,verb,1
http://www.wikidata.org/entity/L561253,ocorrer,http://www.wikidata.org/entity/Q24905,verb,1
http://www.wikidata.org/entity/L561254,combater,http://www.wikidata.org/entity/Q24905,verb,1
http://www.wikidata.org/entity/L561256,sofrer,http://www.wikidata.org/entity/Q24905,verb,1
http://www.wikidata.org/entity/L561258,viver,http://www.wikidata.org/entity/Q24905,verb,1
http://www.wikidata.org/entity/L561262,escolher,http://www.wikidata.org/entity/Q24905,verb,1
http://www.wikidata.org/entity/L561264,desenvolver,http://www.wikidata.org/entity/Q24905,verb,1
http://www.wikidata.org/entity/L562222,equipamento,http://www.wikidata.org/entity/Q1084,noun,1
http://www.wikidata.org/entity/L562415,derrotado,http://www.wikidata.org/entity/Q34698,adjective,1
http://www.wikidata.org/entity/L562416,baixo,http://www.wikidata.org/entity/Q34698,adjective,1
http://www.wikidata.org/entity/L562419,sonoro,http://www.wikidata.org/entity/Q34698,adjective,1
http://www.wikidata.org/entity/L562428,famoso,http://www.wikidata.org/entity/Q34698,adjective,1
http://www.wikidata.org/entity/L562433,único,http://www.wikidata.org/entity/Q34698,adjective,1
http://www.wikidata.org/entity/L579629,traje,http://www.wikidata.org/entity/Q1084,noun,1
http://www.wikidata.org/entity/L579630,loucura,http://www.wikidata.org/entity/Q1084,noun,1
http://www.wikidata.org/entity/L579632,retrato,http://www.wikidata.org/entity/Q1084,noun,1
http://www.wikidata.org/entity/L579633,rodeio,http://www.wikidata.org/entity/Q1084,noun,1
http://www.wikidata.org/entity/L579642,despedida,http://www.wikidata.org/entity/Q1084,noun,1
http://www.wikidata.org/entity/L579643,cirurgia,http://www.wikidata.org/entity/Q1084,noun,1
http://www.wikidata.org/entity/L579663,consequência,http://www.wikidata.org/entity/Q1084,noun,1
http://www.wikidata.org/entity/L579664,factor,http://www.wikidata.org/entity/Q1084,noun,1
http://www.wikidata.org/entity/L1490186,caixa,http://www.wikidata.org/entity/Q1084,noun,1
http://www.wikidata.org/entity/L1483360,hipótese,http://www.wikidata.org/entity/Q1084,noun,1
http://www.wikidata.org/entity/L1483373,tensão,http://www.wikidata.org/entity/Q1084,noun,1
http://www.wikidata.org/entity/L1483390,trabalhador,http://www.wikidata.org/entity/Q1084,noun,1
http://www.wikidata.org/entity/L1483394,vencedor,http://www.wikidata.org/entity/Q1084,noun,1
http://www.wikidata.org/entity/L1483421,tegumento,http://www.wikidata.org/entity/Q1084,noun,1
http://www.wikidata.org/entity/L1483443,aeronave,http://www.wikidata.org/entity/Q1084,noun,1
http://www.wikidata.org/entity/L1483451,artilharia,http://www.wikidata.org/entity/Q1084,noun,1
http://www.wikidata.org/entity/L1483691,costela,http://www.wikidata.org/entity/Q1084,noun,1
http://www.wikidata.org/entity/L1483937,abada,http://www.wikidata.org/entity/Q1084,noun,1
http://www.wikidata.org/entity/L1483941,abafado,http://www.wikidata.org/entity/Q1084,noun,1
http://www.wikidata.org/entity/L474709,gelatinoso,http://www.wikidata.org/entity/Q34698,adjective,1
http://www.wikidata.org/entity/L474711,gripado,http://www.wikidata.org/entity/Q34698,adjective,1
http://www.wikidata.org/entity/L474714,último,http://www.wikidata.org/entity/Q34698,adjective,1
http://www.wikidata.org/entity/L474771,aerodinâmico,http://www.wikidata.org/entity/Q34698,adjective,1
http://www.wikidata.org/entity/L474772,aético,http://www.wikidata.org/entity/Q34698,adjective,1
http://www.wikidata.org/entity/L474774,afeminado,http://www.wikidata.org/entity/Q34698,adjective,1
http://www.wikidata.org/entity/L474777,afetivo,http://www.wikidata.org/entity/Q34698,adjective,1
http://www.wikidata.org/entity/L474787,afogado,http://www.wikidata.org/entity/Q34698,adjective,1
http://www.wikidata.org/entity/L474794,afrontoso,http://www.wikidata.org/entity/Q34698,adjective,1
http://www.wikidata.org/entity/L474796,agachado,http://www.wikidata.org/entity/Q34698,adjective,1
http://www.wikidata.org/entity/L474800,agitado,http://www.wikidata.org/entity/Q34698,adjective,1
http://www.wikidata.org/entity/L475997,agoniado,http://www.wikidata.org/entity/Q34698,adjective,1
http://www.wikidata.org/entity/L475999,agradecido,http://www.wikidata.org/entity/Q34698,adjective,1
http://www.wikidata.org/entity/L476003,agregado,http://www.wikidata.org/entity/Q34698,adjective,1
http://www.wikidata.org/entity/L476015,alaranjado,http://www.wikidata.org/entity/Q34698,adjective,1
http://www.wikidata.org/entity/L476025,alcalino,http://www.wikidata.org/entity/Q34698,adjective,1
http://www.wikidata.org/entity/L476028,alcoólico,http://www.wikidata.org/entity/Q34698,adjective,1
http://www.wikidata.org/entity/L476029,alcoolizado,http://www.wikidata.org/entity/Q34698,adjective,1
http://www.wikidata.org/entity/L476938,alimentício,http://www.wikidata.org/entity/Q34698,adjective,1
http://www.wikidata.org/entity/L476950,alugado,http://www.wikidata.org/entity/Q34698,adjective,1
http://www.wikidata.org/entity/L476955,amarelado,http://www.wikidata.org/entity/Q34698,adjective,1
http://www.wikidata.org/entity/L477150,ruim,http://www.wikidata.org/entity/Q34698,adjective,1
http://www.wikidata.org/entity/L477152,grande,http://www.wikidata.org/entity/Q34698,adjective,1
http://www.wikidata.org/entity/L447385,dissertação,http://www.wikidata.org/entity/Q1084,noun,1
http://www.wikidata.org/entity/L447386,aia,http://www.wikidata.org/entity/Q1084,noun,1
http://www.wikidata.org/entity/L447388,mula,http://www.wikidata.org/entity/Q1084,noun,1
http://www.wikidata.org/entity/L447391,cidade,http://www.wikidata.org/entity/Q1084,noun,1
http://www.wikidata.org/entity/L447392,romã,http://www.wikidata.org/entity/Q1084,noun,1
http://www.wikidata.org/entity/L447393,colher,http://www.wikidata.org/entity/Q1084,noun,1
http://www.wikidata.org/entity/L447394,agricultor,http://www.wikidata.org/entity/Q1084,noun,1
http://www.wikidata.org/entity/L447395,vasilha,http://www.wikidata.org/entity/Q1084,noun,1
http://www.wikidata.org/entity/L447396,fagulha,http://www.wikidata.org/entity/Q1084,noun,1
http://www.wikidata.org/entity/L449761,doce,http://www.wikidata.org/entity/Q34698,adjective,1
http://www.wikidata.org/entity/L473363,ácido,http://www.wikidata.org/entity/Q34698,adjective,1
http://www.wikidata.org/entity/L661565,santo,http://www.wikidata.org/entity/Q34698,adjective,1
http://www.wikidata.org/entity/L447744,ator,http://www.wikidata.org/entity/Q1084,noun,1
http://www.wikidata.org/entity/L447745,atriz,http://www.wikidata.org/entity/Q1084,noun,1
http://www.wikidata.org/entity/L447758,jaula,http://www.wikidata.org/entity/Q1084,noun,1
http://www.wikidata.org/entity/L447760,cadeia,http://www.wikidata.org/entity/Q1084,noun,1
http://www.wikidata.org/entity/L447761,gaiola,http://www.wikidata.org/entity/Q1084,noun,1
http://www.wikidata.org/entity/L447763,carroça,http://www.wikidata.org/entity/Q1084,noun,1
http://www.wikidata.org/entity/L447766,armadura,http://www.wikidata.org/entity/Q1084,noun,1
http://www.wikidata.org/entity/L447767,tábua,http://www.wikidata.org/entity/Q1084,noun,1
http://www.wikidata.org/entity/L447768,tora,http://www.wikidata.org/entity/Q1084,noun,1
http://www.wikidata.org/entity/L447770,refeição,http://www.wikidata.org/entity/Q1084,noun,1
http://www.wikidata.org/entity/L447771,parede,http://www.wikidata.org/entity/Q1084,noun,1
http://www.wikidata.org/entity/L447772,causa,http://www.wikidata.org/entity/Q1084,noun,1
http://www.wikidata.org/entity/L447776,vírgula,http://www.wikidata.org/entity/Q1084,noun,1
http://www.wikidata.org/entity/L447778,ruína,http://www.wikidata.org/entity/Q1084,noun,1
http://www.wikidata.org/entity/L447779,cortina,http://www.wikidata.org/entity/Q1084,noun,1
http://www.wikidata.org/entity/L447780,motocicleta,http://www.wikidata.org/entity/Q1084,noun,1
http://www.wikidata.org/entity/L447788,planície,http://www.wikidata.org/entity/Q1084,noun,1
http://www.wikidata.org/entity/L447789,selva,http://www.wikidata.org/entity/Q1084,noun,1
http://www.wikidata.org/entity/L447793,cartela,http://www.wikidata.org/entity/Q1084,noun,1
http://www.wikidata.org/entity/L447795,redoma,http://www.wikidata.org/entity/Q1084,noun,1
http://www.wikidata.org/entity/L447797,revolução,http://www.wikidata.org/entity/Q1084,noun,1
http://www.wikidata.org/entity/L447798,observação,http://www.wikidata.org/entity/Q1084,noun,1
http://www.wikidata.org/entity/L447799,imitação,http://www.wikidata.org/entity/Q1084,noun,1
http://www.wikidata.org/entity/L447801,injunção,http://www.wikidata.org/entity/Q1084,noun,1
http://www.wikidata.org/entity/L447802,pergunta,http://www.wikidata.org/entity/Q1084,noun,1
http://www.wikidata.org/entity/L447803,maçaneta,http://www.wikidata.org/entity/Q1084,noun,1
http://www.wikidata.org/entity/L447804,corneta,http://www.wikidata.org/entity/Q1084,noun,1
http://www.wikidata.org/entity/L447805,tapeçaria,http://www.wikidata.org/entity/Q1084,noun,1
http://www.wikidata.org/entity/L447806,samambaia,http://www.wikidata.org/entity/Q1084,noun,1
http://www.wikidata.org/entity/L447807,conífera,http://www.wikidata.org/entity/Q1084,noun,1
http://www.wikidata.org/entity/L447808,agulha,http://www.wikidata.org/entity/Q1084,noun,1
http://www.wikidata.org/entity/L447811,capa,http://www.wikidata.org/entity/Q1084,noun,1
http://www.wikidata.org/entity/L447812,súplica,http://www.wikidata.org/entity/Q1084,noun,1
http://www.wikidata.org/entity/L447813,oração,http://www.wikidata.org/entity/Q1084,noun,1
http://www.wikidata.org/entity/L447814,torta,http://www.wikidata.org/entity/Q1084,noun,1
http://www.wikidata.org/entity/L447815,bagagem,http://www.wikidata.org/entity/Q1084,noun,1
http://www.wikidata.org/entity/L447816,bobagem,http://www.wikidata.org/entity/Q1084,noun,1
http://www.wikidata.org/entity/L447818,chamada,http://www.wikidata.org/entity/Q1084,noun,1
http://www.wikidata.org/entity/L447819,figurinha,http://www.wikidata.org/entity/Q1084,noun,1
http://www.wikidata.org/entity/L447820,engrenagem,http://www.wikidata.org/entity/Q1084,noun,1
http://www.wikidata.org/entity/L447822,caravela,http://www.wikidata.org/entity/Q1084,noun,1
http://www.wikidata.org/entity/L447823,nascente,http://www.wikidata.org/entity/Q1084,noun,1
http://www.wikidata.org/entity/L447825,guilhotina,http://www.wikidata.org/entity/Q1084,noun,1
http://www.wikidata.org/entity/L447827,barriga,http://www.wikidata.org/entity/Q1084,noun,1
http://www.wikidata.org/entity/L447829,alavanca,http://www.wikidata.org/entity/Q1084,noun,1
http://www.wikidata.org/entity/L447831,berinjela,http://www.wikidata.org/entity/Q1084,noun,1
http://www.wikidata.org/entity/L447832,bagulho,http://www.wikidata.org/entity/Q1084,noun,1
http://www.wikidata.org/entity/L447833,basculho,http://www.wikidata.org/entity/Q1084,noun,1
http://www.wikidata.org/entity/L447834,oceano,http://www.wikidata.org/entity/Q1084,noun,1
http://www.wikidata.org/entity/L447835,arquipélago,http://www.wikidata.org/entity/Q1084,noun,1
http://www.wikidata.org/entity/L447836,deserto,http://www.wikidata.org/entity/Q1084,noun,1
http://www.wikidata.org/entity/L447837,caco,http://www.wikidata.org/entity/Q1084,noun,1
http://www.wikidata.org/entity/L447838,cacto,http://www.wikidata.org/entity/Q1084,noun,1
http://www.wikidata.org/entity/L447839,folículo,http://www.wikidata.org/entity/Q1084,noun,1
http://www.wikidata.org/entity/L447840,xampu,http://www.wikidata.org/entity/Q1084,noun,1
http://www.wikidata.org/entity/L447841,campo,http://www.wikidata.org/entity/Q1084,noun,1
http://www.wikidata.org/entity/L579859,defeito,http://www.wikidata.org/entity/Q1084,noun,1
http://www.wikidata.org/entity/L579860,falha,http://www.wikidata.org/entity/Q1084,noun,1
http://www.wikidata.org/entity/L579861,maquiagem,http://www.wikidata.org/entity/Q1084,noun,1
http://www.wikidata.org/entity/L580337,violoncelo,http://www.wikidata.org/entity/Q1084,noun,1
http://www.wikidata.org/entity/L580339,chama,http://www.wikidata.org/entity/Q1084,noun,1
http://www.wikidata.org/entity/L580445,loja,http://www.wikidata.org/entity/Q1084,noun,1
http://www.wikidata.org/entity/L580453,cerveja,http://www.wikidata.org/entity/Q1084,noun,1
http://www.wikidata.org/entity/L580468,mancha,http://www.wikidata.org/entity/Q1084,noun,1
http://www.wikidata.org/entity/L582676,Jogos Olímpicos,http://www.wikidata.org/entity/Q187931,phrase,1
http://www.wikidata.org/entity/L582677,ginástica,http://www.wikidata.org/entity/Q1084,noun,1
http://www.wikidata.org/entity/L584019,âmbito,http://www.wikidata.org/entity/Q1084,noun,1
http://www.wikidata.org/entity/L584020,desejo,http://www.wikidata.org/entity/Q1084,noun,1
http://www.wikidata.org/entity/L584021,horizonte,http://www.wikidata.org/entity/Q1084,noun,1
http://www.wikidata.org/entity/L584022,par,http://www.wikidata.org/entity/Q1084,noun,1
http://www.wikidata.org/entity/L584025,assassinato,http://www.wikidata.org/entity/Q1084,noun,1
http://www.wikidata.org/entity/L584026,aniversário,http://www.wikidata.org/entity/Q1084,noun,1
http://www.wikidata.org/entity/L584447,penso higiénico,http://www.wikidata.org/entity/Q1084,noun,1
http://www.wikidata.org/entity/L584514,empregado de mesa,http://www.wikidata.org/entity/Q1084,noun,1
http://www.wikidata.org/entity/L584824,vulgarismo,http://www.wikidata.org/entity/Q1084,noun,1
http://www.wikidata.org/entity/L58566,livro,http://www.wikidata.org/entity/Q1084,noun,1
http://www.wikidata.org/entity/L593744,permanente,http://www.wikidata.org/entity/Q34698,adjective,1
http://www.wikidata.org/entity/L593745,monarquia,http://www.wikidata.org/entity/Q1084,noun,1
http://www.wikidata.org/entity/L593748,favorito,http://www.wikidata.org/entity/Q34698,adjective,1
http://www.wikidata.org/entity/L618044,efeito estufa,http://www.wikidata.org/entity/Q1084,noun,1
http://www.wikidata.org/entity/L618547,em boca fechada não entra mosca,http://www.wikidata.org/entity/Q35102,proverb,1
http://www.wikidata.org/entity/L618548,fechado,http://www.wikidata.org/entity/Q34698,adjective,1
http://www.wikidata.org/entity/L618551,"casa de ferreiro, espeto de pau",http://www.wikidata.org/entity/Q35102,proverb,1
http://www.wikidata.org/entity/L618555,a união faz a força,http://www.wikidata.org/entity/Q35102,proverb,1
http://www.wikidata.org/entity/L618556,"olho por olho, dente por dente",http://www.wikidata.org/entity/Q35102,proverb,1
http://www.wikidata.org/entity/L618581,acertar na mosca,http://www.wikidata.org/entity/Q10976085,verbal locution,1
http://www.wikidata.org/entity/L618582,abandonar o barco,http://www.wikidata.org/entity/Q1778442,verb phrase,1
http://www.wikidata.org/entity/L618583,barco,http://www.wikidata.org/entity/Q1084,noun,1
http://www.wikidata.org/entity/L618584,amigo da onça,http://www.wikidata.org/entity/Q184511,idiom,1
http://www.wikidata.org/entity/L618586,cara de pau,http://www.wikidata.org/entity/Q184511,idiom,1
http://www.wikidata.org/entity/L618638,estar com a cabeça nas nuvens,http://www.wikidata.org/entity/Q1778442,verb phrase,1
http://www.wikidata.org/entity/L618639,estar com a faca e o queijo na mão,http://www.wikidata.org/entity/Q10976085,verbal locution,1
http://www.wikidata.org/entity/L618642,pedra no sapato,http://www.wikidata.org/entity/Q1401131,noun phrase,1
http://www.wikidata.org/entity/L618647,mala sem alça,http://www.wikidata.org/entity/Q1401131,noun phrase,1
http://www.wikidata.org/entity/L618649,alça,http://www.wikidata.org/entity/Q1084,noun,1
http://www.wikidata.org/entity/L618651,dor,http://www.wikidata.org/entity/Q1084,noun,1
http://www.wikidata.org/entity/L618652,cotovelo,http://www.wikidata.org/entity/Q1084,noun,1
http://www.wikidata.org/entity/L618653,estar com a corda no pescoço,http://www.wikidata.org/entity/Q1778442,verb phrase,1
http://www.wikidata.org/entity/L618654,nascer com a bunda virada para a lua,http://www.wikidata.org/entity/Q1778442,verb phrase,1
http://www.wikidata.org/entity/L618655,cereja do bolo,http://www.wikidata.org/entity/Q184511,idiom,1
http://www.wikidata.org/entity/L618656,cereja,http://www.wikidata.org/entity/Q1084,noun,1
http://www.wikidata.org/entity/L618658,luz no fim do túnel,http://www.wikidata.org/entity/Q184511,idiom,1
http://www.wikidata.org/entity/L618660,fim,http://www.wikidata.org/entity/Q1084,noun,1
http://www.wikidata.org/entity/L618665,mamão com açúcar,http://www.wikidata.org/entity/Q184511,idiom,1
http://www.wikidata.org/entity/L618666,mamão,http://www.wikidata.org/entity/Q1084,noun,1
http://www.wikidata.org/entity/L618667,açúcar,http://www.wikidata.org/entity/Q1084,noun,1
http://www.wikidata.org/entity/L618747,pizza,http://www.wikidata.org/entity/Q1084,noun,1
http://www.wikidata.org/entity/L618748,acabar em pizza,http://www.wikidata.org/entity/Q10976085,verbal locution,1
http://www.wikidata.org/entity/L618749,andar na linha,http://www.wikidata.org/entity/Q10976085,verbal locution,1
http://www.wikidata.org/entity/L618750,ao pé da letra,http://www.wikidata.org/entity/Q184511,idiom,1
http://www.wikidata.org/entity/L618752,banho de água fria,http://www.wikidata.org/entity/Q1401131,noun phrase,1
http://www.wikidata.org/entity/L618753,frio,http://www.wikidata.org/entity/Q34698,adjective,1
http://www.wikidata.org/entity/L618865,boca de siri,http://www.wikidata.org/entity/Q184511,idiom,1
http://www.wikidata.org/entity/L618866,ir para o espaço,http://www.wikidata.org/entity/Q1778442,verb phrase,1
http://www.wikidata.org/entity/L618868,fora,http://www.wikidata.org/entity/Q1084,noun,1
http://www.wikidata.org/entity/L618871,levar um fora,http://www.wikidata.org/entity/Q10976085,verbal locution,1
http://www.wikidata.org/entity/L618875,pensar na morte da bezerra,http://www.wikidata.org/entity/Q1778442,verb phrase,1
http://www.wikidata.org/entity/L619084,fazer vista grossa,http://www.wikidata.org/entity/Q10976085,verbal locution,1
http://www.wikidata.org/entity/L619086,grosso,http://www.wikidata.org/entity/Q34698,adjective,1
http://www.wikidata.org/entity/L619087,bode expiatório,http://www.wikidata.org/entity/Q184511,idiom,1
http://www.wikidata.org/entity/L619088,dar uma mãozinha,http://www.wikidata.org/entity/Q10976085,verbal locution,1
http://www.wikidata.org/entity/L619182,saudade,http://www.wikidata.org/entity/Q1084,noun,1
http://www.wikidata.org/entity/L619299,dar sopa,http://www.wikidata.org/entity/Q1778442,verb phrase,1
http://www.wikidata.org/entity/L619300,de cabo a rabo,http://www.wikidata.org/entity/Q184511,idiom,1
http://www.wikidata.org/entity/L619304,mudar de ideia,http://www.wikidata.org/entity/Q1778442,verb phrase,1
http://www.wikidata.org/entity/L619952,voadora,http://www.wikidata.org/entity/Q1084,noun,1
http://www.wikidata.org/entity/L620482,aula,http://www.wikidata.org/entity/Q1084,noun,1
http://www.wikidata.org/entity/L620485,legislação,http://www.wikidata.org/entity/Q1084,noun,1
http://www.wikidata.org/entity/L620486,poeta,http://www.wikidata.org/entity/Q1084,noun,1
http://www.wikidata.org/entity/L620488,nave,http://www.wikidata.org/entity/Q1084,noun,1
http://www.wikidata.org/entity/L620489,denominação,http://www.wikidata.org/entity/Q1084,noun,1
http://www.wikidata.org/entity/L1490187,caixa,http://www.wikidata.org/entity/Q1084,noun,1
http://www.wikidata.org/entity/L1490548,ísquio,http://www.wikidata.org/entity/Q1084,noun,1
http://www.wikidata.org/entity/L1490551,vértebra,http://www.wikidata.org/entity/Q1084,noun,1
http://www.wikidata.org/entity/L1490574,osso,http://www.wikidata.org/entity/Q1084,noun,1
http://www.wikidata.org/entity/L1490592,frontal,http://www.wikidata.org/entity/Q34698,adjective,1
http://www.wikidata.org/entity/L1490596,esterno,http://www.wikidata.org/entity/Q1084,noun,1
http://www.wikidata.org/entity/L1490604,côndilo,http://www.wikidata.org/entity/Q1084,noun,1
http://www.wikidata.org/entity/L1490632,onça,http://www.wikidata.org/entity/Q1084,noun,1
http://www.wikidata.org/entity/L1491457,elipse,http://www.wikidata.org/entity/Q1084,noun,1
http://www.wikidata.org/entity/L1491460,estatueta,http://www.wikidata.org/entity/Q1084,noun,1
http://www.wikidata.org/entity/L1491463,frente,http://www.wikidata.org/entity/Q1084,noun,1
http://www.wikidata.org/entity/L1491470,obsidiana,http://www.wikidata.org/entity/Q1084,noun,1
http://www.wikidata.org/entity/L447945,biomédico,http://www.wikidata.org/entity/Q1084,noun,1
http://www.wikidata.org/entity/L447842,hipódromo,http://www.wikidata.org/entity/Q1084,noun,1
http://www.wikidata.org/entity/L447844,guindaste,http://www.wikidata.org/entity/Q1084,noun,1
http://www.wikidata.org/entity/L447846,sábio,http://www.wikidata.org/entity/Q1084,noun,1
http://www.wikidata.org/entity/L447847,mestre,http://www.wikidata.org/entity/Q1084,noun,1
http://www.wikidata.org/entity/L447849,orixá,http://www.wikidata.org/entity/Q1084,noun,1
http://www.wikidata.org/entity/L447850,monitor,http://www.wikidata.org/entity/Q1084,noun,1
http://www.wikidata.org/entity/L447851,berimbau,http://www.wikidata.org/entity/Q1084,noun,1
http://www.wikidata.org/entity/L447853,comerciante,http://www.wikidata.org/entity/Q1084,noun,1
http://www.wikidata.org/entity/L447854,conservante,http://www.wikidata.org/entity/Q1084,noun,1
http://www.wikidata.org/entity/L447855,governante,http://www.wikidata.org/entity/Q1084,noun,1
http://www.wikidata.org/entity/L447857,bandeirante,http://www.wikidata.org/entity/Q1084,noun,1
http://www.wikidata.org/entity/L447858,gabinete,http://www.wikidata.org/entity/Q1084,noun,1
http://www.wikidata.org/entity/L447859,canivete,http://www.wikidata.org/entity/Q1084,noun,1
http://www.wikidata.org/entity/L447860,pirarucu,http://www.wikidata.org/entity/Q1084,noun,1
http://www.wikidata.org/entity/L447864,bafômetro,http://www.wikidata.org/entity/Q1084,noun,1
http://www.wikidata.org/entity/L447865,termómetro,http://www.wikidata.org/entity/Q1084,noun,1
http://www.wikidata.org/entity/L447869,telemóvel,http://www.wikidata.org/entity/Q1084,noun,1
http://www.wikidata.org/entity/L447870,herdeiro,http://www.wikidata.org/entity/Q1084,noun,1
http://www.wikidata.org/entity/L447871,passageiro,http://www.wikidata.org/entity/Q1084,noun,1
http://www.wikidata.org/entity/L447872,taxista,http://www.wikidata.org/entity/Q1084,noun,1
http://www.wikidata.org/entity/L447874,surdo,http://www.wikidata.org/entity/Q1084,noun,1
http://www.wikidata.org/entity/L447875,canavial,http://www.wikidata.org/entity/Q1084,noun,1
http://www.wikidata.org/entity/L447876,metrô,http://www.wikidata.org/entity/Q1084,noun,1
http://www.wikidata.org/entity/L447877,porto,http://www.wikidata.org/entity/Q1084,noun,1
http://www.wikidata.org/entity/L447878,carnaval,http://www.wikidata.org/entity/Q1084,noun,1
http://www.wikidata.org/entity/L447879,charuto,http://www.wikidata.org/entity/Q1084,noun,1
http://www.wikidata.org/entity/L447880,viaduto,http://www.wikidata.org/entity/Q1084,noun,1
http://www.wikidata.org/entity/L447881,meteoro,http://www.wikidata.org/entity/Q1084,noun,1
http://www.wikidata.org/entity/L447882,cometa,http://www.wikidata.org/entity/Q1084,noun,1
http://www.wikidata.org/entity/L447883,flagra,http://www.wikidata.org/entity/Q1084,noun,1
http://www.wikidata.org/entity/L447884,flautista,http://www.wikidata.org/entity/Q1084,noun,1
http://www.wikidata.org/entity/L447885,capitalista,http://www.wikidata.org/entity/Q1084,noun,1
http://www.wikidata.org/entity/L447886,dançarino,http://www.wikidata.org/entity/Q1084,noun,1
http://www.wikidata.org/entity/L447891,seriado,http://www.wikidata.org/entity/Q1084,noun,1
http://www.wikidata.org/entity/L447892,astrónomo,http://www.wikidata.org/entity/Q1084,noun,1
http://www.wikidata.org/entity/L447893,editor,http://www.wikidata.org/entity/Q1084,noun,1
http://www.wikidata.org/entity/L447896,convite,http://www.wikidata.org/entity/Q1084,noun,1
http://www.wikidata.org/entity/L447897,chicote,http://www.wikidata.org/entity/Q1084,noun,1
http://www.wikidata.org/entity/L447898,convidado,http://www.wikidata.org/entity/Q1084,noun,1
http://www.wikidata.org/entity/L447899,trânsito,http://www.wikidata.org/entity/Q1084,noun,1
http://www.wikidata.org/entity/L447901,molusco,http://www.wikidata.org/entity/Q1084,noun,1
http://www.wikidata.org/entity/L447902,jogo,http://www.wikidata.org/entity/Q1084,noun,1
http://www.wikidata.org/entity/L447905,socialista,http://www.wikidata.org/entity/Q1084,noun,1
http://www.wikidata.org/entity/L447906,estilista,http://www.wikidata.org/entity/Q1084,noun,1
http://www.wikidata.org/entity/L447907,amortecedor,http://www.wikidata.org/entity/Q1084,noun,1
http://www.wikidata.org/entity/L447909,funeral,http://www.wikidata.org/entity/Q1084,noun,1
http://www.wikidata.org/entity/L447910,culto,http://www.wikidata.org/entity/Q1084,noun,1
http://www.wikidata.org/entity/L447911,vulto,http://www.wikidata.org/entity/Q1084,noun,1
http://www.wikidata.org/entity/L447912,boleto,http://www.wikidata.org/entity/Q1084,noun,1
http://www.wikidata.org/entity/L447913,cartão,http://www.wikidata.org/entity/Q1084,noun,1
http://www.wikidata.org/entity/L447914,castor,http://www.wikidata.org/entity/Q1084,noun,1
http://www.wikidata.org/entity/L447915,esquilo,http://www.wikidata.org/entity/Q1084,noun,1
http://www.wikidata.org/entity/L447916,esquimó,http://www.wikidata.org/entity/Q1084,noun,1
http://www.wikidata.org/entity/L447917,argentino,http://www.wikidata.org/entity/Q1084,noun,1
http://www.wikidata.org/entity/L447918,africano,http://www.wikidata.org/entity/Q1084,noun,1
http://www.wikidata.org/entity/L447919,angolano,http://www.wikidata.org/entity/Q1084,noun,1
http://www.wikidata.org/entity/L447920,moçambicano,http://www.wikidata.org/entity/Q1084,noun,1
http://www.wikidata.org/entity/L447922,machista,http://www.wikidata.org/entity/Q1084,noun,1
http://www.wikidata.org/entity/L447923,nazista,http://www.wikidata.org/entity/Q34698,adjective,1
http://www.wikidata.org/entity/L447925,arcebispo,http://www.wikidata.org/entity/Q1084,noun,1
http://www.wikidata.org/entity/L447927,traçado,http://www.wikidata.org/entity/Q1084,noun,1
http://www.wikidata.org/entity/L447928,fracasso,http://www.wikidata.org/entity/Q1084,noun,1
http://www.wikidata.org/entity/L447929,término,http://www.wikidata.org/entity/Q1084,noun,1
http://www.wikidata.org/entity/L447930,felino,http://www.wikidata.org/entity/Q1084,noun,1
http://www.wikidata.org/entity/L447931,canino,http://www.wikidata.org/entity/Q1084,noun,1
http://www.wikidata.org/entity/L447932,molar,http://www.wikidata.org/entity/Q1084,noun,1
http://www.wikidata.org/entity/L447934,periódico,http://www.wikidata.org/entity/Q1084,noun,1
http://www.wikidata.org/entity/L447935,verbete,http://www.wikidata.org/entity/Q1084,noun,1
http://www.wikidata.org/entity/L447936,degrau,http://www.wikidata.org/entity/Q1084,noun,1
http://www.wikidata.org/entity/L447937,terrorista,http://www.wikidata.org/entity/Q1084,noun,1
http://www.wikidata.org/entity/L447938,trapézio,http://www.wikidata.org/entity/Q1084,noun,1
http://www.wikidata.org/entity/L447939,losango,http://www.wikidata.org/entity/Q1084,noun,1
http://www.wikidata.org/entity/L447940,octógono,http://www.wikidata.org/entity/Q1084,noun,1
http://www.wikidata.org/entity/L447941,triângulo,http://www.wikidata.org/entity/Q1084,noun,1
http://www.wikidata.org/entity/L447942,orgasmo,http://www.wikidata.org/entity/Q1084,noun,1
http://www.wikidata.org/entity/L447943,consumo,http://www.wikidata.org/entity/Q1084,noun,1
http://www.wikidata.org/entity/L477645,crise,http://www.wikidata.org/entity/Q1084,noun,1
http://www.wikidata.org/entity/L477646,medicina,http://www.wikidata.org/entity/Q1084,noun,1
http://www.wikidata.org/entity/L477649,apresentação,http://www.wikidata.org/entity/Q1084,noun,1
http://www.wikidata.org/entity/L477155,final,http://www.wikidata.org/entity/Q1084,noun,1
http://www.wikidata.org/entity/L477156,século,http://www.wikidata.org/entity/Q1084,noun,1
http://www.wikidata.org/entity/L477157,álbum,http://www.wikidata.org/entity/Q1084,noun,1
http://www.wikidata.org/entity/L477158,governo,http://www.wikidata.org/entity/Q1084,noun,1
http://www.wikidata.org/entity/L477160,país,http://www.wikidata.org/entity/Q1084,noun,1
http://www.wikidata.org/entity/L477161,início,http://www.wikidata.org/entity/Q1084,noun,1
http://www.wikidata.org/entity/L477162,período,http://www.wikidata.org/entity/Q1084,noun,1
http://www.wikidata.org/entity/L477163,número,http://www.wikidata.org/entity/Q1084,noun,1
http://www.wikidata.org/entity/L477165,campeonato,http://www.wikidata.org/entity/Q1084,noun,1
http://www.wikidata.org/entity/L477168,futebol,http://www.wikidata.org/entity/Q1084,noun,1
http://www.wikidata.org/entity/L477170,caso,http://www.wikidata.org/entity/Q1084,noun,1
http://www.wikidata.org/entity/L477171,projeto,http://www.wikidata.org/entity/Q1084,noun,1
http://www.wikidata.org/entity/L477172,sucesso,http://www.wikidata.org/entity/Q1084,noun,1
http://www.wikidata.org/entity/L477173,exemplo,http://www.wikidata.org/entity/Q1084,noun,1
http://www.wikidata.org/entity/L477174,meio,http://www.wikidata.org/entity/Q1084,noun,1
http://www.wikidata.org/entity/L477176,público,http://www.wikidata.org/entity/Q1084,noun,1
http://www.wikidata.org/entity/L477177,exército,http://www.wikidata.org/entity/Q1084,noun,1
http://www.wikidata.org/entity/L477180,habitante,http://www.wikidata.org/entity/Q1084,noun,1
http://www.wikidata.org/entity/L477183,mês,http://www.wikidata.org/entity/Q1084,noun,1
http://www.wikidata.org/entity/L477184,partido,http://www.wikidata.org/entity/Q1084,noun,1
http://www.wikidata.org/entity/L477185,membro,http://www.wikidata.org/entity/Q1084,noun,1
http://www.wikidata.org/entity/L477186,nível,http://www.wikidata.org/entity/Q1084,noun,1
http://www.wikidata.org/entity/L477190,jogador,http://www.wikidata.org/entity/Q1084,noun,1
http://www.wikidata.org/entity/L477192,fato,http://www.wikidata.org/entity/Q1084,noun,1
http://www.wikidata.org/entity/L477193,estilo,http://www.wikidata.org/entity/Q1084,noun,1
http://www.wikidata.org/entity/L477194,personagem,http://www.wikidata.org/entity/Q1084,noun,1
http://www.wikidata.org/entity/L477196,serviço,http://www.wikidata.org/entity/Q1084,noun,1
http://www.wikidata.org/entity/L477198,cargo,http://www.wikidata.org/entity/Q1084,noun,1
http://www.wikidata.org/entity/L477199,censo,http://www.wikidata.org/entity/Q1084,noun,1
http://www.wikidata.org/entity/L477200,controlo,http://www.wikidata.org/entity/Q1084,noun,1
http://www.wikidata.org/entity/L477201,prémio,http://www.wikidata.org/entity/Q1084,noun,1
http://www.wikidata.org/entity/L477204,instituto,http://www.wikidata.org/entity/Q1084,noun,1
http://www.wikidata.org/entity/L477206,jornal,http://www.wikidata.org/entity/Q1084,noun,1
http://www.wikidata.org/entity/L477208,cinema,http://www.wikidata.org/entity/Q1084,noun,1
http://www.wikidata.org/entity/L477209,episódio,http://www.wikidata.org/entity/Q1084,noun,1
http://www.wikidata.org/entity/L477211,imperador,http://www.wikidata.org/entity/Q1084,noun,1
http://www.wikidata.org/entity/L477264,objetivo,http://www.wikidata.org/entity/Q1084,noun,1
http://www.wikidata.org/entity/L477265,ensino,http://www.wikidata.org/entity/Q1084,noun,1
http://www.wikidata.org/entity/L477266,aumento,http://www.wikidata.org/entity/Q1084,noun,1
http://www.wikidata.org/entity/L477268,comando,http://www.wikidata.org/entity/Q1084,noun,1
http://www.wikidata.org/entity/L477270,presente,http://www.wikidata.org/entity/Q1084,noun,1
http://www.wikidata.org/entity/L477272,casamento,http://www.wikidata.org/entity/Q1084,noun,1
http://www.wikidata.org/entity/L477273,governador,http://www.wikidata.org/entity/Q1084,noun,1
http://www.wikidata.org/entity/L477274,castelo,http://www.wikidata.org/entity/Q1084,noun,1
http://www.wikidata.org/entity/L477276,povo,http://www.wikidata.org/entity/Q1084,noun,1
http://www.wikidata.org/entity/L477278,elenco,http://www.wikidata.org/entity/Q1084,noun,1
http://www.wikidata.org/entity/L477279,político,http://www.wikidata.org/entity/Q1084,noun,1
http://www.wikidata.org/entity/L477280,ataque,http://www.wikidata.org/entity/Q1084,noun,1
http://www.wikidata.org/entity/L477281,curso,http://www.wikidata.org/entity/Q1084,noun,1
http://www.wikidata.org/entity/L477284,animal,http://www.wikidata.org/entity/Q1084,noun,1
http://www.wikidata.org/entity/L477285,caminho,http://www.wikidata.org/entity/Q1084,noun,1
http://www.wikidata.org/entity/L477286,torneio,http://www.wikidata.org/entity/Q1084,noun,1
http://www.wikidata.org/entity/L477288,edifício,http://www.wikidata.org/entity/Q1084,noun,1
http://www.wikidata.org/entity/L477290,general,http://www.wikidata.org/entity/Q1084,noun,1
http://www.wikidata.org/entity/L477291,interesse,http://www.wikidata.org/entity/Q1084,noun,1
http://www.wikidata.org/entity/L477293,líder,http://www.wikidata.org/entity/Q1084,noun,1
http://www.wikidata.org/entity/L477295,minuto,http://www.wikidata.org/entity/Q1084,noun,1
http://www.wikidata.org/entity/L477300,história,http://www.wikidata.org/entity/Q1084,noun,1
http://www.wikidata.org/entity/L477302,área,http://www.wikidata.org/entity/Q1084,noun,1
http://www.wikidata.org/entity/L477303,banda,http://www.wikidata.org/entity/Q1084,noun,1
http://www.wikidata.org/entity/L477304,época,http://www.wikidata.org/entity/Q1084,noun,1
http://www.wikidata.org/entity/L477308,tarde,http://www.wikidata.org/entity/Q1084,noun,1
http://www.wikidata.org/entity/L477312,canção,http://www.wikidata.org/entity/Q1084,noun,1
http://www.wikidata.org/entity/L1491483,tumba,http://www.wikidata.org/entity/Q1084,noun,1
http://www.wikidata.org/entity/L1491485,ótico,http://www.wikidata.org/entity/Q34698,adjective,1
http://www.wikidata.org/entity/L1491505,humidade,http://www.wikidata.org/entity/Q1084,noun,1
http://www.wikidata.org/entity/L1491518,saia,http://www.wikidata.org/entity/Q1084,noun,1
http://www.wikidata.org/entity/L1506136,Lisboa,http://www.wikidata.org/entity/Q147276,proper noun,1
http://www.wikidata.org/entity/L1520889,socialismo,http://www.wikidata.org/entity/Q1084,noun,1
http://www.wikidata.org/entity/L1524615,pacoba,http://www.wikidata.org/entity/Q1084,noun,1
http://www.wikidata.org/entity/L1530400,macromolécula,http://www.wikidata.org/entity/Q1084,noun,1
http://www.wikidata.org/entity/L1531199,França,http://www.wikidata.org/entity/Q147276,proper noun,1
http://www.wikidata.org/entity/L1531681,gorro,http://www.wikidata.org/entity/Q1084,noun,1
http://www.wikidata.org/entity/L1547559,pagode,http://www.wikidata.org/entity/Q1084,noun,1
http://www.wikidata.org/entity/L1547566,bazar,http://www.wikidata.org/entity/Q1084,noun,1
http://www.wikidata.org/entity/L1547573,pango,http://www.wikidata.org/entity/Q1084,noun,1
http://www.wikidata.org/entity/L1547575,babaquice,http://www.wikidata.org/entity/Q1084,noun,1
http://www.wikidata.org/entity/L1547673,abacatal,http://www.wikidata.org/entity/Q1084,noun,1
http://www.wikidata.org/entity/L1547674,abacista,http://www.wikidata.org/entity/Q1084,noun,1
http://www.wikidata.org/entity/L1547675,abacista,http://www.wikidata.org/entity/Q1084,noun,1
http://www.wikidata.org/entity/L1547702,frutificação,http://www.wikidata.org/entity/Q1084,noun,1
http://www.wikidata.org/entity/L1547703,garrote,http://www.wikidata.org/entity/Q1084,noun,1
http://www.wikidata.org/entity/L1547704,piaba,http://www.wikidata.org/entity/Q1084,noun,1
http://www.wikidata.org/entity/L1548632,empáfia,http://www.wikidata.org/entity/Q1084,noun,1
http://www.wikidata.org/entity/L1548682,índio,http://www.wikidata.org/entity/Q1084,noun,1
http://www.wikidata.org/entity/L1548949,el-rei,http://www.wikidata.org/entity/Q1084,noun,1
http://www.wikidata.org/entity/L1548950,alteza,http://www.wikidata.org/entity/Q1084,noun,1
http://www.wikidata.org/entity/L1548951,alcaide,http://www.wikidata.org/entity/Q1084,noun,1
http://www.wikidata.org/entity/L1554738,rupia,http://www.wikidata.org/entity/Q1084,noun,1
http://www.wikidata.org/entity/L1562055,abita,http://www.wikidata.org/entity/Q1084,noun,1
http://www.wikidata.org/entity/L448047,jipe,http://www.wikidata.org/entity/Q1084,noun,1
http://www.wikidata.org/entity/L448048,parque,http://www.wikidata.org/entity/Q1084,noun,1
http://www.wikidata.org/entity/L448049,ajuda,http://www.wikidata.org/entity/Q1084,noun,1
http://www.wikidata.org/entity/L448050,turbina,http://www.wikidata.org/entity/Q1084,noun,1
http://www.wikidata.org/entity/L447947,porteiro,http://www.wikidata.org/entity/Q1084,noun,1
http://www.wikidata.org/entity/L447948,homicídio,http://www.wikidata.org/entity/Q1084,noun,1
http://www.wikidata.org/entity/L447949,regicídio,http://www.wikidata.org/entity/Q1084,noun,1
http://www.wikidata.org/entity/L447950,monumento,http://www.wikidata.org/entity/Q1084,noun,1
http://www.wikidata.org/entity/L447951,lago,http://www.wikidata.org/entity/Q1084,noun,1
http://www.wikidata.org/entity/L447952,rio,http://www.wikidata.org/entity/Q1084,noun,1
http://www.wikidata.org/entity/L447953,maremoto,http://www.wikidata.org/entity/Q1084,noun,1
http://www.wikidata.org/entity/L447954,terremoto,http://www.wikidata.org/entity/Q1084,noun,1
http://www.wikidata.org/entity/L447955,incesto,http://www.wikidata.org/entity/Q1084,noun,1
http://www.wikidata.org/entity/L447959,duque,http://www.wikidata.org/entity/Q1084,noun,1
http://www.wikidata.org/entity/L447960,marciano,http://www.wikidata.org/entity/Q1084,noun,1
http://www.wikidata.org/entity/L447961,alienígena,http://www.wikidata.org/entity/Q1084,noun,1
http://www.wikidata.org/entity/L447964,agrotóxico,http://www.wikidata.org/entity/Q1084,noun,1
http://www.wikidata.org/entity/L447965,inseticida,http://www.wikidata.org/entity/Q1084,noun,1
http://www.wikidata.org/entity/L447966,marinheiro,http://www.wikidata.org/entity/Q1084,noun,1
http://www.wikidata.org/entity/L447968,prenúncio,http://www.wikidata.org/entity/Q1084,noun,1
http://www.wikidata.org/entity/L447969,prelúdio,http://www.wikidata.org/entity/Q1084,noun,1
http://www.wikidata.org/entity/L447970,catalisador,http://www.wikidata.org/entity/Q1084,noun,1
http://www.wikidata.org/entity/L447972,jurado,http://www.wikidata.org/entity/Q1084,noun,1
http://www.wikidata.org/entity/L447973,palco,http://www.wikidata.org/entity/Q1084,noun,1
http://www.wikidata.org/entity/L447974,maquinista,http://www.wikidata.org/entity/Q1084,noun,1
http://www.wikidata.org/entity/L447975,anão,http://www.wikidata.org/entity/Q1084,noun,1
http://www.wikidata.org/entity/L447977,tendão,http://www.wikidata.org/entity/Q1084,noun,1
http://www.wikidata.org/entity/L447978,pilão,http://www.wikidata.org/entity/Q1084,noun,1
http://www.wikidata.org/entity/L447979,pônei,http://www.wikidata.org/entity/Q1084,noun,1
http://www.wikidata.org/entity/L447980,unicórnio,http://www.wikidata.org/entity/Q1084,noun,1
http://www.wikidata.org/entity/L447982,espécime,http://www.wikidata.org/entity/Q1084,noun,1
http://www.wikidata.org/entity/L447984,parasita,http://www.wikidata.org/entity/Q1084,noun,1
http://www.wikidata.org/entity/L447986,pescador,http://www.wikidata.org/entity/Q1084,noun,1
http://www.wikidata.org/entity/L447989,resultado,http://www.wikidata.org/entity/Q1084,noun,1
http://www.wikidata.org/entity/L447990,polígono,http://www.wikidata.org/entity/Q1084,noun,1
http://www.wikidata.org/entity/L447991,fundador,http://www.wikidata.org/entity/Q1084,noun,1
http://www.wikidata.org/entity/L447993,servo,http://www.wikidata.org/entity/Q1084,noun,1
http://www.wikidata.org/entity/L447995,historiador,http://www.wikidata.org/entity/Q1084,noun,1
http://www.wikidata.org/entity/L447996,vampiro,http://www.wikidata.org/entity/Q1084,noun,1
http://www.wikidata.org/entity/L447997,assassino,http://www.wikidata.org/entity/Q1084,noun,1
http://www.wikidata.org/entity/L447998,assobio,http://www.wikidata.org/entity/Q1084,noun,1
http://www.wikidata.org/entity/L448002,martírio,http://www.wikidata.org/entity/Q1084,noun,1
http://www.wikidata.org/entity/L448004,desastre,http://www.wikidata.org/entity/Q1084,noun,1
http://www.wikidata.org/entity/L448006,faisão,http://www.wikidata.org/entity/Q1084,noun,1
http://www.wikidata.org/entity/L448007,aplicativo,http://www.wikidata.org/entity/Q1084,noun,1
http://www.wikidata.org/entity/L448009,estômago,http://www.wikidata.org/entity/Q1084,noun,1
http://www.wikidata.org/entity/L448010,pâncreas,http://www.wikidata.org/entity/Q1084,noun,1
http://www.wikidata.org/entity/L448011,gnomo,http://www.wikidata.org/entity/Q1084,noun,1
http://www.wikidata.org/entity/L448012,treinador,http://www.wikidata.org/entity/Q1084,noun,1
http://www.wikidata.org/entity/L448013,veículo,http://www.wikidata.org/entity/Q1084,noun,1
http://www.wikidata.org/entity/L448014,pneu,http://www.wikidata.org/entity/Q1084,noun,1
http://www.wikidata.org/entity/L448015,estilhaço,http://www.wikidata.org/entity/Q1084,noun,1
http://www.wikidata.org/entity/L448016,reparo,http://www.wikidata.org/entity/Q1084,noun,1
http://www.wikidata.org/entity/L448017,reflexo,http://www.wikidata.org/entity/Q1084,noun,1
http://www.wikidata.org/entity/L448018,acidente,http://www.wikidata.org/entity/Q1084,noun,1
http://www.wikidata.org/entity/L448020,adolescente,http://www.wikidata.org/entity/Q1084,noun,1
http://www.wikidata.org/entity/L448022,socorro,http://www.wikidata.org/entity/Q1084,noun,1
http://www.wikidata.org/entity/L448024,susto,http://www.wikidata.org/entity/Q1084,noun,1
http://www.wikidata.org/entity/L448025,sentimento,http://www.wikidata.org/entity/Q1084,noun,1
http://www.wikidata.org/entity/L448026,automóvel,http://www.wikidata.org/entity/Q1084,noun,1
http://www.wikidata.org/entity/L448027,lexema,http://www.wikidata.org/entity/Q1084,noun,1
http://www.wikidata.org/entity/L448028,mirante,http://www.wikidata.org/entity/Q1084,noun,1
http://www.wikidata.org/entity/L448029,português,http://www.wikidata.org/entity/Q147276,proper noun,1
http://www.wikidata.org/entity/L448030,artista,http://www.wikidata.org/entity/Q1084,noun,1
http://www.wikidata.org/entity/L448032,referencial,http://www.wikidata.org/entity/Q1084,noun,1
http://www.wikidata.org/entity/L448035,acontecimento,http://www.wikidata.org/entity/Q1084,noun,1
http://www.wikidata.org/entity/L448036,evento,http://www.wikidata.org/entity/Q1084,noun,1
http://www.wikidata.org/entity/L448037,pedaço,http://www.wikidata.org/entity/Q1084,noun,1
http://www.wikidata.org/entity/L448038,dedo,http://www.wikidata.org/entity/Q1084,noun,1
http://www.wikidata.org/entity/L448039,bebê,http://www.wikidata.org/entity/Q1084,noun,1
http://www.wikidata.org/entity/L448043,ódio,http://www.wikidata.org/entity/Q1084,noun,1
http://www.wikidata.org/entity/L448044,sonífero,http://www.wikidata.org/entity/Q1084,noun,1
http://www.wikidata.org/entity/L448045,laxante,http://www.wikidata.org/entity/Q1084,noun,1
http://www.wikidata.org/entity/L642852,fóssil,http://www.wikidata.org/entity/Q1084,noun,1
http://www.wikidata.org/entity/L642853,herbívoro,http://www.wikidata.org/entity/Q34698,adjective,1
http://www.wikidata.org/entity/L620491,tema,http://www.wikidata.org/entity/Q1084,noun,1
http://www.wikidata.org/entity/L620492,conde,http://www.wikidata.org/entity/Q1084,noun,1
http://www.wikidata.org/entity/L620493,judeu,http://www.wikidata.org/entity/Q1084,noun,1
http://www.wikidata.org/entity/L620494,juiz,http://www.wikidata.org/entity/Q1084,noun,1
http://www.wikidata.org/entity/L620495,usuário,http://www.wikidata.org/entity/Q1084,noun,1
http://www.wikidata.org/entity/L620498,design,http://www.wikidata.org/entity/Q1084,noun,1
http://www.wikidata.org/entity/L620500,símbolo,http://www.wikidata.org/entity/Q1084,noun,1
http://www.wikidata.org/entity/L620501,inimigo,http://www.wikidata.org/entity/Q1084,noun,1
http://www.wikidata.org/entity/L620504,bem,http://www.wikidata.org/entity/Q1084,noun,1
http://www.wikidata.org/entity/L620505,imigrante,http://www.wikidata.org/entity/Q1084,noun,1
http://www.wikidata.org/entity/L620506,campeão,http://www.wikidata.org/entity/Q1084,noun,1
http://www.wikidata.org/entity/L620508,cidadão,http://www.wikidata.org/entity/Q1084,noun,1
http://www.wikidata.org/entity/L620514,advogada,http://www.wikidata.org/entity/Q1084,noun,1
http://www.wikidata.org/entity/L622661,passar pano,http://www.wikidata.org/entity/Q10976085,verbal locution,1
http://www.wikidata.org/entity/L622662,pano,http://www.wikidata.org/entity/Q1084,noun,1
http://www.wikidata.org/entity/L647767,solteiro,http://www.wikidata.org/entity/Q34698,adjective,1
http://www.wikidata.org/entity/L662644,imigrante,http://www.wikidata.org/entity/Q34698,adjective,1
http://www.wikidata.org/entity/L630940,dinheiro,http://www.wikidata.org/entity/Q1084,noun,1
http://www.wikidata.org/entity/L631110,senador,http://www.wikidata.org/entity/Q1084,noun,1
http://www.wikidata.org/entity/L631112,interno,http://www.wikidata.org/entity/Q34698,adjective,1
http://www.wikidata.org/entity/L631113,autoria,http://www.wikidata.org/entity/Q1084,noun,1
http://www.wikidata.org/entity/L631114,crítico,http://www.wikidata.org/entity/Q34698,adjective,1
http://www.wikidata.org/entity/L632738,urbano,http://www.wikidata.org/entity/Q34698,adjective,1
http://www.wikidata.org/entity/L632742,renda,http://www.wikidata.org/entity/Q1084,noun,1
http://www.wikidata.org/entity/L632816,barão,http://www.wikidata.org/entity/Q1084,noun,1
http://www.wikidata.org/entity/L632823,baronesa,http://www.wikidata.org/entity/Q1084,noun,1
http://www.wikidata.org/entity/L639938,registo,http://www.wikidata.org/entity/Q1084,noun,1
http://www.wikidata.org/entity/L639940,ponta,http://www.wikidata.org/entity/Q1084,noun,1
http://www.wikidata.org/entity/L639942,juventude,http://www.wikidata.org/entity/Q1084,noun,1
http://www.wikidata.org/entity/L639943,química,http://www.wikidata.org/entity/Q1084,noun,1
http://www.wikidata.org/entity/L639944,promoção,http://www.wikidata.org/entity/Q1084,noun,1
http://www.wikidata.org/entity/L639946,russo,http://www.wikidata.org/entity/Q34698,adjective,1
http://www.wikidata.org/entity/L639948,matéria,http://www.wikidata.org/entity/Q1084,noun,1
http://www.wikidata.org/entity/L639949,localização,http://www.wikidata.org/entity/Q1084,noun,1
http://www.wikidata.org/entity/L639952,transferência,http://www.wikidata.org/entity/Q1084,noun,1
http://www.wikidata.org/entity/L639954,vermelho,http://www.wikidata.org/entity/Q34698,adjective,1
http://www.wikidata.org/entity/L639957,fama,http://www.wikidata.org/entity/Q1084,noun,1
http://www.wikidata.org/entity/L639958,ramo,http://www.wikidata.org/entity/Q1084,noun,1
http://www.wikidata.org/entity/L639959,lança,http://www.wikidata.org/entity/Q1084,noun,1
http://www.wikidata.org/entity/L639962,aparição,http://www.wikidata.org/entity/Q1084,noun,1
http://www.wikidata.org/entity/L639963,continente,http://www.wikidata.org/entity/Q1084,noun,1
http://www.wikidata.org/entity/L639964,opinião,http://www.wikidata.org/entity/Q1084,noun,1
http://www.wikidata.org/entity/L639965,fachada,http://www.wikidata.org/entity/Q1084,noun,1
http://www.wikidata.org/entity/L642140,a paciência é uma virtude,http://www.wikidata.org/entity/Q35102,proverb,1
http://www.wikidata.org/entity/L642142,virtude,http://www.wikidata.org/entity/Q1084,noun,1
http://www.wikidata.org/entity/L642143,as paredes têm ouvidos,http://www.wikidata.org/entity/Q35102,proverb,1
http://www.wikidata.org/entity/L642144,ouvido,http://www.wikidata.org/entity/Q1084,noun,1
http://www.wikidata.org/entity/L642145,"mente vazia, oficina do diabo",http://www.wikidata.org/entity/Q35102,proverb,1
http://www.wikidata.org/entity/L642146,mente,http://www.wikidata.org/entity/Q1084,noun,1
http://www.wikidata.org/entity/L642149,vazio,http://www.wikidata.org/entity/Q34698,adjective,1
http://www.wikidata.org/entity/L642151,de graça,http://www.wikidata.org/entity/Q380057,adverb,1
http://www.wikidata.org/entity/L642152,injeção,http://www.wikidata.org/entity/Q1084,noun,1
http://www.wikidata.org/entity/L642153,"de graça, até injeção na testa",http://www.wikidata.org/entity/Q35102,proverb,1
http://www.wikidata.org/entity/L642154,testa,http://www.wikidata.org/entity/Q1084,noun,1
http://www.wikidata.org/entity/L642256,a casa de um homem é o seu castelo,http://www.wikidata.org/entity/Q35102,proverb,1
http://www.wikidata.org/entity/L642326,católico,http://www.wikidata.org/entity/Q34698,adjective,1
http://www.wikidata.org/entity/L642588,Sobrinho,http://www.wikidata.org/entity/Q1964223,name suffix,1
http://www.wikidata.org/entity/L642836,quadrúpede,http://www.wikidata.org/entity/Q1084,noun,1
http://www.wikidata.org/entity/L642837,pronúncia,http://www.wikidata.org/entity/Q1084,noun,1
http://www.wikidata.org/entity/L642839,pontiagudo,http://www.wikidata.org/entity/Q34698,adjective,1
http://www.wikidata.org/entity/L642840,placa,http://www.wikidata.org/entity/Q1084,noun,1
http://www.wikidata.org/entity/L642842,arredondado,http://www.wikidata.org/entity/Q34698,adjective,1
http://www.wikidata.org/entity/L642843,cauda,http://www.wikidata.org/entity/Q1084,noun,1
http://www.wikidata.org/entity/L642846,distinto,http://www.wikidata.org/entity/Q34698,adjective,1
http://www.wikidata.org/entity/L642847,envelhecido,http://www.wikidata.org/entity/Q34698,adjective,1
http://www.wikidata.org/entity/L642850,exibição,http://www.wikidata.org/entity/Q1084,noun,1
http://www.wikidata.org/entity/L642851,estrato,http://www.wikidata.org/entity/Q1084,noun,1
http://www.wikidata.org/entity/L479594,anônimo,http://www.wikidata.org/entity/Q34698,adjective,1
http://www.wikidata.org/entity/L479597,ansioso,http://www.wikidata.org/entity/Q34698,adjective,1
http://www.wikidata.org/entity/L479601,antepenúltimo,http://www.wikidata.org/entity/Q34698,adjective,1
http://www.wikidata.org/entity/L477651,gestão,http://www.wikidata.org/entity/Q1084,noun,1
http://www.wikidata.org/entity/L477652,borda,http://www.wikidata.org/entity/Q1084,noun,1
http://www.wikidata.org/entity/L477653,fronteira,http://www.wikidata.org/entity/Q1084,noun,1
http://www.wikidata.org/entity/L477656,coloração,http://www.wikidata.org/entity/Q1084,noun,1
http://www.wikidata.org/entity/L477658,travessa,http://www.wikidata.org/entity/Q1084,noun,1
http://www.wikidata.org/entity/L477661,cavidade,http://www.wikidata.org/entity/Q1084,noun,1
http://www.wikidata.org/entity/L477662,donzela,http://www.wikidata.org/entity/Q1084,noun,1
http://www.wikidata.org/entity/L477663,tarântula,http://www.wikidata.org/entity/Q1084,noun,1
http://www.wikidata.org/entity/L477664,garra,http://www.wikidata.org/entity/Q1084,noun,1
http://www.wikidata.org/entity/L477666,desgraça,http://www.wikidata.org/entity/Q1084,noun,1
http://www.wikidata.org/entity/L477667,catástrofe,http://www.wikidata.org/entity/Q1084,noun,1
http://www.wikidata.org/entity/L477669,fome,http://www.wikidata.org/entity/Q1084,noun,1
http://www.wikidata.org/entity/L477670,luxúria,http://www.wikidata.org/entity/Q1084,noun,1
http://www.wikidata.org/entity/L477671,ira,http://www.wikidata.org/entity/Q1084,noun,1
http://www.wikidata.org/entity/L477672,gula,http://www.wikidata.org/entity/Q1084,noun,1
http://www.wikidata.org/entity/L477674,ruptura,http://www.wikidata.org/entity/Q1084,noun,1
http://www.wikidata.org/entity/L477675,réplica,http://www.wikidata.org/entity/Q1084,noun,1
http://www.wikidata.org/entity/L477676,montagem,http://www.wikidata.org/entity/Q1084,noun,1
http://www.wikidata.org/entity/L477679,renovação,http://www.wikidata.org/entity/Q1084,noun,1
http://www.wikidata.org/entity/L477681,maldade,http://www.wikidata.org/entity/Q1084,noun,1
http://www.wikidata.org/entity/L477682,lealdade,http://www.wikidata.org/entity/Q1084,noun,1
http://www.wikidata.org/entity/L477683,babá,http://www.wikidata.org/entity/Q1084,noun,1
http://www.wikidata.org/entity/L477685,postura,http://www.wikidata.org/entity/Q1084,noun,1
http://www.wikidata.org/entity/L477686,lenha,http://www.wikidata.org/entity/Q1084,noun,1
http://www.wikidata.org/entity/L477687,espionagem,http://www.wikidata.org/entity/Q1084,noun,1
http://www.wikidata.org/entity/L477689,ameia,http://www.wikidata.org/entity/Q1084,noun,1
http://www.wikidata.org/entity/L477690,enxada,http://www.wikidata.org/entity/Q1084,noun,1
http://www.wikidata.org/entity/L477691,lentilha,http://www.wikidata.org/entity/Q1084,noun,1
http://www.wikidata.org/entity/L477692,torneira,http://www.wikidata.org/entity/Q1084,noun,1
http://www.wikidata.org/entity/L477695,omelete,http://www.wikidata.org/entity/Q1084,noun,1
http://www.wikidata.org/entity/L477697,obsessão,http://www.wikidata.org/entity/Q1084,noun,1
http://www.wikidata.org/entity/L477698,banheira,http://www.wikidata.org/entity/Q1084,noun,1
http://www.wikidata.org/entity/L477700,marcha,http://www.wikidata.org/entity/Q1084,noun,1
http://www.wikidata.org/entity/L477701,retrospetiva,http://www.wikidata.org/entity/Q1084,noun,1
http://www.wikidata.org/entity/L477764,joia,http://www.wikidata.org/entity/Q1084,noun,1
http://www.wikidata.org/entity/L477765,paranoia,http://www.wikidata.org/entity/Q1084,noun,1
http://www.wikidata.org/entity/L477766,plateia,http://www.wikidata.org/entity/Q1084,noun,1
http://www.wikidata.org/entity/L477767,geleia,http://www.wikidata.org/entity/Q1084,noun,1
http://www.wikidata.org/entity/L477774,absinto,http://www.wikidata.org/entity/Q1084,noun,1
http://www.wikidata.org/entity/L478259,assombrado,http://www.wikidata.org/entity/Q34698,adjective,1
http://www.wikidata.org/entity/L478264,castrado,http://www.wikidata.org/entity/Q34698,adjective,1
http://www.wikidata.org/entity/L478283,amontoado,http://www.wikidata.org/entity/Q34698,adjective,1
http://www.wikidata.org/entity/L478285,amoroso,http://www.wikidata.org/entity/Q34698,adjective,1
http://www.wikidata.org/entity/L478292,anabólico,http://www.wikidata.org/entity/Q34698,adjective,1
http://www.wikidata.org/entity/L478294,analgésico,http://www.wikidata.org/entity/Q34698,adjective,1
http://www.wikidata.org/entity/L479577,anárquico,http://www.wikidata.org/entity/Q34698,adjective,1
http://www.wikidata.org/entity/L479578,anatómico,http://www.wikidata.org/entity/Q34698,adjective,1
http://www.wikidata.org/entity/L479582,anémico,http://www.wikidata.org/entity/Q34698,adjective,1
http://www.wikidata.org/entity/L479584,anexo,http://www.wikidata.org/entity/Q34698,adjective,1
http://www.wikidata.org/entity/L479585,anfíbio,http://www.wikidata.org/entity/Q34698,adjective,1
http://www.wikidata.org/entity/L479586,angélico,http://www.wikidata.org/entity/Q34698,adjective,1
http://www.wikidata.org/entity/L479593,anômalo,http://www.wikidata.org/entity/Q34698,adjective,1
http://www.wikidata.org/entity/L448051,aranha,http://www.wikidata.org/entity/Q1084,noun,1
http://www.wikidata.org/entity/L448052,fada,http://www.wikidata.org/entity/Q1084,noun,1
http://www.wikidata.org/entity/L448053,sereia,http://www.wikidata.org/entity/Q1084,noun,1
http://www.wikidata.org/entity/L448054,lula,http://www.wikidata.org/entity/Q1084,noun,1
http://www.wikidata.org/entity/L448055,libélula,http://www.wikidata.org/entity/Q1084,noun,1
http://www.wikidata.org/entity/L448057,raposa,http://www.wikidata.org/entity/Q1084,noun,1
http://www.wikidata.org/entity/L448061,baleia,http://www.wikidata.org/entity/Q1084,noun,1
http://www.wikidata.org/entity/L448062,orelha,http://www.wikidata.org/entity/Q1084,noun,1
http://www.wikidata.org/entity/L448063,jabuticaba,http://www.wikidata.org/entity/Q1084,noun,1
http://www.wikidata.org/entity/L448065,xícara,http://www.wikidata.org/entity/Q1084,noun,1
http://www.wikidata.org/entity/L448066,taxa,http://www.wikidata.org/entity/Q1084,noun,1
http://www.wikidata.org/entity/L448067,taça,http://www.wikidata.org/entity/Q1084,noun,1
http://www.wikidata.org/entity/L448071,máquina,http://www.wikidata.org/entity/Q1084,noun,1
http://www.wikidata.org/entity/L448072,gravação,http://www.wikidata.org/entity/Q1084,noun,1
http://www.wikidata.org/entity/L448073,filmagem,http://www.wikidata.org/entity/Q1084,noun,1
http://www.wikidata.org/entity/L448076,obra,http://www.wikidata.org/entity/Q1084,noun,1
http://www.wikidata.org/entity/L448077,lontra,http://www.wikidata.org/entity/Q1084,noun,1
http://www.wikidata.org/entity/L448078,balança,http://www.wikidata.org/entity/Q1084,noun,1
http://www.wikidata.org/entity/L448079,nuvem,http://www.wikidata.org/entity/Q1084,noun,1
http://www.wikidata.org/entity/L448080,luz,http://www.wikidata.org/entity/Q1084,noun,1
http://www.wikidata.org/entity/L448082,conspiração,http://www.wikidata.org/entity/Q1084,noun,1
http://www.wikidata.org/entity/L448088,fábula,http://www.wikidata.org/entity/Q1084,noun,1
http://www.wikidata.org/entity/L448089,faculdade,http://www.wikidata.org/entity/Q1084,noun,1
http://www.wikidata.org/entity/L448090,universidade,http://www.wikidata.org/entity/Q1084,noun,1
http://www.wikidata.org/entity/L448091,instituição,http://www.wikidata.org/entity/Q1084,noun,1
http://www.wikidata.org/entity/L448093,fragata,http://www.wikidata.org/entity/Q1084,noun,1
http://www.wikidata.org/entity/L448094,coca,http://www.wikidata.org/entity/Q1084,noun,1
http://www.wikidata.org/entity/L448096,ponte,http://www.wikidata.org/entity/Q1084,noun,1
http://www.wikidata.org/entity/L448097,arena,http://www.wikidata.org/entity/Q1084,noun,1
http://www.wikidata.org/entity/L448100,pupila,http://www.wikidata.org/entity/Q1084,noun,1
http://www.wikidata.org/entity/L448101,íris,http://www.wikidata.org/entity/Q1084,noun,1
http://www.wikidata.org/entity/L448102,lapiseira,http://www.wikidata.org/entity/Q1084,noun,1
http://www.wikidata.org/entity/L448106,avenida,http://www.wikidata.org/entity/Q1084,noun,1
http://www.wikidata.org/entity/L448107,baioneta,http://www.wikidata.org/entity/Q1084,noun,1
http://www.wikidata.org/entity/L448109,direção,http://www.wikidata.org/entity/Q1084,noun,1
http://www.wikidata.org/entity/L448111,orfandade,http://www.wikidata.org/entity/Q1084,noun,1
http://www.wikidata.org/entity/L448112,pedalada,http://www.wikidata.org/entity/Q1084,noun,1
http://www.wikidata.org/entity/L448114,tocaia,http://www.wikidata.org/entity/Q1084,noun,1
http://www.wikidata.org/entity/L448115,marmota,http://www.wikidata.org/entity/Q1084,noun,1
http://www.wikidata.org/entity/L448116,marmita,http://www.wikidata.org/entity/Q1084,noun,1
http://www.wikidata.org/entity/L448117,tecnologia,http://www.wikidata.org/entity/Q1084,noun,1
http://www.wikidata.org/entity/L448118,seção,http://www.wikidata.org/entity/Q1084,noun,1
http://www.wikidata.org/entity/L448119,palmeira,http://www.wikidata.org/entity/Q1084,noun,1
http://www.wikidata.org/entity/L448120,peneira,http://www.wikidata.org/entity/Q1084,noun,1
http://www.wikidata.org/entity/L448121,lesão,http://www.wikidata.org/entity/Q1084,noun,1
http://www.wikidata.org/entity/L448122,ferida,http://www.wikidata.org/entity/Q1084,noun,1
http://www.wikidata.org/entity/L448123,técnica,http://www.wikidata.org/entity/Q1084,noun,1
http://www.wikidata.org/entity/L448126,cremação,http://www.wikidata.org/entity/Q1084,noun,1
http://www.wikidata.org/entity/L448127,nação,http://www.wikidata.org/entity/Q1084,noun,1
http://www.wikidata.org/entity/L448128,publicidade,http://www.wikidata.org/entity/Q1084,noun,1
http://www.wikidata.org/entity/L448129,luta,http://www.wikidata.org/entity/Q1084,noun,1
http://www.wikidata.org/entity/L448130,trégua,http://www.wikidata.org/entity/Q1084,noun,1
http://www.wikidata.org/entity/L448132,vassoura,http://www.wikidata.org/entity/Q1084,noun,1
http://www.wikidata.org/entity/L448133,garrafa,http://www.wikidata.org/entity/Q1084,noun,1
http://www.wikidata.org/entity/L448135,restrição,http://www.wikidata.org/entity/Q1084,noun,1
http://www.wikidata.org/entity/L448136,paquera,http://www.wikidata.org/entity/Q1084,noun,1
http://www.wikidata.org/entity/L448137,plaqueta,http://www.wikidata.org/entity/Q1084,noun,1
http://www.wikidata.org/entity/L448139,condecoração,http://www.wikidata.org/entity/Q1084,noun,1
http://www.wikidata.org/entity/L448140,comemoração,http://www.wikidata.org/entity/Q1084,noun,1
http://www.wikidata.org/entity/L448142,ressurreição,http://www.wikidata.org/entity/Q1084,noun,1
http://www.wikidata.org/entity/L448143,marinha,http://www.wikidata.org/entity/Q1084,noun,1
http://www.wikidata.org/entity/L448145,geladeira,http://www.wikidata.org/entity/Q1084,noun,1
http://www.wikidata.org/entity/L448146,modo,http://www.wikidata.org/entity/Q1084,noun,1
http://www.wikidata.org/entity/L448147,musgo,http://www.wikidata.org/entity/Q1084,noun,1
http://www.wikidata.org/entity/L448148,músico,http://www.wikidata.org/entity/Q1084,noun,1
http://www.wikidata.org/entity/L448151,vírus,http://www.wikidata.org/entity/Q1084,noun,1
http://www.wikidata.org/entity/L448153,trono,http://www.wikidata.org/entity/Q1084,noun,1
http://www.wikidata.org/entity/L448154,concelho,http://www.wikidata.org/entity/Q1084,noun,1
http://www.wikidata.org/entity/L448155,conselho,http://www.wikidata.org/entity/Q1084,noun,1
http://www.wikidata.org/entity/L662264,natural,http://www.wikidata.org/entity/Q34698,adjective,1
http://www.wikidata.org/entity/L662270,tradicional,http://www.wikidata.org/entity/Q34698,adjective,1
http://www.wikidata.org/entity/L643829,caiu na rede é peixe,http://www.wikidata.org/entity/Q35102,proverb,1
http://www.wikidata.org/entity/L643831,quem pariu Mateus que o embale,http://www.wikidata.org/entity/Q35102,proverb,1
http://www.wikidata.org/entity/L643832,o mundo dá voltas,http://www.wikidata.org/entity/Q184511,idiom,1
http://www.wikidata.org/entity/L643909,galáxia,http://www.wikidata.org/entity/Q1084,noun,1
http://www.wikidata.org/entity/L643910,buraco negro,http://www.wikidata.org/entity/Q1084,noun,1
http://www.wikidata.org/entity/L643913,nebulosa,http://www.wikidata.org/entity/Q1084,noun,1
http://www.wikidata.org/entity/L644241,comer,http://www.wikidata.org/entity/Q24905,verb,1
http://www.wikidata.org/entity/L646152,refugiado,http://www.wikidata.org/entity/Q34698,adjective,1
http://www.wikidata.org/entity/L646153,força armada,http://www.wikidata.org/entity/Q1084,noun,1
http://www.wikidata.org/entity/L646310,a fome é o melhor tempero,http://www.wikidata.org/entity/Q35102,proverb,1
http://www.wikidata.org/entity/L646312,grandes mentes pensam da mesma forma,http://www.wikidata.org/entity/Q35102,proverb,1
http://www.wikidata.org/entity/L646314,basta a cada dia o seu mal,http://www.wikidata.org/entity/Q35102,proverb,1
http://www.wikidata.org/entity/L646315,bastar,http://www.wikidata.org/entity/Q24905,verb,1
http://www.wikidata.org/entity/L646316,cada,http://www.wikidata.org/entity/Q36224,pronoun,1
http://www.wikidata.org/entity/L646318,Maomé,http://www.wikidata.org/entity/Q147276,proper noun,1
http://www.wikidata.org/entity/L646370,húmido,http://www.wikidata.org/entity/Q34698,adjective,1
http://www.wikidata.org/entity/L646374,fofoca,http://www.wikidata.org/entity/Q1084,noun,1
http://www.wikidata.org/entity/L647765,bento,http://www.wikidata.org/entity/Q34698,adjective,1
http://www.wikidata.org/entity/L647768,amarronzado,http://www.wikidata.org/entity/Q34698,adjective,1
http://www.wikidata.org/entity/L647772,certo,http://www.wikidata.org/entity/Q34698,adjective,1
http://www.wikidata.org/entity/L647779,eleito,http://www.wikidata.org/entity/Q34698,adjective,1
http://www.wikidata.org/entity/L647949,assistemático,http://www.wikidata.org/entity/Q34698,adjective,1
http://www.wikidata.org/entity/L647950,linguístico,http://www.wikidata.org/entity/Q34698,adjective,1
http://www.wikidata.org/entity/L647954,pago,http://www.wikidata.org/entity/Q34698,adjective,1
http://www.wikidata.org/entity/L647959,seco,http://www.wikidata.org/entity/Q34698,adjective,1
http://www.wikidata.org/entity/L648254,tirar o cavalinho da chuva,http://www.wikidata.org/entity/Q1778442,verb phrase,1
http://www.wikidata.org/entity/L651123,"se melhorar, estraga",http://www.wikidata.org/entity/Q187931,phrase,1
http://www.wikidata.org/entity/L661408,empresário,http://www.wikidata.org/entity/Q1084,noun,1
http://www.wikidata.org/entity/L661411,funcionário,http://www.wikidata.org/entity/Q1084,noun,1
http://www.wikidata.org/entity/L661412,assistente,http://www.wikidata.org/entity/Q34698,adjective,1
http://www.wikidata.org/entity/L661415,protagonista,http://www.wikidata.org/entity/Q34698,adjective,1
http://www.wikidata.org/entity/L661420,participante,http://www.wikidata.org/entity/Q1084,noun,1
http://www.wikidata.org/entity/L661423,missionário,http://www.wikidata.org/entity/Q1084,noun,1
http://www.wikidata.org/entity/L661424,geógrafo,http://www.wikidata.org/entity/Q1084,noun,1
http://www.wikidata.org/entity/L661426,matemático,http://www.wikidata.org/entity/Q1084,noun,1
http://www.wikidata.org/entity/L661427,caminhoneiro,http://www.wikidata.org/entity/Q1084,noun,1
http://www.wikidata.org/entity/L661428,arquiteto,http://www.wikidata.org/entity/Q1084,noun,1
http://www.wikidata.org/entity/L661562,pro,http://www.wikidata.org/entity/Q126473,contraction,1
http://www.wikidata.org/entity/L661566,esposo,http://www.wikidata.org/entity/Q1084,noun,1
http://www.wikidata.org/entity/L661567,cultural,http://www.wikidata.org/entity/Q34698,adjective,1
http://www.wikidata.org/entity/L661571,cada macaco no seu galho,http://www.wikidata.org/entity/Q35102,proverb,1
http://www.wikidata.org/entity/L661573,de médico e de louco todo mundo tem um pouco,http://www.wikidata.org/entity/Q35102,proverb,1
http://www.wikidata.org/entity/L661574,"quando a esmola é demais, o santo desconfia",http://www.wikidata.org/entity/Q35102,proverb,1
http://www.wikidata.org/entity/L661576,água mole em pedra dura tanto bate até que fura,http://www.wikidata.org/entity/Q35102,proverb,1
http://www.wikidata.org/entity/L661578,otorrinolaringologista,http://www.wikidata.org/entity/Q1084,noun,1
http://www.wikidata.org/entity/L661738,a vingança é um prato que se come frio,http://www.wikidata.org/entity/Q35102,proverb,1
http://www.wikidata.org/entity/L662242,umbilical,http://www.wikidata.org/entity/Q34698,adjective,1
http://www.wikidata.org/entity/L662244,criminoso,http://www.wikidata.org/entity/Q34698,adjective,1
http://www.wikidata.org/entity/L662247,ilícito,http://www.wikidata.org/entity/Q34698,adjective,1
http://www.wikidata.org/entity/L662250,concorrente,http://www.wikidata.org/entity/Q34698,adjective,1
http://www.wikidata.org/entity/L662251,mamoeiro,http://www.wikidata.org/entity/Q1084,noun,1
http://www.wikidata.org/entity/L662252,importante,http://www.wikidata.org/entity/Q34698,adjective,1
http://www.wikidata.org/entity/L662254,original,http://www.wikidata.org/entity/Q34698,adjective,1
http://www.wikidata.org/entity/L662257,possível,http://www.wikidata.org/entity/Q34698,adjective,1
http://www.wikidata.org/entity/L662259,municipal,http://www.wikidata.org/entity/Q34698,adjective,1
http://www.wikidata.org/entity/L662261,estadual,http://www.wikidata.org/entity/Q34698,adjective,1
http://www.wikidata.org/entity/L662262,responsável,http://www.wikidata.org/entity/Q34698,adjective,1
http://www.wikidata.org/entity/L448288,hábitat,http://www.wikidata.org/entity/Q1084,noun,1
http://www.wikidata.org/entity/L448289,hieróglifo,http://www.wikidata.org/entity/Q1084,noun,1
http://www.wikidata.org/entity/L448290,hospital,http://www.wikidata.org/entity/Q1084,noun,1
http://www.wikidata.org/entity/L448157,conserto,http://www.wikidata.org/entity/Q1084,noun,1
http://www.wikidata.org/entity/L448159,militar,http://www.wikidata.org/entity/Q1084,noun,1
http://www.wikidata.org/entity/L448160,contentamento,http://www.wikidata.org/entity/Q1084,noun,1
http://www.wikidata.org/entity/L448161,constrangimento,http://www.wikidata.org/entity/Q1084,noun,1
http://www.wikidata.org/entity/L448163,jovem,http://www.wikidata.org/entity/Q1084,noun,1
http://www.wikidata.org/entity/L448164,incômodo,http://www.wikidata.org/entity/Q1084,noun,1
http://www.wikidata.org/entity/L448166,termo,http://www.wikidata.org/entity/Q1084,noun,1
http://www.wikidata.org/entity/L448167,terno,http://www.wikidata.org/entity/Q1084,noun,1
http://www.wikidata.org/entity/L448168,banjo,http://www.wikidata.org/entity/Q1084,noun,1
http://www.wikidata.org/entity/L448171,cume,http://www.wikidata.org/entity/Q1084,noun,1
http://www.wikidata.org/entity/L448172,topo,http://www.wikidata.org/entity/Q1084,noun,1
http://www.wikidata.org/entity/L448175,museu,http://www.wikidata.org/entity/Q1084,noun,1
http://www.wikidata.org/entity/L448176,míssil,http://www.wikidata.org/entity/Q1084,noun,1
http://www.wikidata.org/entity/L448177,cristão,http://www.wikidata.org/entity/Q1084,noun,1
http://www.wikidata.org/entity/L448178,arqueólogo,http://www.wikidata.org/entity/Q1084,noun,1
http://www.wikidata.org/entity/L448181,telefone,http://www.wikidata.org/entity/Q1084,noun,1
http://www.wikidata.org/entity/L448183,boicote,http://www.wikidata.org/entity/Q1084,noun,1
http://www.wikidata.org/entity/L448184,tijolo,http://www.wikidata.org/entity/Q1084,noun,1
http://www.wikidata.org/entity/L448186,letreiro,http://www.wikidata.org/entity/Q1084,noun,1
http://www.wikidata.org/entity/L448189,trevo,http://www.wikidata.org/entity/Q1084,noun,1
http://www.wikidata.org/entity/L448190,trecho,http://www.wikidata.org/entity/Q1084,noun,1
http://www.wikidata.org/entity/L448191,excerto,http://www.wikidata.org/entity/Q1084,noun,1
http://www.wikidata.org/entity/L448192,tapa,http://www.wikidata.org/entity/Q1084,noun,1
http://www.wikidata.org/entity/L448193,tabefe,http://www.wikidata.org/entity/Q1084,noun,1
http://www.wikidata.org/entity/L448194,iglu,http://www.wikidata.org/entity/Q1084,noun,1
http://www.wikidata.org/entity/L448195,aldeão,http://www.wikidata.org/entity/Q1084,noun,1
http://www.wikidata.org/entity/L448197,ficheiro,http://www.wikidata.org/entity/Q1084,noun,1
http://www.wikidata.org/entity/L448199,colete,http://www.wikidata.org/entity/Q1084,noun,1
http://www.wikidata.org/entity/L448200,confete,http://www.wikidata.org/entity/Q1084,noun,1
http://www.wikidata.org/entity/L448201,sorvete,http://www.wikidata.org/entity/Q1084,noun,1
http://www.wikidata.org/entity/L448203,pastel,http://www.wikidata.org/entity/Q1084,noun,1
http://www.wikidata.org/entity/L448204,jambo,http://www.wikidata.org/entity/Q1084,noun,1
http://www.wikidata.org/entity/L448205,baobá,http://www.wikidata.org/entity/Q1084,noun,1
http://www.wikidata.org/entity/L448206,artesão,http://www.wikidata.org/entity/Q1084,noun,1
http://www.wikidata.org/entity/L448207,burgo,http://www.wikidata.org/entity/Q1084,noun,1
http://www.wikidata.org/entity/L448209,fiorde,http://www.wikidata.org/entity/Q1084,noun,1
http://www.wikidata.org/entity/L448211,cativeiro,http://www.wikidata.org/entity/Q1084,noun,1
http://www.wikidata.org/entity/L448212,carimbo,http://www.wikidata.org/entity/Q1084,noun,1
http://www.wikidata.org/entity/L448213,chá,http://www.wikidata.org/entity/Q1084,noun,1
http://www.wikidata.org/entity/L448215,globo,http://www.wikidata.org/entity/Q1084,noun,1
http://www.wikidata.org/entity/L448218,portal,http://www.wikidata.org/entity/Q1084,noun,1
http://www.wikidata.org/entity/L448220,informante,http://www.wikidata.org/entity/Q1084,noun,1
http://www.wikidata.org/entity/L448221,testamento,http://www.wikidata.org/entity/Q1084,noun,1
http://www.wikidata.org/entity/L448223,estrangeiro,http://www.wikidata.org/entity/Q1084,noun,1
http://www.wikidata.org/entity/L448224,fumo,http://www.wikidata.org/entity/Q1084,noun,1
http://www.wikidata.org/entity/L448225,morango,http://www.wikidata.org/entity/Q1084,noun,1
http://www.wikidata.org/entity/L448226,arbusto,http://www.wikidata.org/entity/Q1084,noun,1
http://www.wikidata.org/entity/L448227,capítulo,http://www.wikidata.org/entity/Q1084,noun,1
http://www.wikidata.org/entity/L448228,versículo,http://www.wikidata.org/entity/Q1084,noun,1
http://www.wikidata.org/entity/L448232,triciclo,http://www.wikidata.org/entity/Q1084,noun,1
http://www.wikidata.org/entity/L448234,caroço,http://www.wikidata.org/entity/Q1084,noun,1
http://www.wikidata.org/entity/L448237,traidor,http://www.wikidata.org/entity/Q1084,noun,1
http://www.wikidata.org/entity/L448238,tráfico,http://www.wikidata.org/entity/Q1084,noun,1
http://www.wikidata.org/entity/L448239,vendedor,http://www.wikidata.org/entity/Q1084,noun,1
http://www.wikidata.org/entity/L448240,poço,http://www.wikidata.org/entity/Q1084,noun,1
http://www.wikidata.org/entity/L448241,fosso,http://www.wikidata.org/entity/Q1084,noun,1
http://www.wikidata.org/entity/L448242,touro,http://www.wikidata.org/entity/Q1084,noun,1
http://www.wikidata.org/entity/L448243,clitóris,http://www.wikidata.org/entity/Q1084,noun,1
http://www.wikidata.org/entity/L448244,cajueiro,http://www.wikidata.org/entity/Q1084,noun,1
http://www.wikidata.org/entity/L448273,absorvente,http://www.wikidata.org/entity/Q1084,noun,1
http://www.wikidata.org/entity/L448274,acordeão,http://www.wikidata.org/entity/Q1084,noun,1
http://www.wikidata.org/entity/L448278,débito,http://www.wikidata.org/entity/Q1084,noun,1
http://www.wikidata.org/entity/L448280,gramado,http://www.wikidata.org/entity/Q1084,noun,1
http://www.wikidata.org/entity/L448281,garimpo,http://www.wikidata.org/entity/Q1084,noun,1
http://www.wikidata.org/entity/L448282,garimpeiro,http://www.wikidata.org/entity/Q1084,noun,1
http://www.wikidata.org/entity/L448283,grão,http://www.wikidata.org/entity/Q1084,noun,1
http://www.wikidata.org/entity/L448284,guache,http://www.wikidata.org/entity/Q1084,noun,1
http://www.wikidata.org/entity/L448285,cacho,http://www.wikidata.org/entity/Q1084,noun,1
http://www.wikidata.org/entity/L448286,guri,http://www.wikidata.org/entity/Q1084,noun,1
http://www.wikidata.org/entity/L448287,hambúrguer,http://www.wikidata.org/entity/Q1084,noun,1
http://www.wikidata.org/entity/L493234,internato,http://www.wikidata.org/entity/Q1084,noun,1
http://www.wikidata.org/entity/L493235,graveto,http://www.wikidata.org/entity/Q1084,noun,1
http://www.wikidata.org/entity/L479604,antibiótico,http://www.wikidata.org/entity/Q34698,adjective,1
http://www.wikidata.org/entity/L479882,voltar,http://www.wikidata.org/entity/Q24905,verb,1
http://www.wikidata.org/entity/L479883,precisar,http://www.wikidata.org/entity/Q24905,verb,1
http://www.wikidata.org/entity/L479884,continuar,http://www.wikidata.org/entity/Q24905,verb,1
http://www.wikidata.org/entity/L479896,mostrar,http://www.wikidata.org/entity/Q24905,verb,1
http://www.wikidata.org/entity/L480192,antropocêntrico,http://www.wikidata.org/entity/Q34698,adjective,1
http://www.wikidata.org/entity/L480193,antropófago,http://www.wikidata.org/entity/Q34698,adjective,1
http://www.wikidata.org/entity/L480194,antropomórfico,http://www.wikidata.org/entity/Q34698,adjective,1
http://www.wikidata.org/entity/L480197,anuro,http://www.wikidata.org/entity/Q34698,adjective,1
http://www.wikidata.org/entity/L480984,meu,http://www.wikidata.org/entity/Q36224,pronoun,1
http://www.wikidata.org/entity/L480992,teu,http://www.wikidata.org/entity/Q36224,pronoun,1
http://www.wikidata.org/entity/L481770,computador,http://www.wikidata.org/entity/Q1084,noun,1
http://www.wikidata.org/entity/L496176,gelado,http://www.wikidata.org/entity/Q1084,noun,1
http://www.wikidata.org/entity/L503954,anatómico,http://www.wikidata.org/entity/Q34698,adjective,1
http://www.wikidata.org/entity/L593747,inglês,http://www.wikidata.org/entity/Q34698,adjective,1
http://www.wikidata.org/entity/L662253,brasileiro,http://www.wikidata.org/entity/Q34698,adjective,1
http://www.wikidata.org/entity/L995106,-ico,http://www.wikidata.org/entity/Q102047,suffix,1
http://www.wikidata.org/entity/L483557,apavorado,http://www.wikidata.org/entity/Q34698,adjective,1
http://www.wikidata.org/entity/L483558,apedrejado,http://www.wikidata.org/entity/Q34698,adjective,1
http://www.wikidata.org/entity/L483562,apetitoso,http://www.wikidata.org/entity/Q34698,adjective,1
http://www.wikidata.org/entity/L483563,apimentado,http://www.wikidata.org/entity/Q34698,adjective,1
http://www.wikidata.org/entity/L485092,caixa-d'água,http://www.wikidata.org/entity/Q1084,noun,1
http://www.wikidata.org/entity/L485093,caixa,http://www.wikidata.org/entity/Q1084,noun,1
http://www.wikidata.org/entity/L486106,castelo d'água,http://www.wikidata.org/entity/Q1084,noun,1
http://www.wikidata.org/entity/L489490,narciso,http://www.wikidata.org/entity/Q1084,noun,1
http://www.wikidata.org/entity/L490519,inconstitucionalissimamente,http://www.wikidata.org/entity/Q380057,adverb,1
http://www.wikidata.org/entity/L490522,inconstitucional,http://www.wikidata.org/entity/Q34698,adjective,1
http://www.wikidata.org/entity/L490526,-mente,http://www.wikidata.org/entity/Q102047,suffix,1
http://www.wikidata.org/entity/L491664,tu,http://www.wikidata.org/entity/Q468801,personal pronoun,1
http://www.wikidata.org/entity/L492444,algum,http://www.wikidata.org/entity/Q36224,pronoun,1
http://www.wikidata.org/entity/L493197,calo,http://www.wikidata.org/entity/Q1084,noun,1
http://www.wikidata.org/entity/L493198,robô,http://www.wikidata.org/entity/Q1084,noun,1
http://www.wikidata.org/entity/L493199,marulho,http://www.wikidata.org/entity/Q1084,noun,1
http://www.wikidata.org/entity/L493200,choque,http://www.wikidata.org/entity/Q1084,noun,1
http://www.wikidata.org/entity/L493201,batimento,http://www.wikidata.org/entity/Q1084,noun,1
http://www.wikidata.org/entity/L493202,músculo,http://www.wikidata.org/entity/Q1084,noun,1
http://www.wikidata.org/entity/L493203,útero,http://www.wikidata.org/entity/Q1084,noun,1
http://www.wikidata.org/entity/L493204,ovário,http://www.wikidata.org/entity/Q1084,noun,1
http://www.wikidata.org/entity/L493206,crânio,http://www.wikidata.org/entity/Q1084,noun,1
http://www.wikidata.org/entity/L493207,tornozelo,http://www.wikidata.org/entity/Q1084,noun,1
http://www.wikidata.org/entity/L493208,tifo,http://www.wikidata.org/entity/Q1084,noun,1
http://www.wikidata.org/entity/L493209,brônquio,http://www.wikidata.org/entity/Q1084,noun,1
http://www.wikidata.org/entity/L493210,dano,http://www.wikidata.org/entity/Q1084,noun,1
http://www.wikidata.org/entity/L493213,papiro,http://www.wikidata.org/entity/Q1084,noun,1
http://www.wikidata.org/entity/L493214,súdito,http://www.wikidata.org/entity/Q1084,noun,1
http://www.wikidata.org/entity/L493215,sobretudo,http://www.wikidata.org/entity/Q1084,noun,1
http://www.wikidata.org/entity/L493220,querubim,http://www.wikidata.org/entity/Q1084,noun,1
http://www.wikidata.org/entity/L493221,fratricida,http://www.wikidata.org/entity/Q1084,noun,1
http://www.wikidata.org/entity/L493222,assaltante,http://www.wikidata.org/entity/Q1084,noun,1
http://www.wikidata.org/entity/L493223,decoro,http://www.wikidata.org/entity/Q1084,noun,1
http://www.wikidata.org/entity/L493224,sinônimo,http://www.wikidata.org/entity/Q1084,noun,1
http://www.wikidata.org/entity/L493225,subdomínio,http://www.wikidata.org/entity/Q1084,noun,1
http://www.wikidata.org/entity/L493227,pictograma,http://www.wikidata.org/entity/Q1084,noun,1
http://www.wikidata.org/entity/L493229,treinamento,http://www.wikidata.org/entity/Q1084,noun,1
http://www.wikidata.org/entity/L493230,vigor,http://www.wikidata.org/entity/Q1084,noun,1
http://www.wikidata.org/entity/L493231,sintoma,http://www.wikidata.org/entity/Q1084,noun,1
http://www.wikidata.org/entity/L662271,independente,http://www.wikidata.org/entity/Q34698,adjective,1
http://www.wikidata.org/entity/L662272,pessoal,http://www.wikidata.org/entity/Q34698,adjective,1
http://www.wikidata.org/entity/L662273,semelhante,http://www.wikidata.org/entity/Q34698,adjective,1
http://www.wikidata.org/entity/L662274,italiano,http://www.wikidata.org/entity/Q34698,adjective,1
http://www.wikidata.org/entity/L662275,imperial,http://www.wikidata.org/entity/Q34698,adjective,1
http://www.wikidata.org/entity/L662276,regional,http://www.wikidata.org/entity/Q34698,adjective,1
http://www.wikidata.org/entity/L662277,oriental,http://www.wikidata.org/entity/Q34698,adjective,1
http://www.wikidata.org/entity/L662281,industrial,http://www.wikidata.org/entity/Q34698,adjective,1
http://www.wikidata.org/entity/L662282,engenharia,http://www.wikidata.org/entity/Q1084,noun,1
http://www.wikidata.org/entity/L662283,troca,http://www.wikidata.org/entity/Q1084,noun,1
http://www.wikidata.org/entity/L662284,digital,http://www.wikidata.org/entity/Q34698,adjective,1
http://www.wikidata.org/entity/L662285,suficiente,http://www.wikidata.org/entity/Q34698,adjective,1
http://www.wikidata.org/entity/L662287,fundamental,http://www.wikidata.org/entity/Q34698,adjective,1
http://www.wikidata.org/entity/L662288,etapa,http://www.wikidata.org/entity/Q1084,noun,1
http://www.wikidata.org/entity/L662290,universal,http://www.wikidata.org/entity/Q34698,adjective,1
http://www.wikidata.org/entity/L662291,liderança,http://www.wikidata.org/entity/Q1084,noun,1
http://www.wikidata.org/entity/L662295,normal,http://www.wikidata.org/entity/Q34698,adjective,1
http://www.wikidata.org/entity/L662296,diferença,http://www.wikidata.org/entity/Q1084,noun,1
http://www.wikidata.org/entity/L662297,completo,http://www.wikidata.org/entity/Q34698,adjective,1
http://www.wikidata.org/entity/L662299,constante,http://www.wikidata.org/entity/Q34698,adjective,1
http://www.wikidata.org/entity/L662335,visita,http://www.wikidata.org/entity/Q1084,noun,1
http://www.wikidata.org/entity/L662370,corrente,http://www.wikidata.org/entity/Q34698,adjective,1
http://www.wikidata.org/entity/L662392,anual,http://www.wikidata.org/entity/Q34698,adjective,1
http://www.wikidata.org/entity/L662415,casado,http://www.wikidata.org/entity/Q34698,adjective,1
http://www.wikidata.org/entity/L662417,representante,http://www.wikidata.org/entity/Q34698,adjective,1
http://www.wikidata.org/entity/L662419,rural,http://www.wikidata.org/entity/Q34698,adjective,1
http://www.wikidata.org/entity/L662420,eleitoral,http://www.wikidata.org/entity/Q34698,adjective,1
http://www.wikidata.org/entity/L662421,mistura,http://www.wikidata.org/entity/Q1084,noun,1
http://www.wikidata.org/entity/L662546,existente,http://www.wikidata.org/entity/Q34698,adjective,1
http://www.wikidata.org/entity/L662547,esperança,http://www.wikidata.org/entity/Q1084,noun,1
http://www.wikidata.org/entity/L662551,térmico,http://www.wikidata.org/entity/Q34698,adjective,1
http://www.wikidata.org/entity/L662554,cadela,http://www.wikidata.org/entity/Q1084,noun,1
http://www.wikidata.org/entity/L662600,utilidade,http://www.wikidata.org/entity/Q1084,noun,1
http://www.wikidata.org/entity/L662601,protótipo,http://www.wikidata.org/entity/Q1084,noun,1
http://www.wikidata.org/entity/L662602,protozoário,http://www.wikidata.org/entity/Q1084,noun,1
http://www.wikidata.org/entity/L662603,plural,http://www.wikidata.org/entity/Q34698,adjective,1
http://www.wikidata.org/entity/L662605,alívio,http://www.wikidata.org/entity/Q1084,noun,1
http://www.wikidata.org/entity/L662606,personalidade,http://www.wikidata.org/entity/Q1084,noun,1
http://www.wikidata.org/entity/L662607,uruguaio,http://www.wikidata.org/entity/Q34698,adjective,1
http://www.wikidata.org/entity/L662609,sergipano,http://www.wikidata.org/entity/Q34698,adjective,1
http://www.wikidata.org/entity/L662611,névoa,http://www.wikidata.org/entity/Q1084,noun,1
http://www.wikidata.org/entity/L662612,colonial,http://www.wikidata.org/entity/Q34698,adjective,1
http://www.wikidata.org/entity/L662614,topografia,http://www.wikidata.org/entity/Q1084,noun,1
http://www.wikidata.org/entity/L662615,urbanização,http://www.wikidata.org/entity/Q1084,noun,1
http://www.wikidata.org/entity/L662616,externo,http://www.wikidata.org/entity/Q34698,adjective,1
http://www.wikidata.org/entity/L662617,feriado,http://www.wikidata.org/entity/Q1084,noun,1
http://www.wikidata.org/entity/L662618,etimológico,http://www.wikidata.org/entity/Q34698,adjective,1
http://www.wikidata.org/entity/L662625,autonomia,http://www.wikidata.org/entity/Q1084,noun,1
http://www.wikidata.org/entity/L662628,dicotomia,http://www.wikidata.org/entity/Q1084,noun,1
http://www.wikidata.org/entity/L662629,juramento,http://www.wikidata.org/entity/Q1084,noun,1
http://www.wikidata.org/entity/L662630,regente,http://www.wikidata.org/entity/Q34698,adjective,1
http://www.wikidata.org/entity/L662631,absolutista,http://www.wikidata.org/entity/Q34698,adjective,1
http://www.wikidata.org/entity/L662632,vitorioso,http://www.wikidata.org/entity/Q34698,adjective,1
http://www.wikidata.org/entity/L662633,audiodescrição,http://www.wikidata.org/entity/Q1084,noun,1
http://www.wikidata.org/entity/L662634,republicano,http://www.wikidata.org/entity/Q34698,adjective,1
http://www.wikidata.org/entity/L662637,sazonal,http://www.wikidata.org/entity/Q34698,adjective,1
http://www.wikidata.org/entity/L662638,biodiversidade,http://www.wikidata.org/entity/Q1084,noun,1
http://www.wikidata.org/entity/L662640,estatística,http://www.wikidata.org/entity/Q1084,noun,1
http://www.wikidata.org/entity/L662643,étnico,http://www.wikidata.org/entity/Q34698,adjective,1
http://www.wikidata.org/entity/L662645,emigrante,http://www.wikidata.org/entity/Q34698,adjective,1
http://www.wikidata.org/entity/L662646,navegante,http://www.wikidata.org/entity/Q34698,adjective,1
http://www.wikidata.org/entity/L662649,fonologia,http://www.wikidata.org/entity/Q1084,noun,1
http://www.wikidata.org/entity/L662650,minoritário,http://www.wikidata.org/entity/Q34698,adjective,1
http://www.wikidata.org/entity/L662651,majoritário,http://www.wikidata.org/entity/Q34698,adjective,1
http://www.wikidata.org/entity/L662653,carcerário,http://www.wikidata.org/entity/Q34698,adjective,1
http://www.wikidata.org/entity/L663190,comunitário,http://www.wikidata.org/entity/Q34698,adjective,1
http://www.wikidata.org/entity/L663725,quando,http://www.wikidata.org/entity/Q36484,conjunction,1
http://www.wikidata.org/entity/L663729,quando,http://www.wikidata.org/entity/Q36224,pronoun,1
http://www.wikidata.org/entity/L448469,poluição,http://www.wikidata.org/entity/Q1084,noun,1
http://www.wikidata.org/entity/L448470,prestação,http://www.wikidata.org/entity/Q1084,noun,1
http://www.wikidata.org/entity/L448291,hospício,http://www.wikidata.org/entity/Q1084,noun,1
http://www.wikidata.org/entity/L448292,humano,http://www.wikidata.org/entity/Q1084,noun,1
http://www.wikidata.org/entity/L448294,tumor,http://www.wikidata.org/entity/Q1084,noun,1
http://www.wikidata.org/entity/L448297,autor,http://www.wikidata.org/entity/Q1084,noun,1
http://www.wikidata.org/entity/L448300,problema,http://www.wikidata.org/entity/Q1084,noun,1
http://www.wikidata.org/entity/L448302,proposta,http://www.wikidata.org/entity/Q1084,noun,1
http://www.wikidata.org/entity/L448307,vestibular,http://www.wikidata.org/entity/Q1084,noun,1
http://www.wikidata.org/entity/L448381,arara,http://www.wikidata.org/entity/Q1084,noun,1
http://www.wikidata.org/entity/L448382,cegonha,http://www.wikidata.org/entity/Q1084,noun,1
http://www.wikidata.org/entity/L448383,coruja,http://www.wikidata.org/entity/Q1084,noun,1
http://www.wikidata.org/entity/L448384,ema,http://www.wikidata.org/entity/Q1084,noun,1
http://www.wikidata.org/entity/L448385,gaivota,http://www.wikidata.org/entity/Q1084,noun,1
http://www.wikidata.org/entity/L448386,seriema,http://www.wikidata.org/entity/Q1084,noun,1
http://www.wikidata.org/entity/L448387,arraia,http://www.wikidata.org/entity/Q1084,noun,1
http://www.wikidata.org/entity/L448388,carpa,http://www.wikidata.org/entity/Q1084,noun,1
http://www.wikidata.org/entity/L448389,garoupa,http://www.wikidata.org/entity/Q1084,noun,1
http://www.wikidata.org/entity/L448390,jamanta,http://www.wikidata.org/entity/Q1084,noun,1
http://www.wikidata.org/entity/L448392,iguana,http://www.wikidata.org/entity/Q1084,noun,1
http://www.wikidata.org/entity/L448393,jararaca,http://www.wikidata.org/entity/Q1084,noun,1
http://www.wikidata.org/entity/L448394,lagartixa,http://www.wikidata.org/entity/Q1084,noun,1
http://www.wikidata.org/entity/L448395,naja,http://www.wikidata.org/entity/Q1084,noun,1
http://www.wikidata.org/entity/L448396,anta,http://www.wikidata.org/entity/Q1084,noun,1
http://www.wikidata.org/entity/L448397,jaguatirica,http://www.wikidata.org/entity/Q1084,noun,1
http://www.wikidata.org/entity/L448399,toupeira,http://www.wikidata.org/entity/Q1084,noun,1
http://www.wikidata.org/entity/L448400,vespa,http://www.wikidata.org/entity/Q1084,noun,1
http://www.wikidata.org/entity/L448401,acelga,http://www.wikidata.org/entity/Q1084,noun,1
http://www.wikidata.org/entity/L448402,magnólia,http://www.wikidata.org/entity/Q1084,noun,1
http://www.wikidata.org/entity/L448403,margarida,http://www.wikidata.org/entity/Q1084,noun,1
http://www.wikidata.org/entity/L448404,orquídea,http://www.wikidata.org/entity/Q1084,noun,1
http://www.wikidata.org/entity/L448405,rosa,http://www.wikidata.org/entity/Q1084,noun,1
http://www.wikidata.org/entity/L448406,violeta,http://www.wikidata.org/entity/Q1084,noun,1
http://www.wikidata.org/entity/L448408,maçã,http://www.wikidata.org/entity/Q1084,noun,1
http://www.wikidata.org/entity/L448409,melancia,http://www.wikidata.org/entity/Q1084,noun,1
http://www.wikidata.org/entity/L448410,uva,http://www.wikidata.org/entity/Q1084,noun,1
http://www.wikidata.org/entity/L448413,harpa,http://www.wikidata.org/entity/Q1084,noun,1
http://www.wikidata.org/entity/L448414,lira,http://www.wikidata.org/entity/Q1084,noun,1
http://www.wikidata.org/entity/L448415,zabumba,http://www.wikidata.org/entity/Q1084,noun,1
http://www.wikidata.org/entity/L448416,ampulheta,http://www.wikidata.org/entity/Q1084,noun,1
http://www.wikidata.org/entity/L448417,trena,http://www.wikidata.org/entity/Q1084,noun,1
http://www.wikidata.org/entity/L448418,barca,http://www.wikidata.org/entity/Q1084,noun,1
http://www.wikidata.org/entity/L448419,foice,http://www.wikidata.org/entity/Q1084,noun,1
http://www.wikidata.org/entity/L448421,marreta,http://www.wikidata.org/entity/Q1084,noun,1
http://www.wikidata.org/entity/L448423,plaina,http://www.wikidata.org/entity/Q1084,noun,1
http://www.wikidata.org/entity/L448425,evolução,http://www.wikidata.org/entity/Q1084,noun,1
http://www.wikidata.org/entity/L448426,peteca,http://www.wikidata.org/entity/Q1084,noun,1
http://www.wikidata.org/entity/L448427,página,http://www.wikidata.org/entity/Q1084,noun,1
http://www.wikidata.org/entity/L448428,chaleira,http://www.wikidata.org/entity/Q1084,noun,1
http://www.wikidata.org/entity/L448429,chapinha,http://www.wikidata.org/entity/Q1084,noun,1
http://www.wikidata.org/entity/L448430,ciranda,http://www.wikidata.org/entity/Q1084,noun,1
http://www.wikidata.org/entity/L448433,coalhada,http://www.wikidata.org/entity/Q1084,noun,1
http://www.wikidata.org/entity/L448434,coleira,http://www.wikidata.org/entity/Q1084,noun,1
http://www.wikidata.org/entity/L448435,cólica,http://www.wikidata.org/entity/Q1084,noun,1
http://www.wikidata.org/entity/L448437,comparação,http://www.wikidata.org/entity/Q1084,noun,1
http://www.wikidata.org/entity/L448441,conferência,http://www.wikidata.org/entity/Q1084,noun,1
http://www.wikidata.org/entity/L448443,contagem,http://www.wikidata.org/entity/Q1084,noun,1
http://www.wikidata.org/entity/L448444,convulsão,http://www.wikidata.org/entity/Q1084,noun,1
http://www.wikidata.org/entity/L448445,corcunda,http://www.wikidata.org/entity/Q1084,noun,1
http://www.wikidata.org/entity/L448446,circuncisão,http://www.wikidata.org/entity/Q1084,noun,1
http://www.wikidata.org/entity/L448447,correnteza,http://www.wikidata.org/entity/Q1084,noun,1
http://www.wikidata.org/entity/L448450,crase,http://www.wikidata.org/entity/Q1084,noun,1
http://www.wikidata.org/entity/L448451,couraça,http://www.wikidata.org/entity/Q1084,noun,1
http://www.wikidata.org/entity/L448452,doca,http://www.wikidata.org/entity/Q1084,noun,1
http://www.wikidata.org/entity/L448453,dose,http://www.wikidata.org/entity/Q1084,noun,1
http://www.wikidata.org/entity/L448455,doutrina,http://www.wikidata.org/entity/Q1084,noun,1
http://www.wikidata.org/entity/L448456,fortuna,http://www.wikidata.org/entity/Q1084,noun,1
http://www.wikidata.org/entity/L448458,cena,http://www.wikidata.org/entity/Q1084,noun,1
http://www.wikidata.org/entity/L448460,erva,http://www.wikidata.org/entity/Q1084,noun,1
http://www.wikidata.org/entity/L448461,espádua,http://www.wikidata.org/entity/Q1084,noun,1
http://www.wikidata.org/entity/L448463,espuma,http://www.wikidata.org/entity/Q1084,noun,1
http://www.wikidata.org/entity/L448465,pinta,http://www.wikidata.org/entity/Q1084,noun,1
http://www.wikidata.org/entity/L448466,pitada,http://www.wikidata.org/entity/Q1084,noun,1
http://www.wikidata.org/entity/L448467,plebe,http://www.wikidata.org/entity/Q1084,noun,1
http://www.wikidata.org/entity/L448468,plumagem,http://www.wikidata.org/entity/Q1084,noun,1
http://www.wikidata.org/entity/L499912,divisa,http://www.wikidata.org/entity/Q1084,noun,1
http://www.wikidata.org/entity/L493238,predicado,http://www.wikidata.org/entity/Q1084,noun,1
http://www.wikidata.org/entity/L493239,verbo,http://www.wikidata.org/entity/Q1084,noun,1
http://www.wikidata.org/entity/L493240,tormento,http://www.wikidata.org/entity/Q1084,noun,1
http://www.wikidata.org/entity/L493241,atordoamento,http://www.wikidata.org/entity/Q1084,noun,1
http://www.wikidata.org/entity/L493242,arredondamento,http://www.wikidata.org/entity/Q1084,noun,1
http://www.wikidata.org/entity/L493244,citoplasma,http://www.wikidata.org/entity/Q1084,noun,1
http://www.wikidata.org/entity/L493245,centríolo,http://www.wikidata.org/entity/Q1084,noun,1
http://www.wikidata.org/entity/L493246,paraplégico,http://www.wikidata.org/entity/Q1084,noun,1
http://www.wikidata.org/entity/L493249,regulamento,http://www.wikidata.org/entity/Q1084,noun,1
http://www.wikidata.org/entity/L493251,servente,http://www.wikidata.org/entity/Q1084,noun,1
http://www.wikidata.org/entity/L493252,desconto,http://www.wikidata.org/entity/Q1084,noun,1
http://www.wikidata.org/entity/L493253,titânio,http://www.wikidata.org/entity/Q1084,noun,1
http://www.wikidata.org/entity/L493254,cobre,http://www.wikidata.org/entity/Q1084,noun,1
http://www.wikidata.org/entity/L493255,trinco,http://www.wikidata.org/entity/Q1084,noun,1
http://www.wikidata.org/entity/L493259,prospeção,http://www.wikidata.org/entity/Q1084,noun,1
http://www.wikidata.org/entity/L494112,chamado,http://www.wikidata.org/entity/Q34698,adjective,1
http://www.wikidata.org/entity/L494114,considerado,http://www.wikidata.org/entity/Q34698,adjective,1
http://www.wikidata.org/entity/L494117,relacionado,http://www.wikidata.org/entity/Q34698,adjective,1
http://www.wikidata.org/entity/L494123,localizado,http://www.wikidata.org/entity/Q34698,adjective,1
http://www.wikidata.org/entity/L494125,construído,http://www.wikidata.org/entity/Q34698,adjective,1
http://www.wikidata.org/entity/L494127,disputado,http://www.wikidata.org/entity/Q34698,adjective,1
http://www.wikidata.org/entity/L494128,tratado,http://www.wikidata.org/entity/Q34698,adjective,1
http://www.wikidata.org/entity/L494131,intitulado,http://www.wikidata.org/entity/Q34698,adjective,1
http://www.wikidata.org/entity/L494132,encontrado,http://www.wikidata.org/entity/Q34698,adjective,1
http://www.wikidata.org/entity/L494134,dirigido,http://www.wikidata.org/entity/Q34698,adjective,1
http://www.wikidata.org/entity/L494186,hipopotomonstrosesquipedaliofobia,http://www.wikidata.org/entity/Q1084,noun,1
http://www.wikidata.org/entity/L494345,extremamente,http://www.wikidata.org/entity/Q380057,adverb,1
http://www.wikidata.org/entity/L494565,alto,http://www.wikidata.org/entity/Q34698,adjective,1
http://www.wikidata.org/entity/L494601,particularmente,http://www.wikidata.org/entity/Q380057,adverb,1
http://www.wikidata.org/entity/L494831,especialmente,http://www.wikidata.org/entity/Q380057,adverb,1
http://www.wikidata.org/entity/L496177,calafrio,http://www.wikidata.org/entity/Q1084,noun,1
http://www.wikidata.org/entity/L497160,seguro,http://www.wikidata.org/entity/Q1084,noun,1
http://www.wikidata.org/entity/L497161,ambiente,http://www.wikidata.org/entity/Q1084,noun,1
http://www.wikidata.org/entity/L497162,filhote,http://www.wikidata.org/entity/Q1084,noun,1
http://www.wikidata.org/entity/L497163,universo,http://www.wikidata.org/entity/Q1084,noun,1
http://www.wikidata.org/entity/L497165,pólen,http://www.wikidata.org/entity/Q1084,noun,1
http://www.wikidata.org/entity/L497166,mamífero,http://www.wikidata.org/entity/Q1084,noun,1
http://www.wikidata.org/entity/L497167,cetáceo,http://www.wikidata.org/entity/Q1084,noun,1
http://www.wikidata.org/entity/L497168,primata,http://www.wikidata.org/entity/Q1084,noun,1
http://www.wikidata.org/entity/L497170,relato,http://www.wikidata.org/entity/Q1084,noun,1
http://www.wikidata.org/entity/L497174,departamento,http://www.wikidata.org/entity/Q1084,noun,1
http://www.wikidata.org/entity/L497177,percevejo,http://www.wikidata.org/entity/Q1084,noun,1
http://www.wikidata.org/entity/L497179,carrapicho,http://www.wikidata.org/entity/Q1084,noun,1
http://www.wikidata.org/entity/L497180,sanatório,http://www.wikidata.org/entity/Q1084,noun,1
http://www.wikidata.org/entity/L497181,sepulcro,http://www.wikidata.org/entity/Q1084,noun,1
http://www.wikidata.org/entity/L497183,sul,http://www.wikidata.org/entity/Q1084,noun,1
http://www.wikidata.org/entity/L497188,trago,http://www.wikidata.org/entity/Q1084,noun,1
http://www.wikidata.org/entity/L497191,trato,http://www.wikidata.org/entity/Q1084,noun,1
http://www.wikidata.org/entity/L497193,trombo,http://www.wikidata.org/entity/Q1084,noun,1
http://www.wikidata.org/entity/L497194,ultraje,http://www.wikidata.org/entity/Q1084,noun,1
http://www.wikidata.org/entity/L497196,acúmulo,http://www.wikidata.org/entity/Q1084,noun,1
http://www.wikidata.org/entity/L497199,telejornal,http://www.wikidata.org/entity/Q1084,noun,1
http://www.wikidata.org/entity/L497200,telégrafo,http://www.wikidata.org/entity/Q1084,noun,1
http://www.wikidata.org/entity/L499909,atração,http://www.wikidata.org/entity/Q1084,noun,1
http://www.wikidata.org/entity/L499910,atenção,http://www.wikidata.org/entity/Q1084,noun,1
http://www.wikidata.org/entity/L500623,província,http://www.wikidata.org/entity/Q1084,noun,1
http://www.wikidata.org/entity/L500624,espécie,http://www.wikidata.org/entity/Q1084,noun,1
http://www.wikidata.org/entity/L500625,rua,http://www.wikidata.org/entity/Q1084,noun,1
http://www.wikidata.org/entity/L500627,partida,http://www.wikidata.org/entity/Q1084,noun,1
http://www.wikidata.org/entity/L499915,mutilação,http://www.wikidata.org/entity/Q1084,noun,1
http://www.wikidata.org/entity/L499916,moringa,http://www.wikidata.org/entity/Q1084,noun,1
http://www.wikidata.org/entity/L499918,moral,http://www.wikidata.org/entity/Q1084,noun,1
http://www.wikidata.org/entity/L499919,morfina,http://www.wikidata.org/entity/Q1084,noun,1
http://www.wikidata.org/entity/L499920,modéstia,http://www.wikidata.org/entity/Q1084,noun,1
http://www.wikidata.org/entity/L499923,livraria,http://www.wikidata.org/entity/Q1084,noun,1
http://www.wikidata.org/entity/L499924,lisonja,http://www.wikidata.org/entity/Q1084,noun,1
http://www.wikidata.org/entity/L499926,fuligem,http://www.wikidata.org/entity/Q1084,noun,1
http://www.wikidata.org/entity/L499931,crisálida,http://www.wikidata.org/entity/Q1084,noun,1
http://www.wikidata.org/entity/L499933,cozedura,http://www.wikidata.org/entity/Q1084,noun,1
http://www.wikidata.org/entity/L499936,chicotada,http://www.wikidata.org/entity/Q1084,noun,1
http://www.wikidata.org/entity/L499937,enxurrada,http://www.wikidata.org/entity/Q1084,noun,1
http://www.wikidata.org/entity/L499940,lomba,http://www.wikidata.org/entity/Q1084,noun,1
http://www.wikidata.org/entity/L499944,camareira,http://www.wikidata.org/entity/Q1084,noun,1
http://www.wikidata.org/entity/L499946,butique,http://www.wikidata.org/entity/Q1084,noun,1
http://www.wikidata.org/entity/L499948,bolota,http://www.wikidata.org/entity/Q1084,noun,1
http://www.wikidata.org/entity/L499953,bigamia,http://www.wikidata.org/entity/Q1084,noun,1
http://www.wikidata.org/entity/L499954,autocracia,http://www.wikidata.org/entity/Q1084,noun,1
http://www.wikidata.org/entity/L499956,retidão,http://www.wikidata.org/entity/Q1084,noun,1
http://www.wikidata.org/entity/L499957,queixada,http://www.wikidata.org/entity/Q1084,noun,1
http://www.wikidata.org/entity/L499959,queimação,http://www.wikidata.org/entity/Q1084,noun,1
http://www.wikidata.org/entity/L499960,quermesse,http://www.wikidata.org/entity/Q1084,noun,1
http://www.wikidata.org/entity/L499961,quimera,http://www.wikidata.org/entity/Q1084,noun,1
http://www.wikidata.org/entity/L499962,querela,http://www.wikidata.org/entity/Q1084,noun,1
http://www.wikidata.org/entity/L499963,quentinha,http://www.wikidata.org/entity/Q1084,noun,1
http://www.wikidata.org/entity/L499966,saca,http://www.wikidata.org/entity/Q1084,noun,1
http://www.wikidata.org/entity/L499967,sacada,http://www.wikidata.org/entity/Q1084,noun,1
http://www.wikidata.org/entity/L499968,sarjeta,http://www.wikidata.org/entity/Q1084,noun,1
http://www.wikidata.org/entity/L499971,sinfonia,http://www.wikidata.org/entity/Q1084,noun,1
http://www.wikidata.org/entity/L499972,uremia,http://www.wikidata.org/entity/Q1084,noun,1
http://www.wikidata.org/entity/L499974,túnica,http://www.wikidata.org/entity/Q1084,noun,1
http://www.wikidata.org/entity/L499976,pereira,http://www.wikidata.org/entity/Q1084,noun,1
http://www.wikidata.org/entity/L499978,queimada,http://www.wikidata.org/entity/Q1084,noun,1
http://www.wikidata.org/entity/L499979,trepadeira,http://www.wikidata.org/entity/Q1084,noun,1
http://www.wikidata.org/entity/L500009,Estado,http://www.wikidata.org/entity/Q1084,noun,1
http://www.wikidata.org/entity/L500579,brilhância,http://www.wikidata.org/entity/Q1084,noun,1
http://www.wikidata.org/entity/L500580,luminância,http://www.wikidata.org/entity/Q1084,noun,1
http://www.wikidata.org/entity/L500592,empresa,http://www.wikidata.org/entity/Q1084,noun,1
http://www.wikidata.org/entity/L500593,versão,http://www.wikidata.org/entity/Q1084,noun,1
http://www.wikidata.org/entity/L500594,copa,http://www.wikidata.org/entity/Q1084,noun,1
http://www.wikidata.org/entity/L500596,ilha,http://www.wikidata.org/entity/Q1084,noun,1
http://www.wikidata.org/entity/L500598,edição,http://www.wikidata.org/entity/Q1084,noun,1
http://www.wikidata.org/entity/L500599,origem,http://www.wikidata.org/entity/Q1084,noun,1
http://www.wikidata.org/entity/L500601,fase,http://www.wikidata.org/entity/Q1084,noun,1
http://www.wikidata.org/entity/L500602,força,http://www.wikidata.org/entity/Q1084,noun,1
http://www.wikidata.org/entity/L500605,república,http://www.wikidata.org/entity/Q1084,noun,1
http://www.wikidata.org/entity/L500606,cultura,http://www.wikidata.org/entity/Q1084,noun,1
http://www.wikidata.org/entity/L500607,revista,http://www.wikidata.org/entity/Q1084,noun,1
http://www.wikidata.org/entity/L500608,vila,http://www.wikidata.org/entity/Q1084,noun,1
http://www.wikidata.org/entity/L500610,união,http://www.wikidata.org/entity/Q1084,noun,1
http://www.wikidata.org/entity/L500611,batalha,http://www.wikidata.org/entity/Q1084,noun,1
http://www.wikidata.org/entity/L500613,costa,http://www.wikidata.org/entity/Q1084,noun,1
http://www.wikidata.org/entity/L500618,participação,http://www.wikidata.org/entity/Q1084,noun,1
http://www.wikidata.org/entity/L500619,campanha,http://www.wikidata.org/entity/Q1084,noun,1
http://www.wikidata.org/entity/L500620,câmara,http://www.wikidata.org/entity/Q1084,noun,1
http://www.wikidata.org/entity/L500621,localidade,http://www.wikidata.org/entity/Q1084,noun,1
http://www.wikidata.org/entity/L669677,infiltrar,http://www.wikidata.org/entity/Q24905,verb,1
http://www.wikidata.org/entity/L988741,diversidade,http://www.wikidata.org/entity/Q1084,noun,1
http://www.wikidata.org/entity/L664572,preto,http://www.wikidata.org/entity/Q34698,adjective,1
http://www.wikidata.org/entity/L664575,colocação,http://www.wikidata.org/entity/Q1084,noun,1
http://www.wikidata.org/entity/L664577,utilização,http://www.wikidata.org/entity/Q1084,noun,1
http://www.wikidata.org/entity/L664580,oportunidade,http://www.wikidata.org/entity/Q1084,noun,1
http://www.wikidata.org/entity/L664584,camisa,http://www.wikidata.org/entity/Q1084,noun,1
http://www.wikidata.org/entity/L664585,julgamento,http://www.wikidata.org/entity/Q1084,noun,1
http://www.wikidata.org/entity/L664586,visual,http://www.wikidata.org/entity/Q34698,adjective,1
http://www.wikidata.org/entity/L664587,inteligência,http://www.wikidata.org/entity/Q1084,noun,1
http://www.wikidata.org/entity/L664590,aparência,http://www.wikidata.org/entity/Q1084,noun,1
http://www.wikidata.org/entity/L664591,medo,http://www.wikidata.org/entity/Q1084,noun,1
http://www.wikidata.org/entity/L664592,cavalaria,http://www.wikidata.org/entity/Q1084,noun,1
http://www.wikidata.org/entity/L664595,beleza,http://www.wikidata.org/entity/Q1084,noun,1
http://www.wikidata.org/entity/L664597,animação,http://www.wikidata.org/entity/Q1084,noun,1
http://www.wikidata.org/entity/L664600,raça,http://www.wikidata.org/entity/Q1084,noun,1
http://www.wikidata.org/entity/L664601,caça,http://www.wikidata.org/entity/Q1084,noun,1
http://www.wikidata.org/entity/L664602,alteração,http://www.wikidata.org/entity/Q1084,noun,1
http://www.wikidata.org/entity/L664603,resolução,http://www.wikidata.org/entity/Q1084,noun,1
http://www.wikidata.org/entity/L664605,conclusão,http://www.wikidata.org/entity/Q1084,noun,1
http://www.wikidata.org/entity/L664606,ausência,http://www.wikidata.org/entity/Q1084,noun,1
http://www.wikidata.org/entity/L664608,convento,http://www.wikidata.org/entity/Q1084,noun,1
http://www.wikidata.org/entity/L666225,a curiosidade matou o gato,http://www.wikidata.org/entity/Q35102,proverb,1
http://www.wikidata.org/entity/L667120,descartável,http://www.wikidata.org/entity/Q34698,adjective,1
http://www.wikidata.org/entity/L667122,enseada,http://www.wikidata.org/entity/Q1084,noun,1
http://www.wikidata.org/entity/L667130,vontade,http://www.wikidata.org/entity/Q1084,noun,1
http://www.wikidata.org/entity/L667138,existir,http://www.wikidata.org/entity/Q24905,verb,1
http://www.wikidata.org/entity/L667139,decidir,http://www.wikidata.org/entity/Q24905,verb,1
http://www.wikidata.org/entity/L667140,assumir,http://www.wikidata.org/entity/Q24905,verb,1
http://www.wikidata.org/entity/L667254,esgueirar,http://www.wikidata.org/entity/Q24905,verb,1
http://www.wikidata.org/entity/L669419,conservação,http://www.wikidata.org/entity/Q1084,noun,1
http://www.wikidata.org/entity/L669420,condensação,http://www.wikidata.org/entity/Q1084,noun,1
http://www.wikidata.org/entity/L669421,liquefação,http://www.wikidata.org/entity/Q1084,noun,1
http://www.wikidata.org/entity/L669423,direto,http://www.wikidata.org/entity/Q34698,adjective,1
http://www.wikidata.org/entity/L669428,amplo,http://www.wikidata.org/entity/Q34698,adjective,1
http://www.wikidata.org/entity/L669430,laboratório,http://www.wikidata.org/entity/Q1084,noun,1
http://www.wikidata.org/entity/L669434,transição,http://www.wikidata.org/entity/Q1084,noun,1
http://www.wikidata.org/entity/L669436,batista,http://www.wikidata.org/entity/Q34698,adjective,1
http://www.wikidata.org/entity/L669437,machado,http://www.wikidata.org/entity/Q1084,noun,1
http://www.wikidata.org/entity/L669438,prego,http://www.wikidata.org/entity/Q1084,noun,1
http://www.wikidata.org/entity/L669443,menino,http://www.wikidata.org/entity/Q1084,noun,1
http://www.wikidata.org/entity/L669474,chegar,http://www.wikidata.org/entity/Q24905,verb,1
http://www.wikidata.org/entity/L669475,odiar,http://www.wikidata.org/entity/Q24905,verb,1
http://www.wikidata.org/entity/L669477,coroar,http://www.wikidata.org/entity/Q24905,verb,1
http://www.wikidata.org/entity/L669481,trancar,http://www.wikidata.org/entity/Q24905,verb,1
http://www.wikidata.org/entity/L669484,lançar,http://www.wikidata.org/entity/Q24905,verb,1
http://www.wikidata.org/entity/L669555,consistir,http://www.wikidata.org/entity/Q24905,verb,1
http://www.wikidata.org/entity/L669556,assistir,http://www.wikidata.org/entity/Q24905,verb,1
http://www.wikidata.org/entity/L669646,onde,http://www.wikidata.org/entity/Q380057,adverb,1
http://www.wikidata.org/entity/L669652,onde,http://www.wikidata.org/entity/Q36224,pronoun,1
http://www.wikidata.org/entity/L669661,bactéria,http://www.wikidata.org/entity/Q1084,noun,1
http://www.wikidata.org/entity/L669662,berçário,http://www.wikidata.org/entity/Q1084,noun,1
http://www.wikidata.org/entity/L669664,microbiano,http://www.wikidata.org/entity/Q34698,adjective,1
http://www.wikidata.org/entity/L669665,meteorito,http://www.wikidata.org/entity/Q1084,noun,1
http://www.wikidata.org/entity/L669669,reprodução,http://www.wikidata.org/entity/Q1084,noun,1
http://www.wikidata.org/entity/L669676,ingressar,http://www.wikidata.org/entity/Q24905,verb,1
http://www.wikidata.org/entity/L669926,outorgar,http://www.wikidata.org/entity/Q24905,verb,1
http://www.wikidata.org/entity/L669679,inaugurar,http://www.wikidata.org/entity/Q24905,verb,1
http://www.wikidata.org/entity/L669680,gravar,http://www.wikidata.org/entity/Q24905,verb,1
http://www.wikidata.org/entity/L669682,revelar,http://www.wikidata.org/entity/Q24905,verb,1
http://www.wikidata.org/entity/L669683,reverter,http://www.wikidata.org/entity/Q24905,verb,1
http://www.wikidata.org/entity/L669684,revezar,http://www.wikidata.org/entity/Q24905,verb,1
http://www.wikidata.org/entity/L669690,popularizar,http://www.wikidata.org/entity/Q24905,verb,1
http://www.wikidata.org/entity/L669691,facilitar,http://www.wikidata.org/entity/Q24905,verb,1
http://www.wikidata.org/entity/L669693,cegar,http://www.wikidata.org/entity/Q24905,verb,1
http://www.wikidata.org/entity/L669694,celebrar,http://www.wikidata.org/entity/Q24905,verb,1
http://www.wikidata.org/entity/L669695,celebrizar,http://www.wikidata.org/entity/Q24905,verb,1
http://www.wikidata.org/entity/L669700,centralizar,http://www.wikidata.org/entity/Q24905,verb,1
http://www.wikidata.org/entity/L669701,perguntar,http://www.wikidata.org/entity/Q24905,verb,1
http://www.wikidata.org/entity/L669703,descrever,http://www.wikidata.org/entity/Q24905,verb,1
http://www.wikidata.org/entity/L669705,desembaraçar,http://www.wikidata.org/entity/Q24905,verb,1
http://www.wikidata.org/entity/L669706,desdenhar,http://www.wikidata.org/entity/Q24905,verb,1
http://www.wikidata.org/entity/L669707,desdobrar,http://www.wikidata.org/entity/Q24905,verb,1
http://www.wikidata.org/entity/L669708,forrar,http://www.wikidata.org/entity/Q24905,verb,1
http://www.wikidata.org/entity/L669710,subdividir,http://www.wikidata.org/entity/Q24905,verb,1
http://www.wikidata.org/entity/L669718,interessar,http://www.wikidata.org/entity/Q24905,verb,1
http://www.wikidata.org/entity/L669720,interligar,http://www.wikidata.org/entity/Q24905,verb,1
http://www.wikidata.org/entity/L669722,inclinar,http://www.wikidata.org/entity/Q24905,verb,1
http://www.wikidata.org/entity/L669724,incendiar,http://www.wikidata.org/entity/Q24905,verb,1
http://www.wikidata.org/entity/L669726,incomodar,http://www.wikidata.org/entity/Q24905,verb,1
http://www.wikidata.org/entity/L669736,sujeitar,http://www.wikidata.org/entity/Q24905,verb,1
http://www.wikidata.org/entity/L669737,descuido,http://www.wikidata.org/entity/Q1084,noun,1
http://www.wikidata.org/entity/L669738,almoxarifado,http://www.wikidata.org/entity/Q1084,noun,1
http://www.wikidata.org/entity/L669745,ferrenho,http://www.wikidata.org/entity/Q34698,adjective,1
http://www.wikidata.org/entity/L669869,normalizar,http://www.wikidata.org/entity/Q24905,verb,1
http://www.wikidata.org/entity/L669870,esconder,http://www.wikidata.org/entity/Q24905,verb,1
http://www.wikidata.org/entity/L669871,separar,http://www.wikidata.org/entity/Q24905,verb,1
http://www.wikidata.org/entity/L669872,sentar,http://www.wikidata.org/entity/Q24905,verb,1
http://www.wikidata.org/entity/L669874,suavizar,http://www.wikidata.org/entity/Q24905,verb,1
http://www.wikidata.org/entity/L669875,subjugar,http://www.wikidata.org/entity/Q24905,verb,1
http://www.wikidata.org/entity/L669876,sublinhar,http://www.wikidata.org/entity/Q24905,verb,1
http://www.wikidata.org/entity/L669879,venerar,http://www.wikidata.org/entity/Q24905,verb,1
http://www.wikidata.org/entity/L669880,ventilar,http://www.wikidata.org/entity/Q24905,verb,1
http://www.wikidata.org/entity/L669882,bloquear,http://www.wikidata.org/entity/Q24905,verb,1
http://www.wikidata.org/entity/L669883,arrumar,http://www.wikidata.org/entity/Q24905,verb,1
http://www.wikidata.org/entity/L669884,melhorar,http://www.wikidata.org/entity/Q24905,verb,1
http://www.wikidata.org/entity/L669885,memorizar,http://www.wikidata.org/entity/Q24905,verb,1
http://www.wikidata.org/entity/L669886,memorar,http://www.wikidata.org/entity/Q24905,verb,1
http://www.wikidata.org/entity/L669888,conscientizar,http://www.wikidata.org/entity/Q24905,verb,1
http://www.wikidata.org/entity/L669893,ejacular,http://www.wikidata.org/entity/Q24905,verb,1
http://www.wikidata.org/entity/L669894,elucidar,http://www.wikidata.org/entity/Q24905,verb,1
http://www.wikidata.org/entity/L669895,elogiar,http://www.wikidata.org/entity/Q24905,verb,1
http://www.wikidata.org/entity/L669897,sacar,http://www.wikidata.org/entity/Q24905,verb,1
http://www.wikidata.org/entity/L669899,sacrificar,http://www.wikidata.org/entity/Q24905,verb,1
http://www.wikidata.org/entity/L669900,prometer,http://www.wikidata.org/entity/Q24905,verb,1
http://www.wikidata.org/entity/L669901,projetar,http://www.wikidata.org/entity/Q24905,verb,1
http://www.wikidata.org/entity/L669904,simplificar,http://www.wikidata.org/entity/Q24905,verb,1
http://www.wikidata.org/entity/L669905,sobrar,http://www.wikidata.org/entity/Q24905,verb,1
http://www.wikidata.org/entity/L669906,situar,http://www.wikidata.org/entity/Q24905,verb,1
http://www.wikidata.org/entity/L669907,zangar,http://www.wikidata.org/entity/Q24905,verb,1
http://www.wikidata.org/entity/L669909,visar,http://www.wikidata.org/entity/Q24905,verb,1
http://www.wikidata.org/entity/L669911,originar,http://www.wikidata.org/entity/Q24905,verb,1
http://www.wikidata.org/entity/L669922,munição,http://www.wikidata.org/entity/Q1084,noun,1
http://www.wikidata.org/entity/L669925,oscilar,http://www.wikidata.org/entity/Q24905,verb,1
http://www.wikidata.org/entity/L669927,oxigenar,http://www.wikidata.org/entity/Q24905,verb,1
http://www.wikidata.org/entity/L669929,pecar,http://www.wikidata.org/entity/Q24905,verb,1
http://www.wikidata.org/entity/L669930,piorar,http://www.wikidata.org/entity/Q24905,verb,1
http://www.wikidata.org/entity/L669931,pisotear,http://www.wikidata.org/entity/Q24905,verb,1
http://www.wikidata.org/entity/L669933,poupar,http://www.wikidata.org/entity/Q24905,verb,1
http://www.wikidata.org/entity/L669935,prezar,http://www.wikidata.org/entity/Q24905,verb,1
http://www.wikidata.org/entity/L669936,privar,http://www.wikidata.org/entity/Q24905,verb,1
http://www.wikidata.org/entity/L669937,prevaricar,http://www.wikidata.org/entity/Q24905,verb,1
http://www.wikidata.org/entity/L669938,professar,http://www.wikidata.org/entity/Q24905,verb,1
http://www.wikidata.org/entity/L669940,suspender,http://www.wikidata.org/entity/Q24905,verb,1
http://www.wikidata.org/entity/L669941,sustentar,http://www.wikidata.org/entity/Q24905,verb,1
http://www.wikidata.org/entity/L669942,tapar,http://www.wikidata.org/entity/Q24905,verb,1
http://www.wikidata.org/entity/L669944,julgar,http://www.wikidata.org/entity/Q24905,verb,1
http://www.wikidata.org/entity/L669945,atracar,http://www.wikidata.org/entity/Q24905,verb,1
http://www.wikidata.org/entity/L669947,bancar,http://www.wikidata.org/entity/Q24905,verb,1
http://www.wikidata.org/entity/L669950,retroceder,http://www.wikidata.org/entity/Q24905,verb,1
http://www.wikidata.org/entity/L669951,retrucar,http://www.wikidata.org/entity/Q24905,verb,1
http://www.wikidata.org/entity/L669952,riscar,http://www.wikidata.org/entity/Q24905,verb,1
http://www.wikidata.org/entity/L669956,rogar,http://www.wikidata.org/entity/Q24905,verb,1
http://www.wikidata.org/entity/L669957,rolar,http://www.wikidata.org/entity/Q24905,verb,1
http://www.wikidata.org/entity/L669958,saquear,http://www.wikidata.org/entity/Q24905,verb,1
http://www.wikidata.org/entity/L669959,sedar,http://www.wikidata.org/entity/Q24905,verb,1
http://www.wikidata.org/entity/L669961,sepultar,http://www.wikidata.org/entity/Q24905,verb,1
http://www.wikidata.org/entity/L669963,sobrevoar,http://www.wikidata.org/entity/Q24905,verb,1
http://www.wikidata.org/entity/L669964,socar,http://www.wikidata.org/entity/Q24905,verb,1
http://www.wikidata.org/entity/L669966,solidificar,http://www.wikidata.org/entity/Q24905,verb,1
http://www.wikidata.org/entity/L669967,soltar,http://www.wikidata.org/entity/Q24905,verb,1
http://www.wikidata.org/entity/L669968,somar,http://www.wikidata.org/entity/Q24905,verb,1
http://www.wikidata.org/entity/L669969,subsistir,http://www.wikidata.org/entity/Q24905,verb,1
http://www.wikidata.org/entity/L669971,anteceder,http://www.wikidata.org/entity/Q24905,verb,1
http://www.wikidata.org/entity/L669973,aplacar,http://www.wikidata.org/entity/Q24905,verb,1
http://www.wikidata.org/entity/L669974,aplicar,http://www.wikidata.org/entity/Q24905,verb,1
http://www.wikidata.org/entity/L669976,aprender,http://www.wikidata.org/entity/Q24905,verb,1
http://www.wikidata.org/entity/L669977,aprofundar,http://www.wikidata.org/entity/Q24905,verb,1
http://www.wikidata.org/entity/L669978,emprestar,http://www.wikidata.org/entity/Q24905,verb,1
http://www.wikidata.org/entity/L669979,empregar,http://www.wikidata.org/entity/Q24905,verb,1
http://www.wikidata.org/entity/L669980,entregar,http://www.wikidata.org/entity/Q24905,verb,1
http://www.wikidata.org/entity/L669981,nomear,http://www.wikidata.org/entity/Q24905,verb,1
http://www.wikidata.org/entity/L669982,noivar,http://www.wikidata.org/entity/Q24905,verb,1
http://www.wikidata.org/entity/L670169,aprovar,http://www.wikidata.org/entity/Q24905,verb,1
http://www.wikidata.org/entity/L670170,repousar,http://www.wikidata.org/entity/Q24905,verb,1
http://www.wikidata.org/entity/L670171,repreender,http://www.wikidata.org/entity/Q24905,verb,1
http://www.wikidata.org/entity/L670173,repugnar,http://www.wikidata.org/entity/Q24905,verb,1
http://www.wikidata.org/entity/L670175,resultar,http://www.wikidata.org/entity/Q24905,verb,1
http://www.wikidata.org/entity/L670176,reter,http://www.wikidata.org/entity/Q24905,verb,1
http://www.wikidata.org/entity/L670179,retransmitir,http://www.wikidata.org/entity/Q24905,verb,1
http://www.wikidata.org/entity/L670181,transmitir,http://www.wikidata.org/entity/Q24905,verb,1
http://www.wikidata.org/entity/L670186,restaurar,http://www.wikidata.org/entity/Q24905,verb,1
http://www.wikidata.org/entity/L670187,fender,http://www.wikidata.org/entity/Q24905,verb,1
http://www.wikidata.org/entity/L670188,faxinar,http://www.wikidata.org/entity/Q24905,verb,1
http://www.wikidata.org/entity/L670189,faturar,http://www.wikidata.org/entity/Q24905,verb,1
http://www.wikidata.org/entity/L670191,estocar,http://www.wikidata.org/entity/Q24905,verb,1
http://www.wikidata.org/entity/L670192,estagnar,http://www.wikidata.org/entity/Q24905,verb,1
http://www.wikidata.org/entity/L670193,estabilizar,http://www.wikidata.org/entity/Q24905,verb,1
http://www.wikidata.org/entity/L670197,doar,http://www.wikidata.org/entity/Q24905,verb,1
http://www.wikidata.org/entity/L670200,converter,http://www.wikidata.org/entity/Q24905,verb,1
http://www.wikidata.org/entity/L670201,conversar,http://www.wikidata.org/entity/Q24905,verb,1
http://www.wikidata.org/entity/L670202,branquear,http://www.wikidata.org/entity/Q24905,verb,1
http://www.wikidata.org/entity/L670205,atualizar,http://www.wikidata.org/entity/Q24905,verb,1
http://www.wikidata.org/entity/L670210,envolver,http://www.wikidata.org/entity/Q24905,verb,1
http://www.wikidata.org/entity/L670212,enviar,http://www.wikidata.org/entity/Q24905,verb,1
http://www.wikidata.org/entity/L670213,enxugar,http://www.wikidata.org/entity/Q24905,verb,1
http://www.wikidata.org/entity/L670214,enxergar,http://www.wikidata.org/entity/Q24905,verb,1
http://www.wikidata.org/entity/L670215,abrir,http://www.wikidata.org/entity/Q24905,verb,1
http://www.wikidata.org/entity/L1119789,olho bobo,http://www.wikidata.org/entity/Q1401131,noun phrase,0
http://www.wikidata.org/entity/L1119790,gordo,http://www.wikidata.org/entity/Q34698,adjective,0
http://www.wikidata.org/entity/L1119791,olho gordo,http://www.wikidata.org/entity/Q1401131,noun phrase,0
http://www.wikidata.org/entity/L1119793,mágico,http://www.wikidata.org/entity/Q34698,adjective,0
http://www.wikidata.org/entity/L1119798,olho nu,http://www.wikidata.org/entity/Q1401131,noun phrase,0
http://www.wikidata.org/entity/L1119800,olho roxo,http://www.wikidata.org/entity/Q1401131,noun phrase,0
http://www.wikidata.org/entity/L1119808,horário de almoço,http://www.wikidata.org/entity/Q1401131,noun phrase,0
http://www.wikidata.org/entity/L1119809,atendimento,http://www.wikidata.org/entity/Q1084,noun,0
http://www.wikidata.org/entity/L1119810,horário de atendimento,http://www.wikidata.org/entity/Q1401131,noun phrase,0
http://www.wikidata.org/entity/L1119811,horário de funcionamento,http://www.wikidata.org/entity/Q1401131,noun phrase,0
http://www.wikidata.org/entity/L1119813,horário de pico,http://www.wikidata.org/entity/Q1401131,noun phrase,0
http://www.wikidata.org/entity/L1119821,idade das trevas,http://www.wikidata.org/entity/Q1401131,noun phrase,0
http://www.wikidata.org/entity/L1119822,idade do bronze,http://www.wikidata.org/entity/Q1401131,noun phrase,0
http://www.wikidata.org/entity/L1119824,idade do ferro,http://www.wikidata.org/entity/Q1401131,noun phrase,0
http://www.wikidata.org/entity/L1119825,idade do gelo,http://www.wikidata.org/entity/Q1401131,noun phrase,0
http://www.wikidata.org/entity/L1119827,idade mental,http://www.wikidata.org/entity/Q1401131,noun phrase,0
http://www.wikidata.org/entity/L1119830,instrumento de sopro,http://www.wikidata.org/entity/Q1401131,noun phrase,0
http://www.wikidata.org/entity/L1119831,instrumento de corda,http://www.wikidata.org/entity/Q1401131,noun phrase,0
http://www.wikidata.org/entity/L1119832,musical,http://www.wikidata.org/entity/Q34698,adjective,0
http://www.wikidata.org/entity/L1119835,lua crescente,http://www.wikidata.org/entity/Q1401131,noun phrase,0
http://www.wikidata.org/entity/L1119836,minguante,http://www.wikidata.org/entity/Q34698,adjective,0
http://www.wikidata.org/entity/L1119837,lua minguante,http://www.wikidata.org/entity/Q1401131,noun phrase,0
http://www.wikidata.org/entity/L1120250,língua materna,http://www.wikidata.org/entity/Q1401131,noun phrase,0
http://www.wikidata.org/entity/L1120483,moleque,http://www.wikidata.org/entity/Q1084,noun,0
http://www.wikidata.org/entity/L1120489,poeira,http://www.wikidata.org/entity/Q1084,noun,0
http://www.wikidata.org/entity/L1120494,leve,http://www.wikidata.org/entity/Q34698,adjective,0
http://www.wikidata.org/entity/L1120498,jeito,http://www.wikidata.org/entity/Q1084,noun,0
http://www.wikidata.org/entity/L1120513,pílula,http://www.wikidata.org/entity/Q1084,noun,0
http://www.wikidata.org/entity/L1120521,descanso,http://www.wikidata.org/entity/Q1084,noun,0
http://www.wikidata.org/entity/L1120523,trela,http://www.wikidata.org/entity/Q1084,noun,0
http://www.wikidata.org/entity/L1011321,batido,http://www.wikidata.org/entity/Q34698,adjective,0
http://www.wikidata.org/entity/L1041650,abestado,http://www.wikidata.org/entity/Q34698,adjective,0
http://www.wikidata.org/entity/L1041651,abestalhado,http://www.wikidata.org/entity/Q34698,adjective,0
http://www.wikidata.org/entity/L1041652,afeiçoado,http://www.wikidata.org/entity/Q34698,adjective,0
http://www.wikidata.org/entity/L1041653,afolozado,http://www.wikidata.org/entity/Q34698,adjective,0
http://www.wikidata.org/entity/L1116157,abraço de urso,http://www.wikidata.org/entity/Q1084,noun,0
http://www.wikidata.org/entity/L1118973,invenção,http://www.wikidata.org/entity/Q1084,noun,0
http://www.wikidata.org/entity/L1118974,todo,http://www.wikidata.org/entity/Q576271,determiner,0
http://www.wikidata.org/entity/L1118980,admirador secreto,http://www.wikidata.org/entity/Q1401131,noun phrase,0
http://www.wikidata.org/entity/L1118981,admirador,http://www.wikidata.org/entity/Q1084,noun,0
http://www.wikidata.org/entity/L1118983,amigo colorido,http://www.wikidata.org/entity/Q1401131,noun phrase,0
http://www.wikidata.org/entity/L1118984,colorido,http://www.wikidata.org/entity/Q34698,adjective,0
http://www.wikidata.org/entity/L1118985,amigo secreto,http://www.wikidata.org/entity/Q1401131,noun phrase,0
http://www.wikidata.org/entity/L1118986,amigo oculto,http://www.wikidata.org/entity/Q1401131,noun phrase,0
http://www.wikidata.org/entity/L1118987,oculto,http://www.wikidata.org/entity/Q34698,adjective,0
http://www.wikidata.org/entity/L1118988,amizade colorida,http://www.wikidata.org/entity/Q1401131,noun phrase,0
http://www.wikidata.org/entity/L1118989,analfabeto funcional,http://www.wikidata.org/entity/Q1401131,noun phrase,0
http://www.wikidata.org/entity/L1118991,funcional,http://www.wikidata.org/entity/Q34698,adjective,0
http://www.wikidata.org/entity/L1118993,analfabetismo,http://www.wikidata.org/entity/Q1084,noun,0
http://www.wikidata.org/entity/L1118994,andar térreo,http://www.wikidata.org/entity/Q1401131,noun phrase,0
http://www.wikidata.org/entity/L1118995,térreo,http://www.wikidata.org/entity/Q34698,adjective,0
http://www.wikidata.org/entity/L1118996,ano novo,http://www.wikidata.org/entity/Q1401131,noun phrase,0
http://www.wikidata.org/entity/L1118998,bissexto,http://www.wikidata.org/entity/Q34698,adjective,0
http://www.wikidata.org/entity/L1119006,fissão,http://www.wikidata.org/entity/Q1084,noun,0
http://www.wikidata.org/entity/L1119781,energia nuclear,http://www.wikidata.org/entity/Q1401131,noun phrase,0
http://www.wikidata.org/entity/L1119018,perdido,http://www.wikidata.org/entity/Q34698,adjective,0
http://www.wikidata.org/entity/L1119019,endereço eletrónico,http://www.wikidata.org/entity/Q1401131,noun phrase,0
http://www.wikidata.org/entity/L1119020,endereço,http://www.wikidata.org/entity/Q1084,noun,0
http://www.wikidata.org/entity/L1119024,estado civil,http://www.wikidata.org/entity/Q1401131,noun phrase,0
http://www.wikidata.org/entity/L1119025,civil,http://www.wikidata.org/entity/Q34698,adjective,0
http://www.wikidata.org/entity/L1119026,nome botánico,http://www.wikidata.org/entity/Q1401131,noun phrase,0
http://www.wikidata.org/entity/L1119028,nome científico,http://www.wikidata.org/entity/Q1401131,noun phrase,0
http://www.wikidata.org/entity/L1119031,águas passadas não movem moinho,http://www.wikidata.org/entity/Q35102,proverb,0
http://www.wikidata.org/entity/L1119032,mover,http://www.wikidata.org/entity/Q24905,verb,0
http://www.wikidata.org/entity/L1119033,o inferno está cheio de boas intenções,http://www.wikidata.org/entity/Q35102,proverb,0
http://www.wikidata.org/entity/L1119035,santo de casa não faz milagre,http://www.wikidata.org/entity/Q35102,proverb,0
http://www.wikidata.org/entity/L1119036,bater com a língua nos dentes,http://www.wikidata.org/entity/Q1778442,verb phrase,0
http://www.wikidata.org/entity/L1119045,ser farinha do mesmo saco,http://www.wikidata.org/entity/Q1778442,verb phrase,0
http://www.wikidata.org/entity/L1119048,cutucar a onça com vara curta,http://www.wikidata.org/entity/Q1778442,verb phrase,0
http://www.wikidata.org/entity/L1119050,vara,http://www.wikidata.org/entity/Q1084,noun,0
http://www.wikidata.org/entity/L1119090,antes só do que mal acompanhado,http://www.wikidata.org/entity/Q35102,proverb,0
http://www.wikidata.org/entity/L1119142,nomenclatura,http://www.wikidata.org/entity/Q1084,noun,0
http://www.wikidata.org/entity/L1119143,binomial,http://www.wikidata.org/entity/Q34698,adjective,0
http://www.wikidata.org/entity/L1119444,preparar,http://www.wikidata.org/entity/Q24905,verb,0
http://www.wikidata.org/entity/L1119556,baixa,http://www.wikidata.org/entity/Q1084,noun,0
http://www.wikidata.org/entity/L1119601,pegar,http://www.wikidata.org/entity/Q24905,verb,0
http://www.wikidata.org/entity/L1119602,beco,http://www.wikidata.org/entity/Q1084,noun,0
http://www.wikidata.org/entity/L1119609,rebolar,http://www.wikidata.org/entity/Q24905,verb,0
http://www.wikidata.org/entity/L1119758,abominável,http://www.wikidata.org/entity/Q34698,adjective,0
http://www.wikidata.org/entity/L1119770,físico,http://www.wikidata.org/entity/Q34698,adjective,0
http://www.wikidata.org/entity/L1119774,educação financeira,http://www.wikidata.org/entity/Q1401131,noun phrase,0
http://www.wikidata.org/entity/L1119775,cinético,http://www.wikidata.org/entity/Q34698,adjective,0
http://www.wikidata.org/entity/L1119777,energia elétrica,http://www.wikidata.org/entity/Q1401131,noun phrase,0
http://www.wikidata.org/entity/L1119780,energia negra,http://www.wikidata.org/entity/Q1401131,noun phrase,0
http://www.wikidata.org/entity/L662258,especial,http://www.wikidata.org/entity/Q34698,adjective,0
http://www.wikidata.org/entity/L448671,cravo,http://www.wikidata.org/entity/Q1084,noun,0
http://www.wikidata.org/entity/L501796,por,http://www.wikidata.org/entity/Q4833830,preposition,0
http://www.wikidata.org/entity/L502638,vez,http://www.wikidata.org/entity/Q1084,noun,0
http://www.wikidata.org/entity/L558238,instrumento,http://www.wikidata.org/entity/Q1084,noun,0
http://www.wikidata.org/entity/L562414,próprio,http://www.wikidata.org/entity/Q34698,adjective,0
http://www.wikidata.org/entity/L618549,não,http://www.wikidata.org/entity/Q380057,adverb,0
http://www.wikidata.org/entity/L1121655,leporino,http://www.wikidata.org/entity/Q34698,adjective,0
http://www.wikidata.org/entity/L1121657,maior,http://www.wikidata.org/entity/Q34698,adjective,0
http://www.wikidata.org/entity/L1121658,menor,http://www.wikidata.org/entity/Q34698,adjective,0
http://www.wikidata.org/entity/L1121665,mimoso,http://www.wikidata.org/entity/Q34698,adjective,0
http://www.wikidata.org/entity/L1121689,condensado,http://www.wikidata.org/entity/Q34698,adjective,0
http://www.wikidata.org/entity/L409099,de,http://www.wikidata.org/entity/Q4833830,preposition,0
http://www.wikidata.org/entity/L448708,bramido,http://www.wikidata.org/entity/Q1084,noun,0
http://www.wikidata.org/entity/L448594,cutícula,http://www.wikidata.org/entity/Q1084,noun,0
http://www.wikidata.org/entity/L448632,energético,http://www.wikidata.org/entity/Q1084,noun,0
http://www.wikidata.org/entity/L448638,orçamento,http://www.wikidata.org/entity/Q1084,noun,0
http://www.wikidata.org/entity/L448688,argamassa,http://www.wikidata.org/entity/Q1084,noun,0
http://www.wikidata.org/entity/L448480,tutela,http://www.wikidata.org/entity/Q1084,noun,0
http://www.wikidata.org/entity/L448485,caravana,http://www.wikidata.org/entity/Q1084,noun,0
http://www.wikidata.org/entity/L448529,ingresso,http://www.wikidata.org/entity/Q1084,noun,0
http://www.wikidata.org/entity/L448530,reingresso,http://www.wikidata.org/entity/Q1084,noun,0
http://www.wikidata.org/entity/L448544,trocador,http://www.wikidata.org/entity/Q1084,noun,0
http://www.wikidata.org/entity/L448548,fabricante,http://www.wikidata.org/entity/Q1084,noun,0
http://www.wikidata.org/entity/L448550,município,http://www.wikidata.org/entity/Q1084,noun,0
http://www.wikidata.org/entity/L448574,cerda,http://www.wikidata.org/entity/Q1084,noun,0
http://www.wikidata.org/entity/L448712,alcance,http://www.wikidata.org/entity/Q1084,noun,0
http://www.wikidata.org/entity/L448716,elogio,http://www.wikidata.org/entity/Q1084,noun,0
http://www.wikidata.org/entity/L449065,dormitório,http://www.wikidata.org/entity/Q1084,noun,0
http://www.wikidata.org/entity/L449075,corretor,http://www.wikidata.org/entity/Q1084,noun,0
http://www.wikidata.org/entity/L449100,carpete,http://www.wikidata.org/entity/Q1084,noun,0
http://www.wikidata.org/entity/L473391,adolescente,http://www.wikidata.org/entity/Q34698,adjective,0
http://www.wikidata.org/entity/L503873,explosivo,http://www.wikidata.org/entity/Q34698,adjective,0
http://www.wikidata.org/entity/L562424,baseado,http://www.wikidata.org/entity/Q34698,adjective,0
http://www.wikidata.org/entity/L450494,pesqueiro,http://www.wikidata.org/entity/Q1084,noun,0
http://www.wikidata.org/entity/L450498,reboque,http://www.wikidata.org/entity/Q1084,noun,0
http://www.wikidata.org/entity/L450502,aeroplano,http://www.wikidata.org/entity/Q1084,noun,0
http://www.wikidata.org/entity/L450510,suíno,http://www.wikidata.org/entity/Q1084,noun,0
http://www.wikidata.org/entity/L450532,ninharia,http://www.wikidata.org/entity/Q1084,noun,0
http://www.wikidata.org/entity/L450534,nuance,http://www.wikidata.org/entity/Q1084,noun,0
http://www.wikidata.org/entity/L450544,meada,http://www.wikidata.org/entity/Q1084,noun,0
http://www.wikidata.org/entity/L450547,lotérica,http://www.wikidata.org/entity/Q1084,noun,0
http://www.wikidata.org/entity/L450548,légua,http://www.wikidata.org/entity/Q1084,noun,0
http://www.wikidata.org/entity/L450557,incumbência,http://www.wikidata.org/entity/Q1084,noun,0
http://www.wikidata.org/entity/L450558,imolação,http://www.wikidata.org/entity/Q1084,noun,0
http://www.wikidata.org/entity/L450560,estória,http://www.wikidata.org/entity/Q1084,noun,0
http://www.wikidata.org/entity/L450571,frieza,http://www.wikidata.org/entity/Q1084,noun,0
http://www.wikidata.org/entity/L1329250,iguaria,http://www.wikidata.org/entity/Q1084,noun,0
http://www.wikidata.org/entity/L1333959,pechincha,http://www.wikidata.org/entity/Q1084,noun,0
http://www.wikidata.org/entity/L1335385,wikidatificar,http://www.wikidata.org/entity/Q24905,verb,0
http://www.wikidata.org/entity/L1347832,chumaceira,http://www.wikidata.org/entity/Q1084,noun,0
http://www.wikidata.org/entity/L669441,funcionamento,http://www.wikidata.org/entity/Q1084,noun,0
http://www.wikidata.org/entity/L678074,químico,http://www.wikidata.org/entity/Q34698,adjective,0
http://www.wikidata.org/entity/L1125544,pardo,http://www.wikidata.org/entity/Q34698,adjective,0
http://www.wikidata.org/entity/L1157225,ostra,http://www.wikidata.org/entity/Q1084,noun,0
http://www.wikidata.org/entity/L1219708,tapir,http://www.wikidata.org/entity/Q1084,noun,0
http://www.wikidata.org/entity/L1216197,zorro,http://www.wikidata.org/entity/Q34698,adjective,0
http://www.wikidata.org/entity/L1217485,companheiro,http://www.wikidata.org/entity/Q1084,noun,0
http://www.wikidata.org/entity/L1367900,doudo,http://www.wikidata.org/entity/Q34698,adjective,0
http://www.wikidata.org/entity/L1235044,caramelo,http://www.wikidata.org/entity/Q1084,noun,0
http://www.wikidata.org/entity/L1259117,mandarim,http://www.wikidata.org/entity/Q1084,noun,0
http://www.wikidata.org/entity/L500638,estreia,http://www.wikidata.org/entity/Q1084,noun,0
http://www.wikidata.org/entity/L500644,tropa,http://www.wikidata.org/entity/Q1084,noun,0
http://www.wikidata.org/entity/L500656,ficha,http://www.wikidata.org/entity/Q1084,noun,0
http://www.wikidata.org/entity/L500691,trave,http://www.wikidata.org/entity/Q1084,noun,0
http://www.wikidata.org/entity/L500813,mango,http://www.wikidata.org/entity/Q1084,noun,0
http://www.wikidata.org/entity/L500815,cruzada,http://www.wikidata.org/entity/Q1084,noun,0
http://www.wikidata.org/entity/L500822,redor,http://www.wikidata.org/entity/Q1084,noun,0
http://www.wikidata.org/entity/L500825,superior,http://www.wikidata.org/entity/Q1084,noun,0
http://www.wikidata.org/entity/L500860,porquê,http://www.wikidata.org/entity/Q1084,noun,0
http://www.wikidata.org/entity/L500947,congresso,http://www.wikidata.org/entity/Q1084,noun,0
http://www.wikidata.org/entity/L500952,recebido,http://www.wikidata.org/entity/Q1084,noun,0
http://www.wikidata.org/entity/L500967,retorno,http://www.wikidata.org/entity/Q1084,noun,0
http://www.wikidata.org/entity/L500976,senado,http://www.wikidata.org/entity/Q1084,noun,0
http://www.wikidata.org/entity/L500982,recorde,http://www.wikidata.org/entity/Q1084,noun,0
http://www.wikidata.org/entity/L500983,resto,http://www.wikidata.org/entity/Q1084,noun,0
http://www.wikidata.org/entity/L500998,feito,http://www.wikidata.org/entity/Q1084,noun,0
http://www.wikidata.org/entity/L501001,lado,http://www.wikidata.org/entity/Q1084,noun,0
http://www.wikidata.org/entity/L501002,material,http://www.wikidata.org/entity/Q1084,noun,0
http://www.wikidata.org/entity/L501154,geral,http://www.wikidata.org/entity/Q34698,adjective,0
http://www.wikidata.org/entity/L501156,federal,http://www.wikidata.org/entity/Q34698,adjective,0
http://www.wikidata.org/entity/L501664,posteriormente,http://www.wikidata.org/entity/Q380057,adverb,0
http://www.wikidata.org/entity/L501665,geralmente,http://www.wikidata.org/entity/Q380057,adverb,0
http://www.wikidata.org/entity/L501686,distribuído,http://www.wikidata.org/entity/Q34698,adjective,0
http://www.wikidata.org/entity/L501696,desenvolvido,http://www.wikidata.org/entity/Q34698,adjective,0
http://www.wikidata.org/entity/L501701,gravadora,http://www.wikidata.org/entity/Q1084,noun,0
http://www.wikidata.org/entity/L451344,comutativo,http://www.wikidata.org/entity/Q34698,adjective,0
http://www.wikidata.org/entity/L451435,abaixar,http://www.wikidata.org/entity/Q24905,verb,0
http://www.wikidata.org/entity/L451437,aberrar,http://www.wikidata.org/entity/Q24905,verb,0
http://www.wikidata.org/entity/L451438,abeirar,http://www.wikidata.org/entity/Q24905,verb,0
http://www.wikidata.org/entity/L451439,abeberar,http://www.wikidata.org/entity/Q24905,verb,0
http://www.wikidata.org/entity/L451441,abastardar,http://www.wikidata.org/entity/Q24905,verb,0
http://www.wikidata.org/entity/L451443,abarrotar,http://www.wikidata.org/entity/Q24905,verb,0
http://www.wikidata.org/entity/L451447,abalizar,http://www.wikidata.org/entity/Q24905,verb,0
http://www.wikidata.org/entity/L451511,abetumar,http://www.wikidata.org/entity/Q24905,verb,0
http://www.wikidata.org/entity/L451512,abiscoitar,http://www.wikidata.org/entity/Q24905,verb,0
http://www.wikidata.org/entity/L451513,abismar,http://www.wikidata.org/entity/Q24905,verb,0
http://www.wikidata.org/entity/L451519,aboletar,http://www.wikidata.org/entity/Q24905,verb,0
http://www.wikidata.org/entity/L451520,abominar,http://www.wikidata.org/entity/Q24905,verb,0
http://www.wikidata.org/entity/L451521,abonar,http://www.wikidata.org/entity/Q24905,verb,0
http://www.wikidata.org/entity/L451524,abrandar,http://www.wikidata.org/entity/Q24905,verb,0
http://www.wikidata.org/entity/L451526,abrasileirar,http://www.wikidata.org/entity/Q24905,verb,0
http://www.wikidata.org/entity/L451527,abreviar,http://www.wikidata.org/entity/Q24905,verb,0
http://www.wikidata.org/entity/L451528,abrilhantar,http://www.wikidata.org/entity/Q24905,verb,0
http://www.wikidata.org/entity/L451531,aboiar,http://www.wikidata.org/entity/Q24905,verb,0
http://www.wikidata.org/entity/L451533,acalcanhar,http://www.wikidata.org/entity/Q24905,verb,0
http://www.wikidata.org/entity/L451537,acamaradar,http://www.wikidata.org/entity/Q24905,verb,0
http://www.wikidata.org/entity/L451539,acanalhar,http://www.wikidata.org/entity/Q24905,verb,0
http://www.wikidata.org/entity/L451544,acatar,http://www.wikidata.org/entity/Q24905,verb,0
http://www.wikidata.org/entity/L451546,aceirar,http://www.wikidata.org/entity/Q24905,verb,0
http://www.wikidata.org/entity/L451549,acentuar,http://www.wikidata.org/entity/Q24905,verb,0
http://www.wikidata.org/entity/L451550,acepilhar,http://www.wikidata.org/entity/Q24905,verb,0
http://www.wikidata.org/entity/L451551,acertar,http://www.wikidata.org/entity/Q24905,verb,0
http://www.wikidata.org/entity/L1375051,alféloa,http://www.wikidata.org/entity/Q1084,noun,0
http://www.wikidata.org/entity/L1375060,castella,http://www.wikidata.org/entity/Q1084,noun,0
http://www.wikidata.org/entity/L1375107,carisea,http://www.wikidata.org/entity/Q1084,noun,0
http://www.wikidata.org/entity/L1375122,confeito,http://www.wikidata.org/entity/Q1084,noun,0
http://www.wikidata.org/entity/L1375140,zamboa,http://www.wikidata.org/entity/Q1084,noun,0
http://www.wikidata.org/entity/L1375155,saraça,http://www.wikidata.org/entity/Q1084,noun,0
http://www.wikidata.org/entity/L1375158,sarja,http://www.wikidata.org/entity/Q1084,noun,0
http://www.wikidata.org/entity/L1375167,gibão,http://www.wikidata.org/entity/Q1084,noun,0
http://www.wikidata.org/entity/L1375286,charamela,http://www.wikidata.org/entity/Q1084,noun,0
http://www.wikidata.org/entity/L1375293,mantaiga,http://www.wikidata.org/entity/Q1084,noun,0
http://www.wikidata.org/entity/L1375308,canequim,http://www.wikidata.org/entity/Q1084,noun,0
http://www.wikidata.org/entity/L1375318,candeia,http://www.wikidata.org/entity/Q1084,noun,0
http://www.wikidata.org/entity/L1375323,bateira,http://www.wikidata.org/entity/Q1084,noun,0
http://www.wikidata.org/entity/L1375329,raxa,http://www.wikidata.org/entity/Q1084,noun,0
http://www.wikidata.org/entity/L1375332,rabeca,http://www.wikidata.org/entity/Q1084,noun,0
http://www.wikidata.org/entity/L1375334,raxeta,http://www.wikidata.org/entity/Q1084,noun,0
http://www.wikidata.org/entity/L458056,marmelo,http://www.wikidata.org/entity/Q1084,noun,0
http://www.wikidata.org/entity/L1417000,jorro,http://www.wikidata.org/entity/Q1084,noun,0
http://www.wikidata.org/entity/L501792,pelo,http://www.wikidata.org/entity/Q126473,contraction,0
http://www.wikidata.org/entity/L501799,dentre,http://www.wikidata.org/entity/Q126473,contraction,0
http://www.wikidata.org/entity/L503870,inteiro,http://www.wikidata.org/entity/Q34698,adjective,0
http://www.wikidata.org/entity/L503871,implementado,http://www.wikidata.org/entity/Q34698,adjective,0
http://www.wikidata.org/entity/L503877,console,http://www.wikidata.org/entity/Q1084,noun,0
http://www.wikidata.org/entity/L503949,compreendido,http://www.wikidata.org/entity/Q34698,adjective,0
http://www.wikidata.org/entity/L503964,àquilo,http://www.wikidata.org/entity/Q126473,contraction,0
http://www.wikidata.org/entity/L503965,àquele,http://www.wikidata.org/entity/Q126473,contraction,0
http://www.wikidata.org/entity/L524648,histórico,http://www.wikidata.org/entity/Q34698,adjective,0
http://www.wikidata.org/entity/L647778,feito,http://www.wikidata.org/entity/Q34698,adjective,0
http://www.wikidata.org/entity/L718242,provável,http://www.wikidata.org/entity/Q34698,adjective,0
http://www.wikidata.org/entity/L518935,praticamente,http://www.wikidata.org/entity/Q380057,adverb,0
http://www.wikidata.org/entity/L518937,juntamente,http://www.wikidata.org/entity/Q380057,adverb,0
http://www.wikidata.org/entity/L523136,acirradamente,http://www.wikidata.org/entity/Q380057,adverb,0
http://www.wikidata.org/entity/L523138,alegadamente,http://www.wikidata.org/entity/Q380057,adverb,0
http://www.wikidata.org/entity/L523141,amplamente,http://www.wikidata.org/entity/Q380057,adverb,0
http://www.wikidata.org/entity/L523142,amorosamente,http://www.wikidata.org/entity/Q380057,adverb,0
http://www.wikidata.org/entity/L523143,analiticamente,http://www.wikidata.org/entity/Q380057,adverb,0
http://www.wikidata.org/entity/L523152,ardentemente,http://www.wikidata.org/entity/Q380057,adverb,0
http://www.wikidata.org/entity/L523155,asseguradamente,http://www.wikidata.org/entity/Q380057,adverb,0
http://www.wikidata.org/entity/L523156,assiduamente,http://www.wikidata.org/entity/Q380057,adverb,0
http://www.wikidata.org/entity/L523157,astutamente,http://www.wikidata.org/entity/Q380057,adverb,0
http://www.wikidata.org/entity/L523158,atenciosamente,http://www.wikidata.org/entity/Q380057,adverb,0
http://www.wikidata.org/entity/L523161,avidamente,http://www.wikidata.org/entity/Q380057,adverb,0
http://www.wikidata.org/entity/L670221,empenhar,http://www.wikidata.org/entity/Q24905,verb,0
http://www.wikidata.org/entity/L670222,moldar,http://www.wikidata.org/entity/Q24905,verb,0
http://www.wikidata.org/entity/L670223,preconceber,http://www.wikidata.org/entity/Q24905,verb,0
http://www.wikidata.org/entity/L670225,perpetrar,http://www.wikidata.org/entity/Q24905,verb,0
http://www.wikidata.org/entity/L670229,ofegar,http://www.wikidata.org/entity/Q24905,verb,0
http://www.wikidata.org/entity/L670240,emitir,http://www.wikidata.org/entity/Q24905,verb,0
http://www.wikidata.org/entity/L670241,embriagar,http://www.wikidata.org/entity/Q24905,verb,0
http://www.wikidata.org/entity/L670243,pinçar,http://www.wikidata.org/entity/Q24905,verb,0
http://www.wikidata.org/entity/L670247,aleijar,http://www.wikidata.org/entity/Q24905,verb,0
http://www.wikidata.org/entity/L670249,batucar,http://www.wikidata.org/entity/Q24905,verb,0
http://www.wikidata.org/entity/L670257,edificar,http://www.wikidata.org/entity/Q24905,verb,0
http://www.wikidata.org/entity/L670265,importunar,http://www.wikidata.org/entity/Q24905,verb,0
http://www.wikidata.org/entity/L670600,grafar,http://www.wikidata.org/entity/Q24905,verb,0
http://www.wikidata.org/entity/L670601,grampear,http://www.wikidata.org/entity/Q24905,verb,0
http://www.wikidata.org/entity/L670602,gratificar,http://www.wikidata.org/entity/Q24905,verb,0
http://www.wikidata.org/entity/L670606,bizantino,http://www.wikidata.org/entity/Q34698,adjective,0
http://www.wikidata.org/entity/L670609,dedicado,http://www.wikidata.org/entity/Q34698,adjective,0
http://www.wikidata.org/entity/L670611,mineiro,http://www.wikidata.org/entity/Q34698,adjective,0
http://www.wikidata.org/entity/L670614,armado,http://www.wikidata.org/entity/Q34698,adjective,0
http://www.wikidata.org/entity/L670618,recuperação,http://www.wikidata.org/entity/Q1084,noun,0
http://www.wikidata.org/entity/L670619,pagamento,http://www.wikidata.org/entity/Q1084,noun,0
http://www.wikidata.org/entity/L670820,acesso,http://www.wikidata.org/entity/Q1084,noun,0
http://www.wikidata.org/entity/L671099,camaradagem,http://www.wikidata.org/entity/Q1084,noun,0
http://www.wikidata.org/entity/L671132,feição,http://www.wikidata.org/entity/Q1084,noun,0
http://www.wikidata.org/entity/L671139,parabenização,http://www.wikidata.org/entity/Q1084,noun,0
http://www.wikidata.org/entity/L671162,argiloso,http://www.wikidata.org/entity/Q34698,adjective,0
http://www.wikidata.org/entity/L671169,escravizado,http://www.wikidata.org/entity/Q34698,adjective,0
http://www.wikidata.org/entity/L677975,quântico,http://www.wikidata.org/entity/Q34698,adjective,0
http://www.wikidata.org/entity/L688632,abordagem,http://www.wikidata.org/entity/Q1084,noun,0
http://www.wikidata.org/entity/L688642,convenção,http://www.wikidata.org/entity/Q1084,noun,0
http://www.wikidata.org/entity/L690599,restauração,http://www.wikidata.org/entity/Q1084,noun,0
http://www.wikidata.org/entity/L473320,absolvido,http://www.wikidata.org/entity/Q34698,adjective,0
http://www.wikidata.org/entity/L473321,absorvido,http://www.wikidata.org/entity/Q34698,adjective,0
http://www.wikidata.org/entity/L471980,acessar,http://www.wikidata.org/entity/Q24905,verb,0
http://www.wikidata.org/entity/L471986,acirrar,http://www.wikidata.org/entity/Q24905,verb,0
http://www.wikidata.org/entity/L471988,aclarar,http://www.wikidata.org/entity/Q24905,verb,0
http://www.wikidata.org/entity/L471989,aculturar,http://www.wikidata.org/entity/Q24905,verb,0
http://www.wikidata.org/entity/L471993,açoitar,http://www.wikidata.org/entity/Q24905,verb,0
http://www.wikidata.org/entity/L471994,acolchetar,http://www.wikidata.org/entity/Q24905,verb,0
http://www.wikidata.org/entity/L471995,acomodar,http://www.wikidata.org/entity/Q24905,verb,0
http://www.wikidata.org/entity/L471996,acompadrar,http://www.wikidata.org/entity/Q24905,verb,0
http://www.wikidata.org/entity/L472002,acostar,http://www.wikidata.org/entity/Q24905,verb,0
http://www.wikidata.org/entity/L472011,acurar,http://www.wikidata.org/entity/Q24905,verb,0
http://www.wikidata.org/entity/L473298,abafado,http://www.wikidata.org/entity/Q34698,adjective,0
http://www.wikidata.org/entity/L473299,abalado,http://www.wikidata.org/entity/Q34698,adjective,0
http://www.wikidata.org/entity/L473301,abarrotado,http://www.wikidata.org/entity/Q34698,adjective,0
http://www.wikidata.org/entity/L473303,abatido,http://www.wikidata.org/entity/Q34698,adjective,0
http://www.wikidata.org/entity/L473304,abdicado,http://www.wikidata.org/entity/Q34698,adjective,0
http://www.wikidata.org/entity/L473308,abismado,http://www.wikidata.org/entity/Q34698,adjective,0
http://www.wikidata.org/entity/L473309,abobado,http://www.wikidata.org/entity/Q34698,adjective,0
http://www.wikidata.org/entity/L473310,abolido,http://www.wikidata.org/entity/Q34698,adjective,0
http://www.wikidata.org/entity/L473311,abordado,http://www.wikidata.org/entity/Q34698,adjective,0
http://www.wikidata.org/entity/L473312,aborrecido,http://www.wikidata.org/entity/Q34698,adjective,0
http://www.wikidata.org/entity/L473313,abortado,http://www.wikidata.org/entity/Q34698,adjective,0
http://www.wikidata.org/entity/L473314,abotoado,http://www.wikidata.org/entity/Q34698,adjective,0
http://www.wikidata.org/entity/L473315,abraçado,http://www.wikidata.org/entity/Q34698,adjective,0
http://www.wikidata.org/entity/L473316,abrasado,http://www.wikidata.org/entity/Q34698,adjective,0
http://www.wikidata.org/entity/L473317,abreviado,http://www.wikidata.org/entity/Q34698,adjective,0
http://www.wikidata.org/entity/L523167,calmamente,http://www.wikidata.org/entity/Q380057,adverb,0
http://www.wikidata.org/entity/L523168,caracteristicamente,http://www.wikidata.org/entity/Q380057,adverb,0
http://www.wikidata.org/entity/L523183,neste,http://www.wikidata.org/entity/Q126473,contraction,0
http://www.wikidata.org/entity/L523184,nisto,http://www.wikidata.org/entity/Q126473,contraction,0
http://www.wikidata.org/entity/L523186,nisso,http://www.wikidata.org/entity/Q126473,contraction,0
http://www.wikidata.org/entity/L523187,naquele,http://www.wikidata.org/entity/Q126473,contraction,0
http://www.wikidata.org/entity/L523188,naquilo,http://www.wikidata.org/entity/Q126473,contraction,0
http://www.wikidata.org/entity/L524073,daquilo,http://www.wikidata.org/entity/Q126473,contraction,0
http://www.wikidata.org/entity/L524074,deste,http://www.wikidata.org/entity/Q126473,contraction,0
http://www.wikidata.org/entity/L524075,desse,http://www.wikidata.org/entity/Q126473,contraction,0
http://www.wikidata.org/entity/L524076,daquele,http://www.wikidata.org/entity/Q126473,contraction,0
http://www.wikidata.org/entity/L524623,colapso,http://www.wikidata.org/entity/Q1084,noun,0
http://www.wikidata.org/entity/L524625,civilização,http://www.wikidata.org/entity/Q1084,noun,0
http://www.wikidata.org/entity/L524641,relacionamento,http://www.wikidata.org/entity/Q1084,noun,0
http://www.wikidata.org/entity/L525326,exclusivamente,http://www.wikidata.org/entity/Q380057,adverb,0
http://www.wikidata.org/entity/L525331,criptografado,http://www.wikidata.org/entity/Q34698,adjective,0
http://www.wikidata.org/entity/L525332,escrito,http://www.wikidata.org/entity/Q34698,adjective,0
http://www.wikidata.org/entity/L558216,escrito,http://www.wikidata.org/entity/Q1084,noun,0
http://www.wikidata.org/entity/L558190,mídia,http://www.wikidata.org/entity/Q1084,noun,0
http://www.wikidata.org/entity/L558195,reserva,http://www.wikidata.org/entity/Q1084,noun,0
http://www.wikidata.org/entity/L229786,brasil,http://www.wikidata.org/entity/Q1084,noun,0
http://www.wikidata.org/entity/L229800,-il,http://www.wikidata.org/entity/Q102047,suffix,0
http://www.wikidata.org/entity/L306992,quelha,http://www.wikidata.org/entity/Q1084,noun,0
http://www.wikidata.org/entity/L307983,intercorrência,http://www.wikidata.org/entity/Q1084,noun,0
http://www.wikidata.org/entity/L448701,centavo,http://www.wikidata.org/entity/Q1084,noun,0
http://www.wikidata.org/entity/L447009,colaborativo,http://www.wikidata.org/entity/Q34698,adjective,0
http://www.wikidata.org/entity/L474565,atingido,http://www.wikidata.org/entity/Q34698,adjective,0
http://www.wikidata.org/entity/L473324,abusivo,http://www.wikidata.org/entity/Q34698,adjective,0
http://www.wikidata.org/entity/L473326,abusado,http://www.wikidata.org/entity/Q34698,adjective,0
http://www.wikidata.org/entity/L473327,acabado,http://www.wikidata.org/entity/Q34698,adjective,0
http://www.wikidata.org/entity/L473328,acalorado,http://www.wikidata.org/entity/Q34698,adjective,0
http://www.wikidata.org/entity/L473329,acalmado,http://www.wikidata.org/entity/Q34698,adjective,0
http://www.wikidata.org/entity/L473330,acamado,http://www.wikidata.org/entity/Q34698,adjective,0
http://www.wikidata.org/entity/L473331,acampado,http://www.wikidata.org/entity/Q34698,adjective,0
http://www.wikidata.org/entity/L473332,acariciado,http://www.wikidata.org/entity/Q34698,adjective,0
http://www.wikidata.org/entity/L473333,aceito,http://www.wikidata.org/entity/Q34698,adjective,0
http://www.wikidata.org/entity/L473335,acentuado,http://www.wikidata.org/entity/Q34698,adjective,0
http://www.wikidata.org/entity/L473336,acertado,http://www.wikidata.org/entity/Q34698,adjective,0
http://www.wikidata.org/entity/L473338,achado,http://www.wikidata.org/entity/Q34698,adjective,0
http://www.wikidata.org/entity/L473341,achocolatado,http://www.wikidata.org/entity/Q34698,adjective,0
http://www.wikidata.org/entity/L473342,acidentado,http://www.wikidata.org/entity/Q34698,adjective,0
http://www.wikidata.org/entity/L473344,aclamado,http://www.wikidata.org/entity/Q34698,adjective,0
http://www.wikidata.org/entity/L473345,açoitado,http://www.wikidata.org/entity/Q34698,adjective,0
http://www.wikidata.org/entity/L473346,acolchoado,http://www.wikidata.org/entity/Q34698,adjective,0
http://www.wikidata.org/entity/L473347,acolhido,http://www.wikidata.org/entity/Q34698,adjective,0
http://www.wikidata.org/entity/L473348,acometido,http://www.wikidata.org/entity/Q34698,adjective,0
http://www.wikidata.org/entity/L473349,acomodado,http://www.wikidata.org/entity/Q34698,adjective,0
http://www.wikidata.org/entity/L473350,acompanhado,http://www.wikidata.org/entity/Q34698,adjective,0
http://www.wikidata.org/entity/L473351,aconchegado,http://www.wikidata.org/entity/Q34698,adjective,0
http://www.wikidata.org/entity/L473352,acondicionado,http://www.wikidata.org/entity/Q34698,adjective,0
http://www.wikidata.org/entity/L473353,aconselhado,http://www.wikidata.org/entity/Q34698,adjective,0
http://www.wikidata.org/entity/L473354,acontecido,http://www.wikidata.org/entity/Q34698,adjective,0
http://www.wikidata.org/entity/L473356,acordado,http://www.wikidata.org/entity/Q34698,adjective,0
http://www.wikidata.org/entity/L473357,acreditado,http://www.wikidata.org/entity/Q34698,adjective,0
http://www.wikidata.org/entity/L473358,acrescentado,http://www.wikidata.org/entity/Q34698,adjective,0
http://www.wikidata.org/entity/L473359,acuado,http://www.wikidata.org/entity/Q34698,adjective,0
http://www.wikidata.org/entity/L473360,açucarado,http://www.wikidata.org/entity/Q34698,adjective,0
http://www.wikidata.org/entity/L473361,acumulado,http://www.wikidata.org/entity/Q34698,adjective,0
http://www.wikidata.org/entity/L473362,acusado,http://www.wikidata.org/entity/Q34698,adjective,0
http://www.wikidata.org/entity/L473364,adaptado,http://www.wikidata.org/entity/Q34698,adjective,0
http://www.wikidata.org/entity/L473367,adestrado,http://www.wikidata.org/entity/Q34698,adjective,0
http://www.wikidata.org/entity/L473370,adicionado,http://www.wikidata.org/entity/Q34698,adjective,0
http://www.wikidata.org/entity/L473374,adjunto,http://www.wikidata.org/entity/Q34698,adjective,0
http://www.wikidata.org/entity/L473375,administrado,http://www.wikidata.org/entity/Q34698,adjective,0
http://www.wikidata.org/entity/L473376,admirado,http://www.wikidata.org/entity/Q34698,adjective,0
http://www.wikidata.org/entity/L473377,admitido,http://www.wikidata.org/entity/Q34698,adjective,0
http://www.wikidata.org/entity/L473378,adoçante,http://www.wikidata.org/entity/Q34698,adjective,0
http://www.wikidata.org/entity/L473381,adoidado,http://www.wikidata.org/entity/Q34698,adjective,0
http://www.wikidata.org/entity/L473382,adorado,http://www.wikidata.org/entity/Q34698,adjective,0
http://www.wikidata.org/entity/L473383,adornado,http://www.wikidata.org/entity/Q34698,adjective,0
http://www.wikidata.org/entity/L473384,adquirido,http://www.wikidata.org/entity/Q34698,adjective,0
http://www.wikidata.org/entity/L473387,adstringente,http://www.wikidata.org/entity/Q34698,adjective,0
http://www.wikidata.org/entity/L473389,adulterado,http://www.wikidata.org/entity/Q34698,adjective,0
http://www.wikidata.org/entity/L473390,adúltero,http://www.wikidata.org/entity/Q34698,adjective,0
http://www.wikidata.org/entity/L473392,adventista,http://www.wikidata.org/entity/Q34698,adjective,0
http://www.wikidata.org/entity/L473393,adversário,http://www.wikidata.org/entity/Q34698,adjective,0
http://www.wikidata.org/entity/L473394,advertido,http://www.wikidata.org/entity/Q34698,adjective,0
http://www.wikidata.org/entity/L474529,calado,http://www.wikidata.org/entity/Q34698,adjective,0
http://www.wikidata.org/entity/L474532,diverso,http://www.wikidata.org/entity/Q34698,adjective,0
http://www.wikidata.org/entity/L474539,lavado,http://www.wikidata.org/entity/Q34698,adjective,0
http://www.wikidata.org/entity/L474540,planificado,http://www.wikidata.org/entity/Q34698,adjective,0
http://www.wikidata.org/entity/L474541,plastificado,http://www.wikidata.org/entity/Q34698,adjective,0
http://www.wikidata.org/entity/L474542,diversificado,http://www.wikidata.org/entity/Q34698,adjective,0
http://www.wikidata.org/entity/L474543,erradicado,http://www.wikidata.org/entity/Q34698,adjective,0
http://www.wikidata.org/entity/L474545,chileno,http://www.wikidata.org/entity/Q34698,adjective,0
http://www.wikidata.org/entity/L474548,entretido,http://www.wikidata.org/entity/Q34698,adjective,0
http://www.wikidata.org/entity/L474550,fincado,http://www.wikidata.org/entity/Q34698,adjective,0
http://www.wikidata.org/entity/L474551,mudado,http://www.wikidata.org/entity/Q34698,adjective,0
http://www.wikidata.org/entity/L474552,modificado,http://www.wikidata.org/entity/Q34698,adjective,0
http://www.wikidata.org/entity/L474553,vencido,http://www.wikidata.org/entity/Q34698,adjective,0
http://www.wikidata.org/entity/L474554,visitado,http://www.wikidata.org/entity/Q34698,adjective,0
http://www.wikidata.org/entity/L474556,ventilado,http://www.wikidata.org/entity/Q34698,adjective,0
http://www.wikidata.org/entity/L474557,beijado,http://www.wikidata.org/entity/Q34698,adjective,0
http://www.wikidata.org/entity/L474559,abocanhado,http://www.wikidata.org/entity/Q34698,adjective,0
http://www.wikidata.org/entity/L474562,atrofiado,http://www.wikidata.org/entity/Q34698,adjective,0
http://www.wikidata.org/entity/L474563,atestado,http://www.wikidata.org/entity/Q34698,adjective,0
http://www.wikidata.org/entity/L474564,atacado,http://www.wikidata.org/entity/Q34698,adjective,0
http://www.wikidata.org/entity/L671242,frívolo,http://www.wikidata.org/entity/Q34698,adjective,0
http://www.wikidata.org/entity/L671832,impecável,http://www.wikidata.org/entity/Q34698,adjective,0
http://www.wikidata.org/entity/L671834,efemeridade,http://www.wikidata.org/entity/Q1084,noun,0
http://www.wikidata.org/entity/L671843,desviar,http://www.wikidata.org/entity/Q24905,verb,0
http://www.wikidata.org/entity/L671851,enfrentar,http://www.wikidata.org/entity/Q24905,verb,0
http://www.wikidata.org/entity/L672627,processar,http://www.wikidata.org/entity/Q24905,verb,0
http://www.wikidata.org/entity/L672630,árabe,http://www.wikidata.org/entity/Q34698,adjective,0
http://www.wikidata.org/entity/L674375,recuperar,http://www.wikidata.org/entity/Q24905,verb,0
http://www.wikidata.org/entity/L674384,pagar,http://www.wikidata.org/entity/Q24905,verb,0
http://www.wikidata.org/entity/L677442,executivo,http://www.wikidata.org/entity/Q34698,adjective,0
http://www.wikidata.org/entity/L677443,similar,http://www.wikidata.org/entity/Q34698,adjective,0
http://www.wikidata.org/entity/L677444,exibido,http://www.wikidata.org/entity/Q34698,adjective,0
http://www.wikidata.org/entity/L677450,popularidade,http://www.wikidata.org/entity/Q1084,noun,0
http://www.wikidata.org/entity/L677455,naval,http://www.wikidata.org/entity/Q34698,adjective,0
http://www.wikidata.org/entity/L677460,cardeal,http://www.wikidata.org/entity/Q34698,adjective,0
http://www.wikidata.org/entity/L1483344,compositor,http://www.wikidata.org/entity/Q1084,noun,0
http://www.wikidata.org/entity/L1483345,mensagem,http://www.wikidata.org/entity/Q1084,noun,0
http://www.wikidata.org/entity/L1483346,significado,http://www.wikidata.org/entity/Q1084,noun,0
http://www.wikidata.org/entity/L1483347,videoclipe,http://www.wikidata.org/entity/Q1084,noun,0
http://www.wikidata.org/entity/L1483348,procura,http://www.wikidata.org/entity/Q1084,noun,0
http://www.wikidata.org/entity/L1483349,elevado,http://www.wikidata.org/entity/Q34698,adjective,0
http://www.wikidata.org/entity/L1483350,policial,http://www.wikidata.org/entity/Q1084,noun,0
http://www.wikidata.org/entity/L901225,vixe,http://www.wikidata.org/entity/Q83034,interjection,0
http://www.wikidata.org/entity/L901515,virgem,http://www.wikidata.org/entity/Q34698,adjective,0
http://www.wikidata.org/entity/L983863,calma,http://www.wikidata.org/entity/Q1084,noun,0
http://www.wikidata.org/entity/L995062,-idade,http://www.wikidata.org/entity/Q102047,suffix,0
http://www.wikidata.org/entity/L995079,-fóbico,http://www.wikidata.org/entity/Q102047,suffix,0
http://www.wikidata.org/entity/L995081,-fílico,http://www.wikidata.org/entity/Q102047,suffix,0
http://www.wikidata.org/entity/L1477154,Zamp,http://www.wikidata.org/entity/Q1084,noun,0
http://www.wikidata.org/entity/L1482409,fonoaudiologia,http://www.wikidata.org/entity/Q1084,noun,0
http://www.wikidata.org/entity/L1483341,controle,http://www.wikidata.org/entity/Q1084,noun,0
http://www.wikidata.org/entity/L1483342,estréia,http://www.wikidata.org/entity/Q1084,noun,0
http://www.wikidata.org/entity/L1483343,máximo,http://www.wikidata.org/entity/Q34698,adjective,0
http://www.wikidata.org/entity/L474566,assumido,http://www.wikidata.org/entity/Q34698,adjective,0
http://www.wikidata.org/entity/L474567,amassado,http://www.wikidata.org/entity/Q34698,adjective,0
http://www.wikidata.org/entity/L474568,amaciado,http://www.wikidata.org/entity/Q34698,adjective,0
http://www.wikidata.org/entity/L474572,amigado,http://www.wikidata.org/entity/Q34698,adjective,0
http://www.wikidata.org/entity/L474573,amostrado,http://www.wikidata.org/entity/Q34698,adjective,0
http://www.wikidata.org/entity/L474574,martelado,http://www.wikidata.org/entity/Q34698,adjective,0
http://www.wikidata.org/entity/L474575,mórbido,http://www.wikidata.org/entity/Q34698,adjective,0
http://www.wikidata.org/entity/L474579,dominado,http://www.wikidata.org/entity/Q34698,adjective,0
http://www.wikidata.org/entity/L474587,fraco,http://www.wikidata.org/entity/Q34698,adjective,0
http://www.wikidata.org/entity/L474589,financiado,http://www.wikidata.org/entity/Q34698,adjective,0
http://www.wikidata.org/entity/L474590,formado,http://www.wikidata.org/entity/Q34698,adjective,0
http://www.wikidata.org/entity/L474594,filiado,http://www.wikidata.org/entity/Q34698,adjective,0
http://www.wikidata.org/entity/L474595,ganhado,http://www.wikidata.org/entity/Q34698,adjective,0
http://www.wikidata.org/entity/L474596,globalizado,http://www.wikidata.org/entity/Q34698,adjective,0
http://www.wikidata.org/entity/L474597,guiado,http://www.wikidata.org/entity/Q34698,adjective,0
http://www.wikidata.org/entity/L474598,gostado,http://www.wikidata.org/entity/Q34698,adjective,0
http://www.wikidata.org/entity/L474599,gastado,http://www.wikidata.org/entity/Q34698,adjective,0
http://www.wikidata.org/entity/L474600,gravado,http://www.wikidata.org/entity/Q34698,adjective,0
http://www.wikidata.org/entity/L474601,grafitado,http://www.wikidata.org/entity/Q34698,adjective,0
http://www.wikidata.org/entity/L474602,graduado,http://www.wikidata.org/entity/Q34698,adjective,0
http://www.wikidata.org/entity/L474603,garantido,http://www.wikidata.org/entity/Q34698,adjective,0
http://www.wikidata.org/entity/L474605,ratificado,http://www.wikidata.org/entity/Q34698,adjective,0
http://www.wikidata.org/entity/L474606,regido,http://www.wikidata.org/entity/Q34698,adjective,0
http://www.wikidata.org/entity/L474607,ridicularizado,http://www.wikidata.org/entity/Q34698,adjective,0
http://www.wikidata.org/entity/L474611,roubado,http://www.wikidata.org/entity/Q34698,adjective,0
http://www.wikidata.org/entity/L474613,rubro,http://www.wikidata.org/entity/Q34698,adjective,0
http://www.wikidata.org/entity/L474616,rotatório,http://www.wikidata.org/entity/Q34698,adjective,0
http://www.wikidata.org/entity/L474617,raso,http://www.wikidata.org/entity/Q34698,adjective,0
http://www.wikidata.org/entity/L474619,requerido,http://www.wikidata.org/entity/Q34698,adjective,0
http://www.wikidata.org/entity/L474620,rotulado,http://www.wikidata.org/entity/Q34698,adjective,0
http://www.wikidata.org/entity/L474624,povoado,http://www.wikidata.org/entity/Q34698,adjective,0
http://www.wikidata.org/entity/L474626,pregado,http://www.wikidata.org/entity/Q34698,adjective,0
http://www.wikidata.org/entity/L474627,pedido,http://www.wikidata.org/entity/Q34698,adjective,0
http://www.wikidata.org/entity/L474630,patrono,http://www.wikidata.org/entity/Q34698,adjective,0
http://www.wikidata.org/entity/L474631,picado,http://www.wikidata.org/entity/Q34698,adjective,0
http://www.wikidata.org/entity/L474633,perpetuado,http://www.wikidata.org/entity/Q34698,adjective,0
http://www.wikidata.org/entity/L474639,cremado,http://www.wikidata.org/entity/Q34698,adjective,0
http://www.wikidata.org/entity/L474641,cortado,http://www.wikidata.org/entity/Q34698,adjective,0
http://www.wikidata.org/entity/L474643,cismado,http://www.wikidata.org/entity/Q34698,adjective,0
http://www.wikidata.org/entity/L474646,sexuado,http://www.wikidata.org/entity/Q34698,adjective,0
http://www.wikidata.org/entity/L474647,semeado,http://www.wikidata.org/entity/Q34698,adjective,0
http://www.wikidata.org/entity/L474649,socado,http://www.wikidata.org/entity/Q34698,adjective,0
http://www.wikidata.org/entity/L474650,sombreado,http://www.wikidata.org/entity/Q34698,adjective,0
http://www.wikidata.org/entity/L474651,religioso,http://www.wikidata.org/entity/Q34698,adjective,0
http://www.wikidata.org/entity/L474652,varrido,http://www.wikidata.org/entity/Q34698,adjective,0
http://www.wikidata.org/entity/L474655,velado,http://www.wikidata.org/entity/Q34698,adjective,0
http://www.wikidata.org/entity/L474659,cultuado,http://www.wikidata.org/entity/Q34698,adjective,0
http://www.wikidata.org/entity/L474663,cretino,http://www.wikidata.org/entity/Q34698,adjective,0
http://www.wikidata.org/entity/L474695,atolado,http://www.wikidata.org/entity/Q34698,adjective,0
http://www.wikidata.org/entity/L474699,altivo,http://www.wikidata.org/entity/Q34698,adjective,0
http://www.wikidata.org/entity/L474700,atropelado,http://www.wikidata.org/entity/Q34698,adjective,0
http://www.wikidata.org/entity/L474701,naufragado,http://www.wikidata.org/entity/Q34698,adjective,0
http://www.wikidata.org/entity/L447165,programa,http://www.wikidata.org/entity/Q1084,noun,0
http://www.wikidata.org/entity/L447182,pacote,http://www.wikidata.org/entity/Q1084,noun,0
http://www.wikidata.org/entity/L447186,tostão,http://www.wikidata.org/entity/Q1084,noun,0
http://www.wikidata.org/entity/L447198,palavreado,http://www.wikidata.org/entity/Q1084,noun,0
http://www.wikidata.org/entity/L447201,comandante,http://www.wikidata.org/entity/Q1084,noun,0
http://www.wikidata.org/entity/L447230,filamento,http://www.wikidata.org/entity/Q1084,noun,0
http://www.wikidata.org/entity/L447251,acervo,http://www.wikidata.org/entity/Q1084,noun,0
http://www.wikidata.org/entity/L558224,oriente,http://www.wikidata.org/entity/Q1084,noun,0
http://www.wikidata.org/entity/L558226,prédio,http://www.wikidata.org/entity/Q1084,noun,0
http://www.wikidata.org/entity/L558227,golpe,http://www.wikidata.org/entity/Q1084,noun,0
http://www.wikidata.org/entity/L558234,mosteiro,http://www.wikidata.org/entity/Q1084,noun,0
http://www.wikidata.org/entity/L558236,turno,http://www.wikidata.org/entity/Q1084,noun,0
http://www.wikidata.org/entity/L558249,conquistar,http://www.wikidata.org/entity/Q24905,verb,0
http://www.wikidata.org/entity/L558251,faltar,http://www.wikidata.org/entity/Q24905,verb,0
http://www.wikidata.org/entity/L561191,realizar,http://www.wikidata.org/entity/Q24905,verb,0
http://www.wikidata.org/entity/L561195,ajudar,http://www.wikidata.org/entity/Q24905,verb,0
http://www.wikidata.org/entity/L561196,orientar,http://www.wikidata.org/entity/Q24905,verb,0
http://www.wikidata.org/entity/L561203,guardar,http://www.wikidata.org/entity/Q24905,verb,0
http://www.wikidata.org/entity/L561263,promover,http://www.wikidata.org/entity/Q24905,verb,0
http://www.wikidata.org/entity/L562417,aliado,http://www.wikidata.org/entity/Q34698,adjective,0
http://www.wikidata.org/entity/L562418,rodado,http://www.wikidata.org/entity/Q34698,adjective,0
http://www.wikidata.org/entity/L562421,escolhido,http://www.wikidata.org/entity/Q34698,adjective,0
http://www.wikidata.org/entity/L562422,contratado,http://www.wikidata.org/entity/Q34698,adjective,0
http://www.wikidata.org/entity/L562430,médico,http://www.wikidata.org/entity/Q34698,adjective,0
http://www.wikidata.org/entity/L562431,contrário,http://www.wikidata.org/entity/Q34698,adjective,0
http://www.wikidata.org/entity/L1483351,ascensão,http://www.wikidata.org/entity/Q1084,noun,0
http://www.wikidata.org/entity/L1483352,equivalente,http://www.wikidata.org/entity/Q34698,adjective,0
http://www.wikidata.org/entity/L1483353,candidato,http://www.wikidata.org/entity/Q1084,noun,0
http://www.wikidata.org/entity/L1483354,libertação,http://www.wikidata.org/entity/Q1084,noun,0
http://www.wikidata.org/entity/L1483355,profundidade,http://www.wikidata.org/entity/Q1084,noun,0
http://www.wikidata.org/entity/L1483356,opção,http://www.wikidata.org/entity/Q1084,noun,0
http://www.wikidata.org/entity/L1483357,visitantes,http://www.wikidata.org/entity/Q1084,noun,0
http://www.wikidata.org/entity/L1483358,rebelde,http://www.wikidata.org/entity/Q34698,adjective,0
http://www.wikidata.org/entity/L1483359,sucessão,http://www.wikidata.org/entity/Q1084,noun,0
http://www.wikidata.org/entity/L1483361,discussão,http://www.wikidata.org/entity/Q1084,noun,0
http://www.wikidata.org/entity/L1483362,pobre,http://www.wikidata.org/entity/Q34698,adjective,0
http://www.wikidata.org/entity/L1483363,inauguração,http://www.wikidata.org/entity/Q1084,noun,0
http://www.wikidata.org/entity/L1483364,familiar,http://www.wikidata.org/entity/Q34698,adjective,0
http://www.wikidata.org/entity/L1483365,paixão,http://www.wikidata.org/entity/Q1084,noun,0
http://www.wikidata.org/entity/L1483366,supremo,http://www.wikidata.org/entity/Q34698,adjective,0
http://www.wikidata.org/entity/L1483367,dimensão,http://www.wikidata.org/entity/Q1084,noun,0
http://www.wikidata.org/entity/L1483368,fator,http://www.wikidata.org/entity/Q1084,noun,0
http://www.wikidata.org/entity/L1483369,sessão,http://www.wikidata.org/entity/Q1084,noun,0
http://www.wikidata.org/entity/L1483370,seminário,http://www.wikidata.org/entity/Q1084,noun,0
http://www.wikidata.org/entity/L1483371,oferta,http://www.wikidata.org/entity/Q1084,noun,0
http://www.wikidata.org/entity/L1483372,mínimo,http://www.wikidata.org/entity/Q34698,adjective,0
http://www.wikidata.org/entity/L1483374,posterior,http://www.wikidata.org/entity/Q34698,adjective,0
http://www.wikidata.org/entity/L1483375,largo,http://www.wikidata.org/entity/Q34698,adjective,0
http://www.wikidata.org/entity/L1483376,paciente,http://www.wikidata.org/entity/Q1084,noun,0
http://www.wikidata.org/entity/L1483377,ambiental,http://www.wikidata.org/entity/Q34698,adjective,0
http://www.wikidata.org/entity/L1483378,constitucional,http://www.wikidata.org/entity/Q34698,adjective,0
http://www.wikidata.org/entity/L1483379,metropolitano,http://www.wikidata.org/entity/Q34698,adjective,0
http://www.wikidata.org/entity/L1483380,tempestade,http://www.wikidata.org/entity/Q1084,noun,0
http://www.wikidata.org/entity/L1483381,integração,http://www.wikidata.org/entity/Q1084,noun,0
http://www.wikidata.org/entity/L1483385,base,http://www.wikidata.org/entity/Q1084,noun,0
http://www.wikidata.org/entity/L1483386,inicial,http://www.wikidata.org/entity/Q34698,adjective,0
http://www.wikidata.org/entity/L1483387,análise,http://www.wikidata.org/entity/Q1084,noun,0
http://www.wikidata.org/entity/L1483388,difícil,http://www.wikidata.org/entity/Q34698,adjective,0
http://www.wikidata.org/entity/L1483391,contato,http://www.wikidata.org/entity/Q1084,noun,0
http://www.wikidata.org/entity/L1483392,comum,http://www.wikidata.org/entity/Q34698,adjective,0
http://www.wikidata.org/entity/L1483393,jornalista,http://www.wikidata.org/entity/Q1084,noun,0
http://www.wikidata.org/entity/L1483396,titular,http://www.wikidata.org/entity/Q34698,adjective,0
http://www.wikidata.org/entity/L1483397,legislativo,http://www.wikidata.org/entity/Q34698,adjective,0
http://www.wikidata.org/entity/L1483398,item,http://www.wikidata.org/entity/Q1084,noun,0
http://www.wikidata.org/entity/L1483399,correspondente,http://www.wikidata.org/entity/Q34698,adjective,0
http://www.wikidata.org/entity/L1483400,combustível,http://www.wikidata.org/entity/Q1084,noun,0
http://www.wikidata.org/entity/L1483401,equilíbrio,http://www.wikidata.org/entity/Q1084,noun,0
http://www.wikidata.org/entity/L1483402,prisioneiro,http://www.wikidata.org/entity/Q1084,noun,0
http://www.wikidata.org/entity/L1483403,jarda,http://www.wikidata.org/entity/Q1084,noun,0
http://www.wikidata.org/entity/L1483404,muçulmano,http://www.wikidata.org/entity/Q1084,noun,0
http://www.wikidata.org/entity/L1483405,muçulmano,http://www.wikidata.org/entity/Q34698,adjective,0
http://www.wikidata.org/entity/L1483406,simples,http://www.wikidata.org/entity/Q34698,adjective,0
http://www.wikidata.org/entity/L1483407,particular,http://www.wikidata.org/entity/Q34698,adjective,0
http://www.wikidata.org/entity/L1483408,saída,http://www.wikidata.org/entity/Q1084,noun,0
http://www.wikidata.org/entity/L1483409,junto,http://www.wikidata.org/entity/Q34698,adjective,0
http://www.wikidata.org/entity/L1483410,junta,http://www.wikidata.org/entity/Q1084,noun,0
http://www.wikidata.org/entity/L1483411,alegre,http://www.wikidata.org/entity/Q34698,adjective,0
http://www.wikidata.org/entity/L1483412,piloto,http://www.wikidata.org/entity/Q1084,noun,0
http://www.wikidata.org/entity/L1483413,salvador,http://www.wikidata.org/entity/Q34698,adjective,0
http://www.wikidata.org/entity/L1483414,fora de controle,http://www.wikidata.org/entity/Q357760,adjectival locution,0
http://www.wikidata.org/entity/L1483415,forame,http://www.wikidata.org/entity/Q1084,noun,0
http://www.wikidata.org/entity/L1483416,óstio,http://www.wikidata.org/entity/Q1084,noun,0
http://www.wikidata.org/entity/L1483417,orifício,http://www.wikidata.org/entity/Q1084,noun,0
http://www.wikidata.org/entity/L1483418,sacro,http://www.wikidata.org/entity/Q1084,noun,0
http://www.wikidata.org/entity/L1483419,cérebro,http://www.wikidata.org/entity/Q1084,noun,0
http://www.wikidata.org/entity/L1483420,sulco,http://www.wikidata.org/entity/Q1084,noun,0
http://www.wikidata.org/entity/L1483439,preparação,http://www.wikidata.org/entity/Q1084,noun,0
http://www.wikidata.org/entity/L1483440,drama,http://www.wikidata.org/entity/Q1084,noun,0
http://www.wikidata.org/entity/L1483441,empate,http://www.wikidata.org/entity/Q1084,noun,0
http://www.wikidata.org/entity/L1483442,alma,http://www.wikidata.org/entity/Q1084,noun,0
http://www.wikidata.org/entity/L1483444,matriz,http://www.wikidata.org/entity/Q1084,noun,0
http://www.wikidata.org/entity/L1483445,legal,http://www.wikidata.org/entity/Q34698,adjective,0
http://www.wikidata.org/entity/L1483446,nobre,http://www.wikidata.org/entity/Q34698,adjective,0
http://www.wikidata.org/entity/L1483447,fácil,http://www.wikidata.org/entity/Q34698,adjective,0
http://www.wikidata.org/entity/L1483448,exceção,http://www.wikidata.org/entity/Q1084,noun,0
http://www.wikidata.org/entity/L1483449,recife,http://www.wikidata.org/entity/Q1084,noun,0
http://www.wikidata.org/entity/L1483450,rival,http://www.wikidata.org/entity/Q34698,adjective,0
http://www.wikidata.org/entity/L1483452,enredo,http://www.wikidata.org/entity/Q1084,noun,0
http://www.wikidata.org/entity/L1483453,solar,http://www.wikidata.org/entity/Q34698,adjective,0
http://www.wikidata.org/entity/L1483454,performance,http://www.wikidata.org/entity/Q1084,noun,0
http://www.wikidata.org/entity/L1483455,regular,http://www.wikidata.org/entity/Q34698,adjective,0
http://www.wikidata.org/entity/L1483456,maioria,http://www.wikidata.org/entity/Q1084,noun,0
http://www.wikidata.org/entity/L1483680,incisura,http://www.wikidata.org/entity/Q1084,noun,0
http://www.wikidata.org/entity/L1483681,cartilagem,http://www.wikidata.org/entity/Q1084,noun,0
http://www.wikidata.org/entity/L1483682,nervura,http://www.wikidata.org/entity/Q1084,noun,0
http://www.wikidata.org/entity/L1483683,córnea,http://www.wikidata.org/entity/Q1084,noun,0
http://www.wikidata.org/entity/L1483684,lipase,http://www.wikidata.org/entity/Q1084,noun,0
http://www.wikidata.org/entity/L1483685,extremidade,http://www.wikidata.org/entity/Q1084,noun,0
http://www.wikidata.org/entity/L1483686,dobra,http://www.wikidata.org/entity/Q1084,noun,0
http://www.wikidata.org/entity/L1483687,rima,http://www.wikidata.org/entity/Q1084,noun,0
http://www.wikidata.org/entity/L1483688,comissura,http://www.wikidata.org/entity/Q1084,noun,0
http://www.wikidata.org/entity/L1483689,fissura,http://www.wikidata.org/entity/Q1084,noun,0
http://www.wikidata.org/entity/L1483690,fáscie,http://www.wikidata.org/entity/Q1084,noun,0
http://www.wikidata.org/entity/L1483692,costeleta,http://www.wikidata.org/entity/Q1084,noun,0
http://www.wikidata.org/entity/L474706,negado,http://www.wikidata.org/entity/Q34698,adjective,0
http://www.wikidata.org/entity/L474710,gerado,http://www.wikidata.org/entity/Q34698,adjective,0
http://www.wikidata.org/entity/L474712,riscado,http://www.wikidata.org/entity/Q34698,adjective,0
http://www.wikidata.org/entity/L474713,premiado,http://www.wikidata.org/entity/Q34698,adjective,0
http://www.wikidata.org/entity/L474715,punido,http://www.wikidata.org/entity/Q34698,adjective,0
http://www.wikidata.org/entity/L474716,penalizado,http://www.wikidata.org/entity/Q34698,adjective,0
http://www.wikidata.org/entity/L474717,silenciado,http://www.wikidata.org/entity/Q34698,adjective,0
http://www.wikidata.org/entity/L474722,tocado,http://www.wikidata.org/entity/Q34698,adjective,0
http://www.wikidata.org/entity/L474723,grampeado,http://www.wikidata.org/entity/Q34698,adjective,0
http://www.wikidata.org/entity/L474724,minerado,http://www.wikidata.org/entity/Q34698,adjective,0
http://www.wikidata.org/entity/L474725,extraído,http://www.wikidata.org/entity/Q34698,adjective,0
http://www.wikidata.org/entity/L474726,descoberto,http://www.wikidata.org/entity/Q34698,adjective,0
http://www.wikidata.org/entity/L474727,tingido,http://www.wikidata.org/entity/Q34698,adjective,0
http://www.wikidata.org/entity/L474773,afastado,http://www.wikidata.org/entity/Q34698,adjective,0
http://www.wikidata.org/entity/L474775,aferido,http://www.wikidata.org/entity/Q34698,adjective,0
http://www.wikidata.org/entity/L474776,afetado,http://www.wikidata.org/entity/Q34698,adjective,0
http://www.wikidata.org/entity/L474778,afetuoso,http://www.wikidata.org/entity/Q34698,adjective,0
http://www.wikidata.org/entity/L474785,afilado,http://www.wikidata.org/entity/Q34698,adjective,0
http://www.wikidata.org/entity/L474788,afogueado,http://www.wikidata.org/entity/Q34698,adjective,0
http://www.wikidata.org/entity/L474789,afoito,http://www.wikidata.org/entity/Q34698,adjective,0
http://www.wikidata.org/entity/L474790,afortunado,http://www.wikidata.org/entity/Q34698,adjective,0
http://www.wikidata.org/entity/L474792,afrodisíaco,http://www.wikidata.org/entity/Q34698,adjective,0
http://www.wikidata.org/entity/L474793,afrontado,http://www.wikidata.org/entity/Q34698,adjective,0
http://www.wikidata.org/entity/L474795,afunilado,http://www.wikidata.org/entity/Q34698,adjective,0
http://www.wikidata.org/entity/L474797,agarrado,http://www.wikidata.org/entity/Q34698,adjective,0
http://www.wikidata.org/entity/L474798,agasalhado,http://www.wikidata.org/entity/Q34698,adjective,0
http://www.wikidata.org/entity/L474799,agigantado,http://www.wikidata.org/entity/Q34698,adjective,0
http://www.wikidata.org/entity/L475996,aglomerado,http://www.wikidata.org/entity/Q34698,adjective,0
http://www.wikidata.org/entity/L475998,agraciado,http://www.wikidata.org/entity/Q34698,adjective,0
http://www.wikidata.org/entity/L476005,aguacento,http://www.wikidata.org/entity/Q34698,adjective,0
http://www.wikidata.org/entity/L476006,aguçado,http://www.wikidata.org/entity/Q34698,adjective,0
http://www.wikidata.org/entity/L476007,agudo,http://www.wikidata.org/entity/Q34698,adjective,0
http://www.wikidata.org/entity/L476009,ajoelhado,http://www.wikidata.org/entity/Q34698,adjective,0
http://www.wikidata.org/entity/L476010,ajuizado,http://www.wikidata.org/entity/Q34698,adjective,0
http://www.wikidata.org/entity/L476013,aladroado,http://www.wikidata.org/entity/Q34698,adjective,0
http://www.wikidata.org/entity/L476014,alagado,http://www.wikidata.org/entity/Q34698,adjective,0
http://www.wikidata.org/entity/L476016,alargado,http://www.wikidata.org/entity/Q34698,adjective,0
http://www.wikidata.org/entity/L476017,alarmado,http://www.wikidata.org/entity/Q34698,adjective,0
http://www.wikidata.org/entity/L476018,alastrado,http://www.wikidata.org/entity/Q34698,adjective,0
http://www.wikidata.org/entity/L476023,alavancado,http://www.wikidata.org/entity/Q34698,adjective,0
http://www.wikidata.org/entity/L476026,alçado,http://www.wikidata.org/entity/Q34698,adjective,0
http://www.wikidata.org/entity/L476030,alegado,http://www.wikidata.org/entity/Q34698,adjective,0
http://www.wikidata.org/entity/L476032,alentado,http://www.wikidata.org/entity/Q34698,adjective,0
http://www.wikidata.org/entity/L476033,alfabetizado,http://www.wikidata.org/entity/Q34698,adjective,0
http://www.wikidata.org/entity/L476034,alfanumérico,http://www.wikidata.org/entity/Q34698,adjective,0
http://www.wikidata.org/entity/L476036,alforriado,http://www.wikidata.org/entity/Q34698,adjective,0
http://www.wikidata.org/entity/L476037,algarvio,http://www.wikidata.org/entity/Q34698,adjective,0
http://www.wikidata.org/entity/L476038,alheado,http://www.wikidata.org/entity/Q34698,adjective,0
http://www.wikidata.org/entity/L476039,alienado,http://www.wikidata.org/entity/Q34698,adjective,0
http://www.wikidata.org/entity/L476218,dum,http://www.wikidata.org/entity/Q126473,contraction,0
http://www.wikidata.org/entity/L476940,aliviado,http://www.wikidata.org/entity/Q34698,adjective,0
http://www.wikidata.org/entity/L476941,almofadado,http://www.wikidata.org/entity/Q34698,adjective,0
http://www.wikidata.org/entity/L476942,alojado,http://www.wikidata.org/entity/Q34698,adjective,0
http://www.wikidata.org/entity/L476943,alongado,http://www.wikidata.org/entity/Q34698,adjective,0
http://www.wikidata.org/entity/L476944,alterno,http://www.wikidata.org/entity/Q34698,adjective,0
http://www.wikidata.org/entity/L476945,alteroso,http://www.wikidata.org/entity/Q34698,adjective,0
http://www.wikidata.org/entity/L476948,aluado,http://www.wikidata.org/entity/Q34698,adjective,0
http://www.wikidata.org/entity/L476949,alucinado,http://www.wikidata.org/entity/Q34698,adjective,0
http://www.wikidata.org/entity/L476951,alusivo,http://www.wikidata.org/entity/Q34698,adjective,0
http://www.wikidata.org/entity/L476952,alvejado,http://www.wikidata.org/entity/Q34698,adjective,0
http://www.wikidata.org/entity/L476953,amaldiçoado,http://www.wikidata.org/entity/Q34698,adjective,0
http://www.wikidata.org/entity/L476954,amanteigado,http://www.wikidata.org/entity/Q34698,adjective,0
http://www.wikidata.org/entity/L476957,amarrado,http://www.wikidata.org/entity/Q34698,adjective,0
http://www.wikidata.org/entity/L476958,amarrotado,http://www.wikidata.org/entity/Q34698,adjective,0
http://www.wikidata.org/entity/L476959,ambicioso,http://www.wikidata.org/entity/Q34698,adjective,0
http://www.wikidata.org/entity/L476960,amazônico,http://www.wikidata.org/entity/Q34698,adjective,0
http://www.wikidata.org/entity/L476961,ambidestro,http://www.wikidata.org/entity/Q34698,adjective,0
http://www.wikidata.org/entity/L476962,ambíguo,http://www.wikidata.org/entity/Q34698,adjective,0
http://www.wikidata.org/entity/L476963,ameaçado,http://www.wikidata.org/entity/Q34698,adjective,0
http://www.wikidata.org/entity/L476964,amendoado,http://www.wikidata.org/entity/Q34698,adjective,0
http://www.wikidata.org/entity/L562423,dado,http://www.wikidata.org/entity/Q34698,adjective,0
http://www.wikidata.org/entity/L447762,passagem,http://www.wikidata.org/entity/Q1084,noun,0
http://www.wikidata.org/entity/L447774,merreca,http://www.wikidata.org/entity/Q1084,noun,0
http://www.wikidata.org/entity/L447783,predefinição,http://www.wikidata.org/entity/Q1084,noun,0
http://www.wikidata.org/entity/L447790,comuna,http://www.wikidata.org/entity/Q1084,noun,0
http://www.wikidata.org/entity/L447809,tigela,http://www.wikidata.org/entity/Q1084,noun,0
http://www.wikidata.org/entity/L447830,sinalização,http://www.wikidata.org/entity/Q1084,noun,0
http://www.wikidata.org/entity/L580336,camiseta,http://www.wikidata.org/entity/Q1084,noun,0
http://www.wikidata.org/entity/L584823,tabuísmo,http://www.wikidata.org/entity/Q1084,noun,0
http://www.wikidata.org/entity/L593741,treinado,http://www.wikidata.org/entity/Q34698,adjective,0
http://www.wikidata.org/entity/L593742,restaurado,http://www.wikidata.org/entity/Q34698,adjective,0
http://www.wikidata.org/entity/L593746,manobra,http://www.wikidata.org/entity/Q1084,noun,0
http://www.wikidata.org/entity/L593749,estudioso,http://www.wikidata.org/entity/Q34698,adjective,0
http://www.wikidata.org/entity/L593750,escocês,http://www.wikidata.org/entity/Q34698,adjective,0
http://www.wikidata.org/entity/L593751,embaixada,http://www.wikidata.org/entity/Q1084,noun,0
http://www.wikidata.org/entity/L661425,estudioso,http://www.wikidata.org/entity/Q1084,noun,0
http://www.wikidata.org/entity/L618872,na mão do palhaço,http://www.wikidata.org/entity/Q184511,idiom,0
http://www.wikidata.org/entity/L620487,denominado,http://www.wikidata.org/entity/Q34698,adjective,0
http://www.wikidata.org/entity/L1491478,plano,http://www.wikidata.org/entity/Q34698,adjective,0
http://www.wikidata.org/entity/L1490547,úmero,http://www.wikidata.org/entity/Q1084,noun,0
http://www.wikidata.org/entity/L1490549,ílio,http://www.wikidata.org/entity/Q1084,noun,0
http://www.wikidata.org/entity/L1490550,vertebral,http://www.wikidata.org/entity/Q34698,adjective,0
http://www.wikidata.org/entity/L1490552,vômer,http://www.wikidata.org/entity/Q1084,noun,0
http://www.wikidata.org/entity/L1490553,ulna,http://www.wikidata.org/entity/Q1084,noun,0
http://www.wikidata.org/entity/L1490554,tórax,http://www.wikidata.org/entity/Q1084,noun,0
http://www.wikidata.org/entity/L1490555,trocânter,http://www.wikidata.org/entity/Q1084,noun,0
http://www.wikidata.org/entity/L1490556,temporal,http://www.wikidata.org/entity/Q34698,adjective,0
http://www.wikidata.org/entity/L1490557,tarso,http://www.wikidata.org/entity/Q1084,noun,0
http://www.wikidata.org/entity/L1490558,supranumerário,http://www.wikidata.org/entity/Q34698,adjective,0
http://www.wikidata.org/entity/L1490559,semilunar,http://www.wikidata.org/entity/Q34698,adjective,0
http://www.wikidata.org/entity/L1490560,sacral,http://www.wikidata.org/entity/Q34698,adjective,0
http://www.wikidata.org/entity/L1490561,rótula,http://www.wikidata.org/entity/Q1084,noun,0
http://www.wikidata.org/entity/L1490562,quadril,http://www.wikidata.org/entity/Q1084,noun,0
http://www.wikidata.org/entity/L1490563,púbis,http://www.wikidata.org/entity/Q1084,noun,0
http://www.wikidata.org/entity/L1490564,pélvis,http://www.wikidata.org/entity/Q1084,noun,0
http://www.wikidata.org/entity/L1490565,pélvico,http://www.wikidata.org/entity/Q34698,adjective,0
http://www.wikidata.org/entity/L1490566,punho,http://www.wikidata.org/entity/Q1084,noun,0
http://www.wikidata.org/entity/L1490567,proximal,http://www.wikidata.org/entity/Q34698,adjective,0
http://www.wikidata.org/entity/L1490569,pisiforme,http://www.wikidata.org/entity/Q34698,adjective,0
http://www.wikidata.org/entity/L1490570,piramidal,http://www.wikidata.org/entity/Q34698,adjective,0
http://www.wikidata.org/entity/L1490571,patela,http://www.wikidata.org/entity/Q1084,noun,0
http://www.wikidata.org/entity/L1490572,parietal,http://www.wikidata.org/entity/Q34698,adjective,0
http://www.wikidata.org/entity/L1490573,palatino,http://www.wikidata.org/entity/Q34698,adjective,0
http://www.wikidata.org/entity/L1490575,occipital,http://www.wikidata.org/entity/Q34698,adjective,0
http://www.wikidata.org/entity/L1490576,negrito,http://www.wikidata.org/entity/Q1084,noun,0
http://www.wikidata.org/entity/L1490577,navicular,http://www.wikidata.org/entity/Q34698,adjective,0
http://www.wikidata.org/entity/L1490578,metatarsal,http://www.wikidata.org/entity/Q34698,adjective,0
http://www.wikidata.org/entity/L1490579,metacarpo,http://www.wikidata.org/entity/Q1084,noun,0
http://www.wikidata.org/entity/L1490580,medial,http://www.wikidata.org/entity/Q34698,adjective,0
http://www.wikidata.org/entity/L1490581,maxilar,http://www.wikidata.org/entity/Q1084,noun,0
http://www.wikidata.org/entity/L1490582,maxilar,http://www.wikidata.org/entity/Q34698,adjective,0
http://www.wikidata.org/entity/L1490583,mandíbula,http://www.wikidata.org/entity/Q1084,noun,0
http://www.wikidata.org/entity/L1490584,lombar,http://www.wikidata.org/entity/Q34698,adjective,0
http://www.wikidata.org/entity/L1490585,lateral,http://www.wikidata.org/entity/Q1084,noun,0
http://www.wikidata.org/entity/L1490586,lateral,http://www.wikidata.org/entity/Q34698,adjective,0
http://www.wikidata.org/entity/L1490587,lacrimal,http://www.wikidata.org/entity/Q34698,adjective,0
http://www.wikidata.org/entity/L1490588,intermédio,http://www.wikidata.org/entity/Q1084,noun,0
http://www.wikidata.org/entity/L1490589,infantil,http://www.wikidata.org/entity/Q34698,adjective,0
http://www.wikidata.org/entity/L1490590,fíbula,http://www.wikidata.org/entity/Q1084,noun,0
http://www.wikidata.org/entity/L1490591,fêmur,http://www.wikidata.org/entity/Q1084,noun,0
http://www.wikidata.org/entity/L1490593,falange,http://www.wikidata.org/entity/Q1084,noun,0
http://www.wikidata.org/entity/L1490594,etmoide,http://www.wikidata.org/entity/Q1084,noun,0
http://www.wikidata.org/entity/L1490595,estribo,http://www.wikidata.org/entity/Q1084,noun,0
http://www.wikidata.org/entity/L1490597,esqueleto,http://www.wikidata.org/entity/Q1084,noun,0
http://www.wikidata.org/entity/L1490598,esfenoide,http://www.wikidata.org/entity/Q1084,noun,0
http://www.wikidata.org/entity/L1490599,escápula,http://www.wikidata.org/entity/Q1084,noun,0
http://www.wikidata.org/entity/L1490600,escapular,http://www.wikidata.org/entity/Q34698,adjective,0
http://www.wikidata.org/entity/L1490601,escafoide,http://www.wikidata.org/entity/Q34698,adjective,0
http://www.wikidata.org/entity/L1490602,distal,http://www.wikidata.org/entity/Q34698,adjective,0
http://www.wikidata.org/entity/L1490603,cúbito,http://www.wikidata.org/entity/Q1084,noun,0
http://www.wikidata.org/entity/L1490605,cuneiforme,http://www.wikidata.org/entity/Q34698,adjective,0
http://www.wikidata.org/entity/L1490606,cuboide,http://www.wikidata.org/entity/Q34698,adjective,0
http://www.wikidata.org/entity/L1490607,complemento,http://www.wikidata.org/entity/Q1084,noun,0
http://www.wikidata.org/entity/L1490608,coccígeo,http://www.wikidata.org/entity/Q34698,adjective,0
http://www.wikidata.org/entity/L1490609,clavícula,http://www.wikidata.org/entity/Q1084,noun,0
http://www.wikidata.org/entity/L1490610,cervical,http://www.wikidata.org/entity/Q34698,adjective,0
http://www.wikidata.org/entity/L1490611,carpo,http://www.wikidata.org/entity/Q1084,noun,0
http://www.wikidata.org/entity/L1490612,calcâneo,http://www.wikidata.org/entity/Q1084,noun,0
http://www.wikidata.org/entity/L1490613,bigorna,http://www.wikidata.org/entity/Q1084,noun,0
http://www.wikidata.org/entity/L1490614,axial,http://www.wikidata.org/entity/Q34698,adjective,0
http://www.wikidata.org/entity/L1490615,apendicular,http://www.wikidata.org/entity/Q34698,adjective,0
http://www.wikidata.org/entity/L1490616,adolescência,http://www.wikidata.org/entity/Q1084,noun,0
http://www.wikidata.org/entity/L1490617,cóccix,http://www.wikidata.org/entity/Q1084,noun,0
http://www.wikidata.org/entity/L1490618,congénito,http://www.wikidata.org/entity/Q34698,adjective,0
http://www.wikidata.org/entity/L1491455,abrasivo,http://www.wikidata.org/entity/Q34698,adjective,0
http://www.wikidata.org/entity/L1491456,côncavo,http://www.wikidata.org/entity/Q34698,adjective,0
http://www.wikidata.org/entity/L1491458,elite,http://www.wikidata.org/entity/Q1084,noun,0
http://www.wikidata.org/entity/L1491459,enterro,http://www.wikidata.org/entity/Q1084,noun,0
http://www.wikidata.org/entity/L1491461,fogueira,http://www.wikidata.org/entity/Q1084,noun,0
http://www.wikidata.org/entity/L1491462,focal,http://www.wikidata.org/entity/Q34698,adjective,0
http://www.wikidata.org/entity/L1491464,funerário,http://www.wikidata.org/entity/Q34698,adjective,0
http://www.wikidata.org/entity/L1491465,hematita,http://www.wikidata.org/entity/Q1084,noun,0
http://www.wikidata.org/entity/L1491466,ilmenita,http://www.wikidata.org/entity/Q1084,noun,0
http://www.wikidata.org/entity/L1491467,lúcido,http://www.wikidata.org/entity/Q34698,adjective,0
http://www.wikidata.org/entity/L1491468,magnetita,http://www.wikidata.org/entity/Q1084,noun,0
http://www.wikidata.org/entity/L1491469,metálico,http://www.wikidata.org/entity/Q34698,adjective,0
http://www.wikidata.org/entity/L1491471,oferenda,http://www.wikidata.org/entity/Q1084,noun,0
http://www.wikidata.org/entity/L1491472,olmeca,http://www.wikidata.org/entity/Q34698,adjective,0
http://www.wikidata.org/entity/L1491473,ornamento,http://www.wikidata.org/entity/Q1084,noun,0
http://www.wikidata.org/entity/L1491474,pacífico,http://www.wikidata.org/entity/Q34698,adjective,0
http://www.wikidata.org/entity/L1491475,parabólico,http://www.wikidata.org/entity/Q34698,adjective,0
http://www.wikidata.org/entity/L1491476,parafernália,http://www.wikidata.org/entity/Q1084,noun,0
http://www.wikidata.org/entity/L1491477,pirita,http://www.wikidata.org/entity/Q1084,noun,0
http://www.wikidata.org/entity/L447946,linque,http://www.wikidata.org/entity/Q1084,noun,0
http://www.wikidata.org/entity/L447856,tropeiro,http://www.wikidata.org/entity/Q1084,noun,0
http://www.wikidata.org/entity/L447867,cuco,http://www.wikidata.org/entity/Q1084,noun,0
http://www.wikidata.org/entity/L447889,jesuíta,http://www.wikidata.org/entity/Q1084,noun,0
http://www.wikidata.org/entity/L447894,anfitrião,http://www.wikidata.org/entity/Q1084,noun,0
http://www.wikidata.org/entity/L447933,patriota,http://www.wikidata.org/entity/Q1084,noun,0
http://www.wikidata.org/entity/L447944,insumo,http://www.wikidata.org/entity/Q1084,noun,0
http://www.wikidata.org/entity/L477297,estúdio,http://www.wikidata.org/entity/Q1084,noun,0
http://www.wikidata.org/entity/L477642,gritaria,http://www.wikidata.org/entity/Q1084,noun,0
http://www.wikidata.org/entity/L477643,extensão,http://www.wikidata.org/entity/Q1084,noun,0
http://www.wikidata.org/entity/L1491479,precisão,http://www.wikidata.org/entity/Q1084,noun,0
http://www.wikidata.org/entity/L1491480,refletor,http://www.wikidata.org/entity/Q34698,adjective,0
http://www.wikidata.org/entity/L1491481,reflexivo,http://www.wikidata.org/entity/Q34698,adjective,0
http://www.wikidata.org/entity/L1491482,retificação,http://www.wikidata.org/entity/Q1084,noun,0
http://www.wikidata.org/entity/L1491488,amniótico,http://www.wikidata.org/entity/Q34698,adjective,0
http://www.wikidata.org/entity/L1491489,anaeróbico,http://www.wikidata.org/entity/Q34698,adjective,0
http://www.wikidata.org/entity/L1491490,corporal,http://www.wikidata.org/entity/Q34698,adjective,0
http://www.wikidata.org/entity/L1491491,decomposição,http://www.wikidata.org/entity/Q1084,noun,0
http://www.wikidata.org/entity/L1491492,difusão,http://www.wikidata.org/entity/Q1084,noun,0
http://www.wikidata.org/entity/L1491493,elasticidade,http://www.wikidata.org/entity/Q1084,noun,0
http://www.wikidata.org/entity/L1491494,estrutural,http://www.wikidata.org/entity/Q34698,adjective,0
http://www.wikidata.org/entity/L1491495,etiologia,http://www.wikidata.org/entity/Q1084,noun,0
http://www.wikidata.org/entity/L1491496,exoenzima,http://www.wikidata.org/entity/Q1084,noun,0
http://www.wikidata.org/entity/L1491497,expulsão,http://www.wikidata.org/entity/Q1084,noun,0
http://www.wikidata.org/entity/L1491498,extrusão,http://www.wikidata.org/entity/Q1084,noun,0
http://www.wikidata.org/entity/L1491499,fetal,http://www.wikidata.org/entity/Q34698,adjective,0
http://www.wikidata.org/entity/L1491500,feto,http://www.wikidata.org/entity/Q1084,noun,0
http://www.wikidata.org/entity/L1491501,fluido,http://www.wikidata.org/entity/Q1084,noun,0
http://www.wikidata.org/entity/L1491502,forense,http://www.wikidata.org/entity/Q34698,adjective,0
http://www.wikidata.org/entity/L1491503,gravidez,http://www.wikidata.org/entity/Q1084,noun,0
http://www.wikidata.org/entity/L1491504,grávido,http://www.wikidata.org/entity/Q34698,adjective,0
http://www.wikidata.org/entity/L1491506,ingestão,http://www.wikidata.org/entity/Q1084,noun,0
http://www.wikidata.org/entity/L1491507,integridade,http://www.wikidata.org/entity/Q1084,noun,0
http://www.wikidata.org/entity/L1491508,intestinal,http://www.wikidata.org/entity/Q34698,adjective,0
http://www.wikidata.org/entity/L1491509,mecanismo,http://www.wikidata.org/entity/Q1084,noun,0
http://www.wikidata.org/entity/L1491510,membrana,http://www.wikidata.org/entity/Q1084,noun,0
http://www.wikidata.org/entity/L1491511,metabólico,http://www.wikidata.org/entity/Q34698,adjective,0
http://www.wikidata.org/entity/L1491512,necrose,http://www.wikidata.org/entity/Q1084,noun,0
http://www.wikidata.org/entity/L1491513,previsível,http://www.wikidata.org/entity/Q34698,adjective,0
http://www.wikidata.org/entity/L1491514,probabilidade,http://www.wikidata.org/entity/Q1084,noun,0
http://www.wikidata.org/entity/L1491515,rapidez,http://www.wikidata.org/entity/Q1084,noun,0
http://www.wikidata.org/entity/L1491516,recorrente,http://www.wikidata.org/entity/Q34698,adjective,0
http://www.wikidata.org/entity/L1491517,replicável,http://www.wikidata.org/entity/Q34698,adjective,0
http://www.wikidata.org/entity/L1491519,serendipidade,http://www.wikidata.org/entity/Q1084,noun,0
http://www.wikidata.org/entity/L1491520,sulfato,http://www.wikidata.org/entity/Q1084,noun,0
http://www.wikidata.org/entity/L1491521,tafonomia,http://www.wikidata.org/entity/Q1084,noun,0
http://www.wikidata.org/entity/L1491522,tronco,http://www.wikidata.org/entity/Q1084,noun,0
http://www.wikidata.org/entity/L1491523,vaginal,http://www.wikidata.org/entity/Q34698,adjective,0
http://www.wikidata.org/entity/L1491524,viável,http://www.wikidata.org/entity/Q34698,adjective,0
http://www.wikidata.org/entity/L1547149,geografia,http://www.wikidata.org/entity/Q1084,noun,0
http://www.wikidata.org/entity/L1548671,venerável,http://www.wikidata.org/entity/Q34698,adjective,0
http://www.wikidata.org/entity/L1548737,pesqueiro,http://www.wikidata.org/entity/Q34698,adjective,0
http://www.wikidata.org/entity/L1563665,alcatrão,http://www.wikidata.org/entity/Q1084,noun,0
http://www.wikidata.org/entity/L1563666,água benta,http://www.wikidata.org/entity/Q1084,noun,0
http://www.wikidata.org/entity/L1563667,aia,http://www.wikidata.org/entity/Q1084,noun,0
http://www.wikidata.org/entity/L1563668,alâmpada,http://www.wikidata.org/entity/Q1084,noun,0
http://www.wikidata.org/entity/L447963,disquete,http://www.wikidata.org/entity/Q1084,noun,0
http://www.wikidata.org/entity/L447971,avaliador,http://www.wikidata.org/entity/Q1084,noun,0
http://www.wikidata.org/entity/L447988,aventureiro,http://www.wikidata.org/entity/Q1084,noun,0
http://www.wikidata.org/entity/L448001,aparador,http://www.wikidata.org/entity/Q1084,noun,0
http://www.wikidata.org/entity/L620496,caráter,http://www.wikidata.org/entity/Q1084,noun,0
http://www.wikidata.org/entity/L620499,coronel,http://www.wikidata.org/entity/Q1084,noun,0
http://www.wikidata.org/entity/L630941,arquétipo,http://www.wikidata.org/entity/Q1084,noun,0
http://www.wikidata.org/entity/L639941,iniciativa,http://www.wikidata.org/entity/Q1084,noun,0
http://www.wikidata.org/entity/L639945,vaga,http://www.wikidata.org/entity/Q1084,noun,0
http://www.wikidata.org/entity/L639947,comitê,http://www.wikidata.org/entity/Q1084,noun,0
http://www.wikidata.org/entity/L639956,atlético,http://www.wikidata.org/entity/Q34698,adjective,0
http://www.wikidata.org/entity/L642147,oficina,http://www.wikidata.org/entity/Q1084,noun,0
http://www.wikidata.org/entity/L642834,termorregulador,http://www.wikidata.org/entity/Q34698,adjective,0
http://www.wikidata.org/entity/L642835,reconhecido,http://www.wikidata.org/entity/Q34698,adjective,0
http://www.wikidata.org/entity/L642841,aportuguesado,http://www.wikidata.org/entity/Q34698,adjective,0
http://www.wikidata.org/entity/L642844,classificado,http://www.wikidata.org/entity/Q34698,adjective,0
http://www.wikidata.org/entity/L642848,equipado,http://www.wikidata.org/entity/Q34698,adjective,0
http://www.wikidata.org/entity/L642849,erguido,http://www.wikidata.org/entity/Q34698,adjective,0
http://www.wikidata.org/entity/L479595,anotado,http://www.wikidata.org/entity/Q34698,adjective,0
http://www.wikidata.org/entity/L479596,ansiado,http://www.wikidata.org/entity/Q34698,adjective,0
http://www.wikidata.org/entity/L479598,antagônico,http://www.wikidata.org/entity/Q34698,adjective,0
http://www.wikidata.org/entity/L479599,antártico,http://www.wikidata.org/entity/Q34698,adjective,0
http://www.wikidata.org/entity/L479602,antialérgico,http://www.wikidata.org/entity/Q34698,adjective,0
http://www.wikidata.org/entity/L479603,antiaéreo,http://www.wikidata.org/entity/Q34698,adjective,0
http://www.wikidata.org/entity/L477673,suíça,http://www.wikidata.org/entity/Q1084,noun,0
http://www.wikidata.org/entity/L477677,montadora,http://www.wikidata.org/entity/Q1084,noun,0
http://www.wikidata.org/entity/L477678,beldade,http://www.wikidata.org/entity/Q1084,noun,0
http://www.wikidata.org/entity/L477684,leva,http://www.wikidata.org/entity/Q1084,noun,0
http://www.wikidata.org/entity/L477688,murada,http://www.wikidata.org/entity/Q1084,noun,0
http://www.wikidata.org/entity/L477693,brecha,http://www.wikidata.org/entity/Q1084,noun,0
http://www.wikidata.org/entity/L478260,trocado,http://www.wikidata.org/entity/Q34698,adjective,0
http://www.wikidata.org/entity/L478265,medido,http://www.wikidata.org/entity/Q34698,adjective,0
http://www.wikidata.org/entity/L478280,amistoso,http://www.wikidata.org/entity/Q34698,adjective,0
http://www.wikidata.org/entity/L478282,amolado,http://www.wikidata.org/entity/Q34698,adjective,0
http://www.wikidata.org/entity/L478284,amordaçado,http://www.wikidata.org/entity/Q34698,adjective,0
http://www.wikidata.org/entity/L478286,amorfo,http://www.wikidata.org/entity/Q34698,adjective,0
http://www.wikidata.org/entity/L478287,amortecido,http://www.wikidata.org/entity/Q34698,adjective,0
http://www.wikidata.org/entity/L478288,amparado,http://www.wikidata.org/entity/Q34698,adjective,0
http://www.wikidata.org/entity/L478289,ampliado,http://www.wikidata.org/entity/Q34698,adjective,0
http://www.wikidata.org/entity/L478290,amputado,http://www.wikidata.org/entity/Q34698,adjective,0
http://www.wikidata.org/entity/L478291,amurado,http://www.wikidata.org/entity/Q34698,adjective,0
http://www.wikidata.org/entity/L478295,analisado,http://www.wikidata.org/entity/Q34698,adjective,0
http://www.wikidata.org/entity/L479579,ancorado,http://www.wikidata.org/entity/Q34698,adjective,0
http://www.wikidata.org/entity/L479581,anelado,http://www.wikidata.org/entity/Q34698,adjective,0
http://www.wikidata.org/entity/L479583,anestésico,http://www.wikidata.org/entity/Q34698,adjective,0
http://www.wikidata.org/entity/L479587,anglicano,http://www.wikidata.org/entity/Q34698,adjective,0
http://www.wikidata.org/entity/L479588,anguloso,http://www.wikidata.org/entity/Q34698,adjective,0
http://www.wikidata.org/entity/L479589,anilado,http://www.wikidata.org/entity/Q34698,adjective,0
http://www.wikidata.org/entity/L479592,anímico,http://www.wikidata.org/entity/Q34698,adjective,0
http://www.wikidata.org/entity/L662263,maneira,http://www.wikidata.org/entity/Q1084,noun,0
http://www.wikidata.org/entity/L642854,moita,http://www.wikidata.org/entity/Q1084,noun,0
http://www.wikidata.org/entity/L643833,volta,http://www.wikidata.org/entity/Q1084,noun,0
http://www.wikidata.org/entity/L646317,"se a montanha não vem a Maomé, Maomé vai à montanha",http://www.wikidata.org/entity/Q35102,proverb,0
http://www.wikidata.org/entity/L646319,se,http://www.wikidata.org/entity/Q36484,conjunction,0
http://www.wikidata.org/entity/L647756,demonstrado,http://www.wikidata.org/entity/Q34698,adjective,0
http://www.wikidata.org/entity/L647770,preso,http://www.wikidata.org/entity/Q34698,adjective,0
http://www.wikidata.org/entity/L647773,falecido,http://www.wikidata.org/entity/Q34698,adjective,0
http://www.wikidata.org/entity/L647775,necessário,http://www.wikidata.org/entity/Q34698,adjective,0
http://www.wikidata.org/entity/L647780,seguido,http://www.wikidata.org/entity/Q34698,adjective,0
http://www.wikidata.org/entity/L647952,nauseabundo,http://www.wikidata.org/entity/Q34698,adjective,0
http://www.wikidata.org/entity/L647955,codificado,http://www.wikidata.org/entity/Q34698,adjective,0
http://www.wikidata.org/entity/L647958,mascarado,http://www.wikidata.org/entity/Q34698,adjective,0
http://www.wikidata.org/entity/L647960,retardado,http://www.wikidata.org/entity/Q34698,adjective,0
http://www.wikidata.org/entity/L647962,típico,http://www.wikidata.org/entity/Q34698,adjective,0
http://www.wikidata.org/entity/L647963,restrito,http://www.wikidata.org/entity/Q34698,adjective,0
http://www.wikidata.org/entity/L647964,focado,http://www.wikidata.org/entity/Q34698,adjective,0
http://www.wikidata.org/entity/L647965,finado,http://www.wikidata.org/entity/Q34698,adjective,0
http://www.wikidata.org/entity/L647966,atrevido,http://www.wikidata.org/entity/Q34698,adjective,0
http://www.wikidata.org/entity/L648255,tirar,http://www.wikidata.org/entity/Q24905,verb,0
http://www.wikidata.org/entity/L661409,produtor,http://www.wikidata.org/entity/Q1084,noun,0
http://www.wikidata.org/entity/L661414,fluminense,http://www.wikidata.org/entity/Q34698,adjective,0
http://www.wikidata.org/entity/L661416,sucessor,http://www.wikidata.org/entity/Q1084,noun,0
http://www.wikidata.org/entity/L661422,noviço,http://www.wikidata.org/entity/Q1084,noun,0
http://www.wikidata.org/entity/L662243,tipologia,http://www.wikidata.org/entity/Q1084,noun,0
http://www.wikidata.org/entity/L662246,lícito,http://www.wikidata.org/entity/Q34698,adjective,0
http://www.wikidata.org/entity/L662249,desastrado,http://www.wikidata.org/entity/Q34698,adjective,0
http://www.wikidata.org/entity/L448165,entregador,http://www.wikidata.org/entity/Q1084,noun,0
http://www.wikidata.org/entity/L448169,feitor,http://www.wikidata.org/entity/Q1084,noun,0
http://www.wikidata.org/entity/L448174,trampo,http://www.wikidata.org/entity/Q1084,noun,0
http://www.wikidata.org/entity/L448208,burguês,http://www.wikidata.org/entity/Q1084,noun,0
http://www.wikidata.org/entity/L448231,trâmite,http://www.wikidata.org/entity/Q1084,noun,0
http://www.wikidata.org/entity/L448233,frigorífico,http://www.wikidata.org/entity/Q1084,noun,0
http://www.wikidata.org/entity/L448235,relançamento,http://www.wikidata.org/entity/Q1084,noun,0
http://www.wikidata.org/entity/L479605,antiético,http://www.wikidata.org/entity/Q34698,adjective,0
http://www.wikidata.org/entity/L479607,antipático,http://www.wikidata.org/entity/Q34698,adjective,0
http://www.wikidata.org/entity/L480195,anulado,http://www.wikidata.org/entity/Q34698,adjective,0
http://www.wikidata.org/entity/L480196,anunciado,http://www.wikidata.org/entity/Q34698,adjective,0
http://www.wikidata.org/entity/L480198,apagado,http://www.wikidata.org/entity/Q34698,adjective,0
http://www.wikidata.org/entity/L480199,apaixonado,http://www.wikidata.org/entity/Q34698,adjective,0
http://www.wikidata.org/entity/L480200,apalpado,http://www.wikidata.org/entity/Q34698,adjective,0
http://www.wikidata.org/entity/L493236,atestado,http://www.wikidata.org/entity/Q1084,noun,0
http://www.wikidata.org/entity/L493256,trocado,http://www.wikidata.org/entity/Q1084,noun,0
http://www.wikidata.org/entity/L493257,achado,http://www.wikidata.org/entity/Q1084,noun,0
http://www.wikidata.org/entity/L562427,público,http://www.wikidata.org/entity/Q34698,adjective,0
http://www.wikidata.org/entity/L483554,aparatoso,http://www.wikidata.org/entity/Q34698,adjective,0
http://www.wikidata.org/entity/L483555,aparentado,http://www.wikidata.org/entity/Q34698,adjective,0
http://www.wikidata.org/entity/L483556,apatetado,http://www.wikidata.org/entity/Q34698,adjective,0
http://www.wikidata.org/entity/L483559,apelidado,http://www.wikidata.org/entity/Q34698,adjective,0
http://www.wikidata.org/entity/L483560,aperfeiçoado,http://www.wikidata.org/entity/Q34698,adjective,0
http://www.wikidata.org/entity/L483561,apertado,http://www.wikidata.org/entity/Q34698,adjective,0
http://www.wikidata.org/entity/L483564,apinhado,http://www.wikidata.org/entity/Q34698,adjective,0
http://www.wikidata.org/entity/L483565,aplando,http://www.wikidata.org/entity/Q34698,adjective,0
http://www.wikidata.org/entity/L483566,aplaudido,http://www.wikidata.org/entity/Q34698,adjective,0
http://www.wikidata.org/entity/L483567,aplicado,http://www.wikidata.org/entity/Q34698,adjective,0
http://www.wikidata.org/entity/L490718,ao,http://www.wikidata.org/entity/Q126473,contraction,0
http://www.wikidata.org/entity/L493212,desembargador,http://www.wikidata.org/entity/Q1084,noun,0
http://www.wikidata.org/entity/L493217,lóbulo,http://www.wikidata.org/entity/Q1084,noun,0
http://www.wikidata.org/entity/L493219,módulo,http://www.wikidata.org/entity/Q1084,noun,0
http://www.wikidata.org/entity/L493232,reduto,http://www.wikidata.org/entity/Q1084,noun,0
http://www.wikidata.org/entity/L662286,olímpico,http://www.wikidata.org/entity/Q34698,adjective,0
http://www.wikidata.org/entity/L662298,disponível,http://www.wikidata.org/entity/Q34698,adjective,0
http://www.wikidata.org/entity/L662300,situado,http://www.wikidata.org/entity/Q34698,adjective,0
http://www.wikidata.org/entity/L662301,enviado,http://www.wikidata.org/entity/Q34698,adjective,0
http://www.wikidata.org/entity/L662416,global,http://www.wikidata.org/entity/Q34698,adjective,0
http://www.wikidata.org/entity/L662418,integrante,http://www.wikidata.org/entity/Q34698,adjective,0
http://www.wikidata.org/entity/L662544,recente,http://www.wikidata.org/entity/Q34698,adjective,0
http://www.wikidata.org/entity/L662549,igual,http://www.wikidata.org/entity/Q34698,adjective,0
http://www.wikidata.org/entity/L662598,irmandade,http://www.wikidata.org/entity/Q1084,noun,0
http://www.wikidata.org/entity/L662599,iniquidade,http://www.wikidata.org/entity/Q1084,noun,0
http://www.wikidata.org/entity/L662604,múltiplo,http://www.wikidata.org/entity/Q34698,adjective,0
http://www.wikidata.org/entity/L662620,hereditário,http://www.wikidata.org/entity/Q34698,adjective,0
http://www.wikidata.org/entity/L662627,binariedade,http://www.wikidata.org/entity/Q1084,noun,0
http://www.wikidata.org/entity/L662636,temperado,http://www.wikidata.org/entity/Q34698,adjective,0
http://www.wikidata.org/entity/L662641,natalidade,http://www.wikidata.org/entity/Q1084,noun,0
http://www.wikidata.org/entity/L662642,mortalidade,http://www.wikidata.org/entity/Q1084,noun,0
http://www.wikidata.org/entity/L662647,protestante,http://www.wikidata.org/entity/Q34698,adjective,0
http://www.wikidata.org/entity/L662648,ameríndio,http://www.wikidata.org/entity/Q34698,adjective,0
http://www.wikidata.org/entity/L662652,dignidade,http://www.wikidata.org/entity/Q1084,noun,0
http://www.wikidata.org/entity/L448438,compressa,http://www.wikidata.org/entity/Q1084,noun,0
http://www.wikidata.org/entity/L493247,tetraplégico,http://www.wikidata.org/entity/Q1084,noun,0
http://www.wikidata.org/entity/L493248,internamento,http://www.wikidata.org/entity/Q1084,noun,0
http://www.wikidata.org/entity/L493258,aposentadoria,http://www.wikidata.org/entity/Q1084,noun,0
http://www.wikidata.org/entity/L494110,unido,http://www.wikidata.org/entity/Q34698,adjective,0
http://www.wikidata.org/entity/L494111,lançado,http://www.wikidata.org/entity/Q34698,adjective,0
http://www.wikidata.org/entity/L494113,usado,http://www.wikidata.org/entity/Q34698,adjective,0
http://www.wikidata.org/entity/L494115,nomeado,http://www.wikidata.org/entity/Q34698,adjective,0
http://www.wikidata.org/entity/L494116,criado,http://www.wikidata.org/entity/Q34698,adjective,0
http://www.wikidata.org/entity/L494118,redirecionado,http://www.wikidata.org/entity/Q34698,adjective,0
http://www.wikidata.org/entity/L494119,disponibilizado,http://www.wikidata.org/entity/Q34698,adjective,0
http://www.wikidata.org/entity/L494120,estruturado,http://www.wikidata.org/entity/Q34698,adjective,0
http://www.wikidata.org/entity/L494121,realizado,http://www.wikidata.org/entity/Q34698,adjective,0
http://www.wikidata.org/entity/L494122,utilizado,http://www.wikidata.org/entity/Q34698,adjective,0
http://www.wikidata.org/entity/L494124,publicado,http://www.wikidata.org/entity/Q34698,adjective,0
http://www.wikidata.org/entity/L494129,produzido,http://www.wikidata.org/entity/Q34698,adjective,0
http://www.wikidata.org/entity/L494130,fundado,http://www.wikidata.org/entity/Q34698,adjective,0
http://www.wikidata.org/entity/L494133,apresentado,http://www.wikidata.org/entity/Q34698,adjective,0
http://www.wikidata.org/entity/L494135,substituído,http://www.wikidata.org/entity/Q34698,adjective,0
http://www.wikidata.org/entity/L494136,colocado,http://www.wikidata.org/entity/Q34698,adjective,0
http://www.wikidata.org/entity/L495294,agnição,http://www.wikidata.org/entity/Q1084,noun,0
http://www.wikidata.org/entity/L497169,astro,http://www.wikidata.org/entity/Q1084,noun,0
http://www.wikidata.org/entity/L497175,ministério,http://www.wikidata.org/entity/Q1084,noun,0
http://www.wikidata.org/entity/L497185,tope,http://www.wikidata.org/entity/Q1084,noun,0
http://www.wikidata.org/entity/L497187,torrão,http://www.wikidata.org/entity/Q1084,noun,0
http://www.wikidata.org/entity/L497189,trapeiro,http://www.wikidata.org/entity/Q1084,noun,0
http://www.wikidata.org/entity/L497197,vínculo,http://www.wikidata.org/entity/Q1084,noun,0
http://www.wikidata.org/entity/L497198,terraço,http://www.wikidata.org/entity/Q1084,noun,0
http://www.wikidata.org/entity/L499913,neutralização,http://www.wikidata.org/entity/Q1084,noun,0
http://www.wikidata.org/entity/L499925,liga,http://www.wikidata.org/entity/Q1084,noun,0
http://www.wikidata.org/entity/L499928,enfiada,http://www.wikidata.org/entity/Q1084,noun,0
http://www.wikidata.org/entity/L499929,desventura,http://www.wikidata.org/entity/Q1084,noun,0
http://www.wikidata.org/entity/L499934,chocadeira,http://www.wikidata.org/entity/Q1084,noun,0
http://www.wikidata.org/entity/L499938,munheca,http://www.wikidata.org/entity/Q1084,noun,0
http://www.wikidata.org/entity/L499939,moenda,http://www.wikidata.org/entity/Q1084,noun,0
http://www.wikidata.org/entity/L499942,célula-tronco,http://www.wikidata.org/entity/Q1084,noun,0
http://www.wikidata.org/entity/L499945,cabina,http://www.wikidata.org/entity/Q1084,noun,0
http://www.wikidata.org/entity/L499947,borralheira,http://www.wikidata.org/entity/Q1084,noun,0
http://www.wikidata.org/entity/L499949,bordadeira,http://www.wikidata.org/entity/Q1084,noun,0
http://www.wikidata.org/entity/L499950,bolachada,http://www.wikidata.org/entity/Q1084,noun,0
http://www.wikidata.org/entity/L499952,biquadrada,http://www.wikidata.org/entity/Q1084,noun,0
http://www.wikidata.org/entity/L499958,queijadinha,http://www.wikidata.org/entity/Q1084,noun,0
http://www.wikidata.org/entity/L499964,rebarba,http://www.wikidata.org/entity/Q1084,noun,0
http://www.wikidata.org/entity/L499965,recarga,http://www.wikidata.org/entity/Q1084,noun,0
http://www.wikidata.org/entity/L499969,sega,http://www.wikidata.org/entity/Q1084,noun,0
http://www.wikidata.org/entity/L499973,turmalina,http://www.wikidata.org/entity/Q1084,noun,0
http://www.wikidata.org/entity/L499975,oliveira,http://www.wikidata.org/entity/Q1084,noun,0
http://www.wikidata.org/entity/L499977,parreira,http://www.wikidata.org/entity/Q1084,noun,0
http://www.wikidata.org/entity/L500612,formação,http://www.wikidata.org/entity/Q1084,noun,0
http://www.wikidata.org/entity/L669678,defender,http://www.wikidata.org/entity/Q24905,verb,0
http://www.wikidata.org/entity/L664579,dificuldade,http://www.wikidata.org/entity/Q1084,noun,0
http://www.wikidata.org/entity/L664582,assistência,http://www.wikidata.org/entity/Q1084,noun,0
http://www.wikidata.org/entity/L664589,intervenção,http://www.wikidata.org/entity/Q1084,noun,0
http://www.wikidata.org/entity/L667141,permitir,http://www.wikidata.org/entity/Q24905,verb,0
http://www.wikidata.org/entity/L669002,fava,http://www.wikidata.org/entity/Q1084,noun,0
http://www.wikidata.org/entity/L669424,indireto,http://www.wikidata.org/entity/Q34698,adjective,0
http://www.wikidata.org/entity/L669425,administrativo,http://www.wikidata.org/entity/Q34698,adjective,0
http://www.wikidata.org/entity/L669426,paróquia,http://www.wikidata.org/entity/Q1084,noun,0
http://www.wikidata.org/entity/L669427,associado,http://www.wikidata.org/entity/Q34698,adjective,0
http://www.wikidata.org/entity/L669432,retirada,http://www.wikidata.org/entity/Q1084,noun,0
http://www.wikidata.org/entity/L669435,estabelecimento,http://www.wikidata.org/entity/Q1084,noun,0
http://www.wikidata.org/entity/L669444,dono,http://www.wikidata.org/entity/Q1084,noun,0
http://www.wikidata.org/entity/L669473,consumar,http://www.wikidata.org/entity/Q24905,verb,0
http://www.wikidata.org/entity/L669643,cotação,http://www.wikidata.org/entity/Q1084,noun,0
http://www.wikidata.org/entity/L669650,onde,http://www.wikidata.org/entity/Q36484,conjunction,0
http://www.wikidata.org/entity/L669655,durante,http://www.wikidata.org/entity/Q4833830,preposition,0
http://www.wikidata.org/entity/L669659,já,http://www.wikidata.org/entity/Q380057,adverb,0
http://www.wikidata.org/entity/L669667,primitivo,http://www.wikidata.org/entity/Q34698,adjective,0
http://www.wikidata.org/entity/L669668,primário,http://www.wikidata.org/entity/Q34698,adjective,0
http://www.wikidata.org/entity/L669670,saturado,http://www.wikidata.org/entity/Q34698,adjective,0
http://www.wikidata.org/entity/L669673,vestígio,http://www.wikidata.org/entity/Q1084,noun,0
http://www.wikidata.org/entity/L669685,revidar,http://www.wikidata.org/entity/Q24905,verb,0
http://www.wikidata.org/entity/L669687,consultar,http://www.wikidata.org/entity/Q24905,verb,0
http://www.wikidata.org/entity/L669688,gastar,http://www.wikidata.org/entity/Q24905,verb,0
http://www.wikidata.org/entity/L669689,garantir,http://www.wikidata.org/entity/Q24905,verb,0
http://www.wikidata.org/entity/L669692,dificultar,http://www.wikidata.org/entity/Q24905,verb,0
http://www.wikidata.org/entity/L669697,ceder,http://www.wikidata.org/entity/Q24905,verb,0
http://www.wikidata.org/entity/L669698,ceifar,http://www.wikidata.org/entity/Q24905,verb,0
http://www.wikidata.org/entity/L669702,perigar,http://www.wikidata.org/entity/Q24905,verb,0
http://www.wikidata.org/entity/L669704,descuidar,http://www.wikidata.org/entity/Q24905,verb,0
http://www.wikidata.org/entity/L669709,fornicar,http://www.wikidata.org/entity/Q24905,verb,0
http://www.wikidata.org/entity/L669711,subestimar,http://www.wikidata.org/entity/Q24905,verb,0
http://www.wikidata.org/entity/L669712,lutar,http://www.wikidata.org/entity/Q24905,verb,0
http://www.wikidata.org/entity/L669713,luxar,http://www.wikidata.org/entity/Q24905,verb,0
http://www.wikidata.org/entity/L669715,interdepender,http://www.wikidata.org/entity/Q24905,verb,0
http://www.wikidata.org/entity/L669716,interditar,http://www.wikidata.org/entity/Q24905,verb,0
http://www.wikidata.org/entity/L669727,indicar,http://www.wikidata.org/entity/Q24905,verb,0
http://www.wikidata.org/entity/L669730,travar,http://www.wikidata.org/entity/Q24905,verb,0
http://www.wikidata.org/entity/L669739,incondicional,http://www.wikidata.org/entity/Q34698,adjective,0
http://www.wikidata.org/entity/L669740,vareta,http://www.wikidata.org/entity/Q1084,noun,0
http://www.wikidata.org/entity/L669749,abastecedor,http://www.wikidata.org/entity/Q34698,adjective,0
http://www.wikidata.org/entity/L669873,soprar,http://www.wikidata.org/entity/Q24905,verb,0
http://www.wikidata.org/entity/L669877,subornar,http://www.wikidata.org/entity/Q24905,verb,0
http://www.wikidata.org/entity/L669878,urrar,http://www.wikidata.org/entity/Q24905,verb,0
http://www.wikidata.org/entity/L669881,despreocupar,http://www.wikidata.org/entity/Q24905,verb,0
http://www.wikidata.org/entity/L669887,conjugar,http://www.wikidata.org/entity/Q24905,verb,0
http://www.wikidata.org/entity/L669889,conspirar,http://www.wikidata.org/entity/Q24905,verb,0
http://www.wikidata.org/entity/L669891,drogar,http://www.wikidata.org/entity/Q24905,verb,0
http://www.wikidata.org/entity/L669892,dotar,http://www.wikidata.org/entity/Q24905,verb,0
http://www.wikidata.org/entity/L669896,sabotar,http://www.wikidata.org/entity/Q24905,verb,0
http://www.wikidata.org/entity/L669902,resolver,http://www.wikidata.org/entity/Q24905,verb,0
http://www.wikidata.org/entity/L669903,rescindir,http://www.wikidata.org/entity/Q24905,verb,0
http://www.wikidata.org/entity/L669908,zarpar,http://www.wikidata.org/entity/Q24905,verb,0
http://www.wikidata.org/entity/L669910,vislumbrar,http://www.wikidata.org/entity/Q24905,verb,0
http://www.wikidata.org/entity/L669923,ditar,http://www.wikidata.org/entity/Q24905,verb,0
http://www.wikidata.org/entity/L669924,divagar,http://www.wikidata.org/entity/Q24905,verb,0
http://www.wikidata.org/entity/L669932,pontuar,http://www.wikidata.org/entity/Q24905,verb,0
http://www.wikidata.org/entity/L669939,suspeitar,http://www.wikidata.org/entity/Q24905,verb,0
http://www.wikidata.org/entity/L669946,banquetear,http://www.wikidata.org/entity/Q24905,verb,0
http://www.wikidata.org/entity/L669948,baratear,http://www.wikidata.org/entity/Q24905,verb,0
http://www.wikidata.org/entity/L669953,rivalizar,http://www.wikidata.org/entity/Q24905,verb,0
http://www.wikidata.org/entity/L669954,rodear,http://www.wikidata.org/entity/Q24905,verb,0
http://www.wikidata.org/entity/L669955,roncar,http://www.wikidata.org/entity/Q24905,verb,0
http://www.wikidata.org/entity/L669960,sediar,http://www.wikidata.org/entity/Q24905,verb,0
http://www.wikidata.org/entity/L669965,sonegar,http://www.wikidata.org/entity/Q24905,verb,0
http://www.wikidata.org/entity/L669970,suceder,http://www.wikidata.org/entity/Q24905,verb,0
http://www.wikidata.org/entity/L669972,apitar,http://www.wikidata.org/entity/Q24905,verb,0
http://www.wikidata.org/entity/L669975,apreender,http://www.wikidata.org/entity/Q24905,verb,0
http://www.wikidata.org/entity/L670172,replicar,http://www.wikidata.org/entity/Q24905,verb,0
http://www.wikidata.org/entity/L670177,retificar,http://www.wikidata.org/entity/Q24905,verb,0
http://www.wikidata.org/entity/L670178,resumir,http://www.wikidata.org/entity/Q24905,verb,0
http://www.wikidata.org/entity/L670180,transitar,http://www.wikidata.org/entity/Q24905,verb,0
http://www.wikidata.org/entity/L670182,transliterar,http://www.wikidata.org/entity/Q24905,verb,0
http://www.wikidata.org/entity/L670183,tremer,http://www.wikidata.org/entity/Q24905,verb,0
http://www.wikidata.org/entity/L670185,unificar,http://www.wikidata.org/entity/Q24905,verb,0
http://www.wikidata.org/entity/L670190,estruturar,http://www.wikidata.org/entity/Q24905,verb,0
http://www.wikidata.org/entity/L670194,engrossar,http://www.wikidata.org/entity/Q24905,verb,0
http://www.wikidata.org/entity/L670195,enguiçar,http://www.wikidata.org/entity/Q24905,verb,0
http://www.wikidata.org/entity/L670196,enricar,http://www.wikidata.org/entity/Q24905,verb,0
http://www.wikidata.org/entity/L670199,corromper,http://www.wikidata.org/entity/Q24905,verb,0
http://www.wikidata.org/entity/L670203,brigar,http://www.wikidata.org/entity/Q24905,verb,0
http://www.wikidata.org/entity/L670204,bobear,http://www.wikidata.org/entity/Q24905,verb,0
http://www.wikidata.org/entity/L670208,atrelar,http://www.wikidata.org/entity/Q24905,verb,0
http://www.wikidata.org/entity/L670216,abater,http://www.wikidata.org/entity/Q24905,verb,0
http://www.wikidata.org/entity/L670217,abdicar,http://www.wikidata.org/entity/Q24905,verb,0
http://www.wikidata.org/entity/L670218,apressar,http://www.wikidata.org/entity/Q24905,verb,0
